representation,rep,seed,target,family,val_accuracy,val_balanced_accuracy,val_auc,val_log_loss,test_accuracy,test_balanced_accuracy,test_auc,test_log_loss,val_r2,val_mae,val_spearman,test_r2,test_mae,test_spearman
raw window (160d),raw,20260814,direction_1,linear,0.5445544554455446,0.5262317591084714,0.5368010984449341,0.6995336863890406,0.5298804780876494,0.5168582375478927,0.5207335568326947,0.7057064858051616,,,,,,
raw window (160d),raw,20260814,direction_1,gbdt,0.5148514851485149,0.4967988632372194,0.5195421017338826,0.7286867033349841,0.5398406374501992,0.528544061302682,0.5243574393358876,0.7325104746756254,,,,,,
raw window (160d),raw,20260814,direction_1,mlp,0.5485148514851486,0.528123702781237,0.5573809751891944,0.717825918625796,0.5219123505976095,0.5100574712643677,0.4991219667943806,0.7263783833637995,,,,,,
raw window (160d),raw,20260814,magnitude_1,linear,,,,,,,,,0.3062075315526649,0.6656110367726962,0.3873282604812096,0.0104753380810854,0.5407963737018369,0.3249194034265147
raw window (160d),raw,20260814,magnitude_1,gbdt,,,,,,,,,0.3206052741276817,0.6438899129542421,0.4923530666502926,0.0763210566078264,0.5284407228132881,0.3588453061427162
raw window (160d),raw,20260814,magnitude_1,mlp,,,,,,,,,0.179323917100843,0.6922217674561213,0.3590736797066434,-0.0707289429590782,0.5733240137198623,0.2416643221363568
raw window (160d),raw,20260814,vol_20,linear,,,,,,,,,0.3393606757668627,0.6206503081463834,0.4699392299478395,0.3796492482466701,0.332780224112701,0.5688249709125731
raw window (160d),raw,20260814,vol_20,gbdt,,,,,,,,,0.0930902238495257,0.7162793857172186,0.5633372654035591,0.2884100298264345,0.3516651059536139,0.5859980923971884
raw window (160d),raw,20260814,vol_20,mlp,,,,,,,,,0.0864923414223705,0.7245657172223758,0.4070632839681484,0.0576496682164394,0.4175757776671008,0.4470166583751072
raw window (160d),raw,111,direction_1,linear,0.5445544554455446,0.5262317591084714,0.5368010984449341,0.6995336863890406,0.5298804780876494,0.5168582375478927,0.5207335568326947,0.7057064858051616,,,,,,
raw window (160d),raw,111,direction_1,gbdt,0.5148514851485149,0.4967988632372194,0.5195421017338826,0.7286867033349841,0.5398406374501992,0.528544061302682,0.5243574393358876,0.7325104746756254,,,,,,
raw window (160d),raw,111,direction_1,mlp,0.5485148514851486,0.528123702781237,0.5573809751891944,0.717825918625796,0.5219123505976095,0.5100574712643677,0.4991219667943806,0.7263783833637995,,,,,,
raw window (160d),raw,111,magnitude_1,linear,,,,,,,,,0.3062075315526649,0.6656110367726962,0.3873282604812096,0.0104753380810854,0.5407963737018369,0.3249194034265147
raw window (160d),raw,111,magnitude_1,gbdt,,,,,,,,,0.3206052741276817,0.6438899129542421,0.4923530666502926,0.0763210566078264,0.5284407228132881,0.3588453061427162
raw window (160d),raw,111,magnitude_1,mlp,,,,,,,,,0.179323917100843,0.6922217674561213,0.3590736797066434,-0.0707289429590782,0.5733240137198623,0.2416643221363568
raw window (160d),raw,111,vol_20,linear,,,,,,,,,0.3393606757668627,0.6206503081463834,0.4699392299478395,0.3796492482466701,0.332780224112701,0.5688249709125731
raw window (160d),raw,111,vol_20,gbdt,,,,,,,,,0.0930902238495257,0.7162793857172186,0.5633372654035591,0.2884100298264345,0.3516651059536139,0.5859980923971884
raw window (160d),raw,111,vol_20,mlp,,,,,,,,,0.0864923414223705,0.7245657172223758,0.4070632839681484,0.0576496682164394,0.4175757776671008,0.4470166583751072
raw window (160d),raw,222,direction_1,linear,0.5445544554455446,0.5262317591084714,0.5368010984449341,0.6995336863890406,0.5298804780876494,0.5168582375478927,0.5207335568326947,0.7057064858051616,,,,,,
raw window (160d),raw,222,direction_1,gbdt,0.5148514851485149,0.4967988632372194,0.5195421017338826,0.7286867033349841,0.5398406374501992,0.528544061302682,0.5243574393358876,0.7325104746756254,,,,,,
raw window (160d),raw,222,direction_1,mlp,0.5485148514851486,0.528123702781237,0.5573809751891944,0.717825918625796,0.5219123505976095,0.5100574712643677,0.4991219667943806,0.7263783833637995,,,,,,
raw window (160d),raw,222,magnitude_1,linear,,,,,,,,,0.3062075315526649,0.6656110367726962,0.3873282604812096,0.0104753380810854,0.5407963737018369,0.3249194034265147
raw window (160d),raw,222,magnitude_1,gbdt,,,,,,,,,0.3206052741276817,0.6438899129542421,0.4923530666502926,0.0763210566078264,0.5284407228132881,0.3588453061427162
raw window (160d),raw,222,magnitude_1,mlp,,,,,,,,,0.179323917100843,0.6922217674561213,0.3590736797066434,-0.0707289429590782,0.5733240137198623,0.2416643221363568
raw window (160d),raw,222,vol_20,linear,,,,,,,,,0.3393606757668627,0.6206503081463834,0.4699392299478395,0.3796492482466701,0.332780224112701,0.5688249709125731
raw window (160d),raw,222,vol_20,gbdt,,,,,,,,,0.0930902238495257,0.7162793857172186,0.5633372654035591,0.2884100298264345,0.3516651059536139,0.5859980923971884
raw window (160d),raw,222,vol_20,mlp,,,,,,,,,0.0864923414223705,0.7245657172223758,0.4070632839681484,0.0576496682164394,0.4175757776671008,0.4470166583751072
raw window (160d),raw,333,direction_1,linear,0.5445544554455446,0.5262317591084714,0.5368010984449341,0.6995336863890406,0.5298804780876494,0.5168582375478927,0.5207335568326947,0.7057064858051616,,,,,,
raw window (160d),raw,333,direction_1,gbdt,0.5148514851485149,0.4967988632372194,0.5195421017338826,0.7286867033349841,0.5398406374501992,0.528544061302682,0.5243574393358876,0.7325104746756254,,,,,,
raw window (160d),raw,333,direction_1,mlp,0.5485148514851486,0.528123702781237,0.5573809751891944,0.717825918625796,0.5219123505976095,0.5100574712643677,0.4991219667943806,0.7263783833637995,,,,,,
raw window (160d),raw,333,magnitude_1,linear,,,,,,,,,0.3062075315526649,0.6656110367726962,0.3873282604812096,0.0104753380810854,0.5407963737018369,0.3249194034265147
raw window (160d),raw,333,magnitude_1,gbdt,,,,,,,,,0.3206052741276817,0.6438899129542421,0.4923530666502926,0.0763210566078264,0.5284407228132881,0.3588453061427162
raw window (160d),raw,333,magnitude_1,mlp,,,,,,,,,0.179323917100843,0.6922217674561213,0.3590736797066434,-0.0707289429590782,0.5733240137198623,0.2416643221363568
raw window (160d),raw,333,vol_20,linear,,,,,,,,,0.3393606757668627,0.6206503081463834,0.4699392299478395,0.3796492482466701,0.332780224112701,0.5688249709125731
raw window (160d),raw,333,vol_20,gbdt,,,,,,,,,0.0930902238495257,0.7162793857172186,0.5633372654035591,0.2884100298264345,0.3516651059536139,0.5859980923971884
raw window (160d),raw,333,vol_20,mlp,,,,,,,,,0.0864923414223705,0.7245657172223758,0.4070632839681484,0.0576496682164394,0.4175757776671008,0.4470166583751072
raw window (160d),raw,444,direction_1,linear,0.5445544554455446,0.5262317591084714,0.5368010984449341,0.6995336863890406,0.5298804780876494,0.5168582375478927,0.5207335568326947,0.7057064858051616,,,,,,
raw window (160d),raw,444,direction_1,gbdt,0.5148514851485149,0.4967988632372194,0.5195421017338826,0.7286867033349841,0.5398406374501992,0.528544061302682,0.5243574393358876,0.7325104746756254,,,,,,
raw window (160d),raw,444,direction_1,mlp,0.5485148514851486,0.528123702781237,0.5573809751891944,0.717825918625796,0.5219123505976095,0.5100574712643677,0.4991219667943806,0.7263783833637995,,,,,,
raw window (160d),raw,444,magnitude_1,linear,,,,,,,,,0.3062075315526649,0.6656110367726962,0.3873282604812096,0.0104753380810854,0.5407963737018369,0.3249194034265147
raw window (160d),raw,444,magnitude_1,gbdt,,,,,,,,,0.3206052741276817,0.6438899129542421,0.4923530666502926,0.0763210566078264,0.5284407228132881,0.3588453061427162
raw window (160d),raw,444,magnitude_1,mlp,,,,,,,,,0.179323917100843,0.6922217674561213,0.3590736797066434,-0.0707289429590782,0.5733240137198623,0.2416643221363568
raw window (160d),raw,444,vol_20,linear,,,,,,,,,0.3393606757668627,0.6206503081463834,0.4699392299478395,0.3796492482466701,0.332780224112701,0.5688249709125731
raw window (160d),raw,444,vol_20,gbdt,,,,,,,,,0.0930902238495257,0.7162793857172186,0.5633372654035591,0.2884100298264345,0.3516651059536139,0.5859980923971884
raw window (160d),raw,444,vol_20,mlp,,,,,,,,,0.0864923414223705,0.7245657172223758,0.4070632839681484,0.0576496682164394,0.4175757776671008,0.4470166583751072
raw window (160d),raw,555,direction_1,linear,0.5445544554455446,0.5262317591084714,0.5368010984449341,0.6995336863890406,0.5298804780876494,0.5168582375478927,0.5207335568326947,0.7057064858051616,,,,,,
raw window (160d),raw,555,direction_1,gbdt,0.5148514851485149,0.4967988632372194,0.5195421017338826,0.7286867033349841,0.5398406374501992,0.528544061302682,0.5243574393358876,0.7325104746756254,,,,,,
raw window (160d),raw,555,direction_1,mlp,0.5485148514851486,0.528123702781237,0.5573809751891944,0.717825918625796,0.5219123505976095,0.5100574712643677,0.4991219667943806,0.7263783833637995,,,,,,
raw window (160d),raw,555,magnitude_1,linear,,,,,,,,,0.3062075315526649,0.6656110367726962,0.3873282604812096,0.0104753380810854,0.5407963737018369,0.3249194034265147
raw window (160d),raw,555,magnitude_1,gbdt,,,,,,,,,0.3206052741276817,0.6438899129542421,0.4923530666502926,0.0763210566078264,0.5284407228132881,0.3588453061427162
raw window (160d),raw,555,magnitude_1,mlp,,,,,,,,,0.179323917100843,0.6922217674561213,0.3590736797066434,-0.0707289429590782,0.5733240137198623,0.2416643221363568
raw window (160d),raw,555,vol_20,linear,,,,,,,,,0.3393606757668627,0.6206503081463834,0.4699392299478395,0.3796492482466701,0.332780224112701,0.5688249709125731
raw window (160d),raw,555,vol_20,gbdt,,,,,,,,,0.0930902238495257,0.7162793857172186,0.5633372654035591,0.2884100298264345,0.3516651059536139,0.5859980923971884
raw window (160d),raw,555,vol_20,mlp,,,,,,,,,0.0864923414223705,0.7245657172223758,0.4070632839681484,0.0576496682164394,0.4175757776671008,0.4470166583751072
raw window (160d),raw,666,direction_1,linear,0.5445544554455446,0.5262317591084714,0.5368010984449341,0.6995336863890406,0.5298804780876494,0.5168582375478927,0.5207335568326947,0.7057064858051616,,,,,,
raw window (160d),raw,666,direction_1,gbdt,0.5148514851485149,0.4967988632372194,0.5195421017338826,0.7286867033349841,0.5398406374501992,0.528544061302682,0.5243574393358876,0.7325104746756254,,,,,,
raw window (160d),raw,666,direction_1,mlp,0.5485148514851486,0.528123702781237,0.5573809751891944,0.717825918625796,0.5219123505976095,0.5100574712643677,0.4991219667943806,0.7263783833637995,,,,,,
raw window (160d),raw,666,magnitude_1,linear,,,,,,,,,0.3062075315526649,0.6656110367726962,0.3873282604812096,0.0104753380810854,0.5407963737018369,0.3249194034265147
raw window (160d),raw,666,magnitude_1,gbdt,,,,,,,,,0.3206052741276817,0.6438899129542421,0.4923530666502926,0.0763210566078264,0.5284407228132881,0.3588453061427162
raw window (160d),raw,666,magnitude_1,mlp,,,,,,,,,0.179323917100843,0.6922217674561213,0.3590736797066434,-0.0707289429590782,0.5733240137198623,0.2416643221363568
raw window (160d),raw,666,vol_20,linear,,,,,,,,,0.3393606757668627,0.6206503081463834,0.4699392299478395,0.3796492482466701,0.332780224112701,0.5688249709125731
raw window (160d),raw,666,vol_20,gbdt,,,,,,,,,0.0930902238495257,0.7162793857172186,0.5633372654035591,0.2884100298264345,0.3516651059536139,0.5859980923971884
raw window (160d),raw,666,vol_20,mlp,,,,,,,,,0.0864923414223705,0.7245657172223758,0.4070632839681484,0.0576496682164394,0.4175757776671008,0.4470166583751072
raw window (160d),raw,777,direction_1,linear,0.5445544554455446,0.5262317591084714,0.5368010984449341,0.6995336863890406,0.5298804780876494,0.5168582375478927,0.5207335568326947,0.7057064858051616,,,,,,
raw window (160d),raw,777,direction_1,gbdt,0.5148514851485149,0.4967988632372194,0.5195421017338826,0.7286867033349841,0.5398406374501992,0.528544061302682,0.5243574393358876,0.7325104746756254,,,,,,
raw window (160d),raw,777,direction_1,mlp,0.5485148514851486,0.528123702781237,0.5573809751891944,0.717825918625796,0.5219123505976095,0.5100574712643677,0.4991219667943806,0.7263783833637995,,,,,,
raw window (160d),raw,777,magnitude_1,linear,,,,,,,,,0.3062075315526649,0.6656110367726962,0.3873282604812096,0.0104753380810854,0.5407963737018369,0.3249194034265147
raw window (160d),raw,777,magnitude_1,gbdt,,,,,,,,,0.3206052741276817,0.6438899129542421,0.4923530666502926,0.0763210566078264,0.5284407228132881,0.3588453061427162
raw window (160d),raw,777,magnitude_1,mlp,,,,,,,,,0.179323917100843,0.6922217674561213,0.3590736797066434,-0.0707289429590782,0.5733240137198623,0.2416643221363568
raw window (160d),raw,777,vol_20,linear,,,,,,,,,0.3393606757668627,0.6206503081463834,0.4699392299478395,0.3796492482466701,0.332780224112701,0.5688249709125731
raw window (160d),raw,777,vol_20,gbdt,,,,,,,,,0.0930902238495257,0.7162793857172186,0.5633372654035591,0.2884100298264345,0.3516651059536139,0.5859980923971884
raw window (160d),raw,777,vol_20,mlp,,,,,,,,,0.0864923414223705,0.7245657172223758,0.4070632839681484,0.0576496682164394,0.4175757776671008,0.4470166583751072
raw window (160d),raw,888,direction_1,linear,0.5445544554455446,0.5262317591084714,0.5368010984449341,0.6995336863890406,0.5298804780876494,0.5168582375478927,0.5207335568326947,0.7057064858051616,,,,,,
raw window (160d),raw,888,direction_1,gbdt,0.5148514851485149,0.4967988632372194,0.5195421017338826,0.7286867033349841,0.5398406374501992,0.528544061302682,0.5243574393358876,0.7325104746756254,,,,,,
raw window (160d),raw,888,direction_1,mlp,0.5485148514851486,0.528123702781237,0.5573809751891944,0.717825918625796,0.5219123505976095,0.5100574712643677,0.4991219667943806,0.7263783833637995,,,,,,
raw window (160d),raw,888,magnitude_1,linear,,,,,,,,,0.3062075315526649,0.6656110367726962,0.3873282604812096,0.0104753380810854,0.5407963737018369,0.3249194034265147
raw window (160d),raw,888,magnitude_1,gbdt,,,,,,,,,0.3206052741276817,0.6438899129542421,0.4923530666502926,0.0763210566078264,0.5284407228132881,0.3588453061427162
raw window (160d),raw,888,magnitude_1,mlp,,,,,,,,,0.179323917100843,0.6922217674561213,0.3590736797066434,-0.0707289429590782,0.5733240137198623,0.2416643221363568
raw window (160d),raw,888,vol_20,linear,,,,,,,,,0.3393606757668627,0.6206503081463834,0.4699392299478395,0.3796492482466701,0.332780224112701,0.5688249709125731
raw window (160d),raw,888,vol_20,gbdt,,,,,,,,,0.0930902238495257,0.7162793857172186,0.5633372654035591,0.2884100298264345,0.3516651059536139,0.5859980923971884
raw window (160d),raw,888,vol_20,mlp,,,,,,,,,0.0864923414223705,0.7245657172223758,0.4070632839681484,0.0576496682164394,0.4175757776671008,0.4470166583751072
raw window (160d),raw,999,direction_1,linear,0.5445544554455446,0.5262317591084714,0.5368010984449341,0.6995336863890406,0.5298804780876494,0.5168582375478927,0.5207335568326947,0.7057064858051616,,,,,,
raw window (160d),raw,999,direction_1,gbdt,0.5148514851485149,0.4967988632372194,0.5195421017338826,0.7286867033349841,0.5398406374501992,0.528544061302682,0.5243574393358876,0.7325104746756254,,,,,,
raw window (160d),raw,999,direction_1,mlp,0.5485148514851486,0.528123702781237,0.5573809751891944,0.717825918625796,0.5219123505976095,0.5100574712643677,0.4991219667943806,0.7263783833637995,,,,,,
raw window (160d),raw,999,magnitude_1,linear,,,,,,,,,0.3062075315526649,0.6656110367726962,0.3873282604812096,0.0104753380810854,0.5407963737018369,0.3249194034265147
raw window (160d),raw,999,magnitude_1,gbdt,,,,,,,,,0.3206052741276817,0.6438899129542421,0.4923530666502926,0.0763210566078264,0.5284407228132881,0.3588453061427162
raw window (160d),raw,999,magnitude_1,mlp,,,,,,,,,0.179323917100843,0.6922217674561213,0.3590736797066434,-0.0707289429590782,0.5733240137198623,0.2416643221363568
raw window (160d),raw,999,vol_20,linear,,,,,,,,,0.3393606757668627,0.6206503081463834,0.4699392299478395,0.3796492482466701,0.332780224112701,0.5688249709125731
raw window (160d),raw,999,vol_20,gbdt,,,,,,,,,0.0930902238495257,0.7162793857172186,0.5633372654035591,0.2884100298264345,0.3516651059536139,0.5859980923971884
raw window (160d),raw,999,vol_20,mlp,,,,,,,,,0.0864923414223705,0.7245657172223758,0.4070632839681484,0.0576496682164394,0.4175757776671008,0.4470166583751072
replab auto (128d),auto,20260814,direction_1,linear,0.5465346534653466,0.5290497174058818,0.5464444231567519,0.7173451709873917,0.5159362549800797,0.4998004469987228,0.4813817049808429,0.7247541270946709,,,,,,
replab auto (128d),auto,20260814,direction_1,gbdt,0.5346534653465347,0.5217693265638471,0.5378708049940927,0.7233130457560955,0.5229083665338645,0.5129549808429119,0.5083772349936143,0.7535196681906572,,,,,,
replab auto (128d),auto,20260814,direction_1,mlp,0.5366336633663367,0.516564485742568,0.493454034549925,0.7570603211838948,0.500996015936255,0.487883141762452,0.4909123563218391,0.7502453605387848,,,,,,
replab auto (128d),auto,20260814,magnitude_1,linear,,,,,,,,,0.1670916421892542,0.6635137954660254,0.3885684466405131,0.0286007200551074,0.540386191936079,0.298448883291402
replab auto (128d),auto,20260814,magnitude_1,gbdt,,,,,,,,,0.2737997024440231,0.6645020219698692,0.4254310468026085,0.0131105350928601,0.5441268044934651,0.3414349279610622
replab auto (128d),auto,20260814,magnitude_1,mlp,,,,,,,,,0.266483411638953,0.6640860051855808,0.3709500694855994,0.0486836153326393,0.5323509454559318,0.301598724969169
replab auto (128d),auto,20260814,vol_20,linear,,,,,,,,,0.0583974801992631,0.7432797068123842,0.3418112308125223,0.0614597437901656,0.4212935559880143,0.4235373475531278
replab auto (128d),auto,20260814,vol_20,gbdt,,,,,,,,,0.0727772520528268,0.7741156082555466,0.32471706798009,0.265227341690465,0.37653090914832,0.5069892949730046
replab auto (128d),auto,20260814,vol_20,mlp,,,,,,,,,-0.0109410502545397,0.7765358458645889,0.3073935033254878,-0.1986120603803522,0.474986548657735,0.2964745887767359
replab auto (128d),auto,111,direction_1,linear,0.5544554455445545,0.5226713925344062,0.508749241625954,0.710548001641122,0.545816733067729,0.5295498084291188,0.514463601532567,0.7045638533944711,,,,,,
replab auto (128d),auto,111,direction_1,gbdt,0.5346534653465347,0.5206996200146885,0.5202286298176709,0.7546944756250565,0.5049800796812749,0.4988665389527458,0.4991938058748403,0.7642801201914429,,,,,,
replab auto (128d),auto,111,direction_1,mlp,0.5524752475247525,0.5262716735319475,0.5547945205479452,0.6850967318042138,0.5408366533864541,0.5235552362707535,0.5050846104725416,0.7020876364605326,,,,,,
replab auto (128d),auto,111,magnitude_1,linear,,,,,,,,,0.0485986297922848,0.7026962874518781,0.2839470503870353,0.0323037458091208,0.5442570132847172,0.2799333292266073
replab auto (128d),auto,111,magnitude_1,gbdt,,,,,,,,,0.2247309675807339,0.670065643399951,0.4251284544245216,-0.0047545470968131,0.5426029485710032,0.3368484495281724
replab auto (128d),auto,111,magnitude_1,mlp,,,,,,,,,0.3046722461019578,0.6577652429311813,0.3853599424855517,0.0475923318725,0.5444108866758214,0.2797791031963842
replab auto (128d),auto,111,vol_20,linear,,,,,,,,,-0.3546374489509132,0.8117519571531354,0.2249996738804316,-0.0649037868314235,0.4129127073775742,0.3638814769908596
replab auto (128d),auto,111,vol_20,gbdt,,,,,,,,,0.0488825221404182,0.7877314243811326,0.3709274654173493,0.212717148168582,0.384929745370577,0.5335791209406623
replab auto (128d),auto,111,vol_20,mlp,,,,,,,,,-0.1320793694412523,0.7990938845043727,0.2638560750484987,-0.1561993366840441,0.456624157863409,0.2969952116557646
replab auto (128d),auto,222,direction_1,linear,0.5524752475247525,0.5310853530031612,0.530813934923524,0.7160174034017079,0.5209163346613546,0.5056433588761174,0.5026939655172413,0.7112861811875417,,,,,,
replab auto (128d),auto,222,direction_1,gbdt,0.5247524752475248,0.5092840949005333,0.5002235207714659,0.7611909895360224,0.5547808764940239,0.5486510217113665,0.550522828863346,0.7299028371736759,,,,,,
replab auto (128d),auto,222,direction_1,mlp,0.5366336633663367,0.5176341922917265,0.5207235686687741,0.6985589033557152,0.5448207171314741,0.5298371647509579,0.525941890166028,0.7088019119823992,,,,,,
replab auto (128d),auto,222,magnitude_1,linear,,,,,,,,,0.2065112272785696,0.6791193157784,0.3650399907624302,-0.0043707434212987,0.5357220475748529,0.3373117619766962
replab auto (128d),auto,222,magnitude_1,gbdt,,,,,,,,,0.2843896142051443,0.6694539795642044,0.4115277306813228,0.029900926096677,0.5393202638969082,0.3564239088538745
replab auto (128d),auto,222,magnitude_1,mlp,,,,,,,,,0.2355194088259462,0.6689691271801367,0.3508580287576436,0.1064671706993699,0.526076906928953,0.3130643578364755
replab auto (128d),auto,222,vol_20,linear,,,,,,,,,-0.0135176155011422,0.7428647413879121,0.347247923550119,-0.102622550689525,0.4218660048495672,0.4015878859687476
replab auto (128d),auto,222,vol_20,gbdt,,,,,,,,,0.154345495074399,0.7341046313941679,0.3255982430541191,0.2646252655633436,0.3697901166429514,0.5240880561110469
replab auto (128d),auto,222,vol_20,mlp,,,,,,,,,-0.3682524588184808,0.8996491100741616,0.1068177625215938,-0.3717965285678462,0.4940419432046412,0.2816274318106079
replab auto (128d),auto,333,direction_1,linear,0.5504950495049505,0.530406807804068,0.5496375770348374,0.7066479303098567,0.5029880478087649,0.4877634099616858,0.4832215836526181,0.7157197521640984,,,,,,
replab auto (128d),auto,333,direction_1,gbdt,0.5564356435643565,0.5426046556183542,0.544017626209407,0.7304663319015829,0.4940239043824701,0.4844348659003832,0.4881146232439336,0.7582925019191836,,,,,,
replab auto (128d),auto,333,direction_1,mlp,0.5346534653465347,0.5158859405434748,0.5312290449276751,0.6880742632203469,0.5179282868525896,0.5018039591315453,0.5062400223499361,0.6998107585859489,,,,,,
replab auto (128d),auto,333,magnitude_1,linear,,,,,,,,,0.1033391571133636,0.709228423969311,0.3444851863560236,-0.064883426460605,0.5544230381229144,0.2383010397904847
replab auto (128d),auto,333,magnitude_1,gbdt,,,,,,,,,0.1558582119825036,0.6826220295062849,0.4354710572486844,0.0862861078432493,0.5268421393381547,0.3609922636235678
replab auto (128d),auto,333,magnitude_1,mlp,,,,,,,,,0.232353073686339,0.659316028810704,0.3990493707534429,0.0457383812319109,0.5268354185112617,0.2937227572017927
replab auto (128d),auto,333,vol_20,linear,,,,,,,,,-0.0912700843754439,0.7699105864342196,0.2591409451504157,-0.0757469103480699,0.4454954943066809,0.3321221001411114
replab auto (128d),auto,333,vol_20,gbdt,,,,,,,,,0.102250573032962,0.7951029285309845,0.3038273392556647,0.2231796844806668,0.3781888283833624,0.5382742824452575
replab auto (128d),auto,333,vol_20,mlp,,,,,,,,,-0.3325936369629638,0.884519707822386,0.2611717382918416,-0.122455443787858,0.4470655186854574,0.3965586679528002
replab auto (128d),auto,444,direction_1,linear,0.5584158415841585,0.5373998147970751,0.5451671616055178,0.6954562028596895,0.5249003984063745,0.509802043422733,0.5146072796934866,0.7041664574034381,,,,,,
replab auto (128d),auto,444,direction_1,gbdt,0.5584158415841585,0.5432832008174473,0.544911709295271,0.7291938346880208,0.5109561752988048,0.5015405491698595,0.4919500319284802,0.7619982673725839,,,,,,
replab auto (128d),auto,444,direction_1,mlp,0.5643564356435643,0.5233898521569754,0.5294887760641185,0.68932181421835,0.5318725099601593,0.5079422094508301,0.5248283844189016,0.6967235962491537,,,,,,
replab auto (128d),auto,444,magnitude_1,linear,,,,,,,,,0.2989499272253836,0.6756968748390538,0.3716328241123685,0.0516224774648771,0.5459224699523065,0.2770168126678323
replab auto (128d),auto,444,magnitude_1,gbdt,,,,,,,,,0.2538115470335272,0.6606213376256606,0.4506372947225772,0.0334634871639364,0.5399760027581748,0.3412120667823847
replab auto (128d),auto,444,magnitude_1,mlp,,,,,,,,,0.2468717268918285,0.652891081876269,0.374808809486744,0.0570143720390785,0.5363897572144171,0.3121379760111293
replab auto (128d),auto,444,vol_20,linear,,,,,,,,,0.023144677571925,0.7561805189854137,0.369201547483941,0.1013013082748869,0.4050381149201784,0.3951740612225987
replab auto (128d),auto,444,vol_20,gbdt,,,,,,,,,0.1378562921814045,0.7173311148434106,0.3770218015590379,0.1797065477721523,0.3917537956953159,0.4787391312973683
replab auto (128d),auto,444,vol_20,mlp,,,,,,,,,-0.0413209296627705,0.7440083312362045,0.3213832873970627,-0.0650480302055029,0.4469133659584828,0.374887850483719
replab auto (128d),auto,555,direction_1,linear,0.5524752475247525,0.5316202062777405,0.5449915381422231,0.7117641959107457,0.5039840637450199,0.4891443167305236,0.4940014367816092,0.7250525344744478,,,,,,
replab auto (128d),auto,555,direction_1,gbdt,0.5425742574257426,0.5282274802822748,0.5458536896893061,0.7335235005413322,0.5129482071713147,0.5029374201787995,0.4933508939974457,0.7675252365199242,,,,,,
replab auto (128d),auto,555,direction_1,mlp,0.5207920792079208,0.4897419931666507,0.5141776032186991,0.7157305251432515,0.5308764940239044,0.508684546615581,0.5095785440613028,0.7136920716026852,,,,,,
replab auto (128d),auto,555,magnitude_1,linear,,,,,,,,,0.2908480342838846,0.6555130040002695,0.419388843062618,-0.0228183547500333,0.5420555945641725,0.3010172085308479
replab auto (128d),auto,555,magnitude_1,gbdt,,,,,,,,,0.2765034942327992,0.6699991212499774,0.4232031842129055,0.0472930872369765,0.5355040052527479,0.3647403581155811
replab auto (128d),auto,555,magnitude_1,mlp,,,,,,,,,0.3402241431212384,0.6518749061634272,0.4189213273560586,0.0315234737875506,0.5469080347186056,0.3247372360077916
replab auto (128d),auto,555,vol_20,linear,,,,,,,,,0.1508469916997928,0.6961146408178914,0.4850371683131046,0.0606180691718652,0.4133923699657195,0.4180826356661957
replab auto (128d),auto,555,vol_20,gbdt,,,,,,,,,0.220887299907931,0.7073108282295353,0.3408626887533474,0.2848835055984257,0.3627192082305603,0.5571840733749025
replab auto (128d),auto,555,vol_20,mlp,,,,,,,,,0.0424321928648023,0.7483922774819016,0.3408584026104474,-0.0511844772022669,0.4483074594550563,0.3754846293070173
replab auto (128d),auto,666,direction_1,linear,0.5405940594059406,0.5280837883577609,0.5265031771881088,0.7237564353612848,0.5278884462151394,0.5139447637292465,0.5201748084291188,0.7076029369801345,,,,,,
replab auto (128d),auto,666,direction_1,gbdt,0.5287128712871287,0.5095714787495609,0.5295366733722898,0.7483044333556781,0.5348605577689243,0.5243694125159643,0.5101333014048531,0.7568359681592995,,,,,,
replab auto (128d),auto,666,direction_1,mlp,0.5425742574257426,0.5191349746144267,0.5426445700418303,0.6922926613182561,0.5249003984063745,0.5091954022988505,0.5140724776500638,0.70171650476828,,,,,,
replab auto (128d),auto,666,magnitude_1,linear,,,,,,,,,0.2339925097666509,0.6702931085470414,0.3656536546275822,-0.0407310668217242,0.5509151820158427,0.2539217166065036
replab auto (128d),auto,666,magnitude_1,gbdt,,,,,,,,,0.2363036745463006,0.6845837228189096,0.4230245638622381,0.0448375401575164,0.5386894997205639,0.3446033913025844
replab auto (128d),auto,666,magnitude_1,mlp,,,,,,,,,0.2442270534335695,0.6693731481006976,0.3546787059454093,0.0656762230224914,0.5302402165150225,0.2811994778618283
replab auto (128d),auto,666,vol_20,linear,,,,,,,,,0.1396575789358135,0.7494975726230352,0.3358074627338511,0.129352465130055,0.3915941824254322,0.5333014562422888
replab auto (128d),auto,666,vol_20,gbdt,,,,,,,,,0.1705204947314634,0.7610282171240307,0.3542235279428564,0.2409656696814889,0.3807358067259601,0.5462350962252016
replab auto (128d),auto,666,vol_20,mlp,,,,,,,,,-0.0620489014917331,0.7860188539052506,0.3289378006123594,-0.2086422576732154,0.4696479923496308,0.3199782092290708
replab auto (128d),auto,777,direction_1,linear,0.5584158415841585,0.5347255484241786,0.541399240029377,0.6946520114783018,0.5209163346613546,0.5056433588761174,0.5000558748403576,0.7129393282352648,,,,,,
replab auto (128d),auto,777,direction_1,gbdt,0.5405940594059406,0.5238049621611265,0.5344860618833221,0.7302639511808076,0.5169322709163346,0.5077027458492975,0.4969747765006385,0.7556314596848457,,,,,,
replab auto (128d),auto,777,direction_1,mlp,0.5821782178217821,0.5557045694031995,0.5639429064086598,0.6824653311110722,0.5219123505976095,0.5080858876117497,0.5072836845466155,0.7003095349260765,,,,,,
replab auto (128d),auto,777,magnitude_1,linear,,,,,,,,,0.2100200587404151,0.7002175387930668,0.3637677051191387,-0.0021043870466614,0.5477630993064665,0.2935145336823997
replab auto (128d),auto,777,magnitude_1,gbdt,,,,,,,,,0.3219046978894837,0.6507435052298469,0.4590918981438184,0.1134209701086179,0.5173846398780751,0.3497052884567599
replab auto (128d),auto,777,magnitude_1,mlp,,,,,,,,,0.2928485953509359,0.6567946250288573,0.3798953896918123,0.0318627346706388,0.5395481940719518,0.2951389759340014
replab auto (128d),auto,777,vol_20,linear,,,,,,,,,0.0363569291150557,0.7145024886659712,0.3176202402848981,0.0047752822072391,0.4262594003339198,0.3957055079143167
replab auto (128d),auto,777,vol_20,gbdt,,,,,,,,,0.0487485282811389,0.7676962973190092,0.339864762873803,0.2790242556267417,0.3723359649835535,0.5348436612011018
replab auto (128d),auto,777,vol_20,mlp,,,,,,,,,-0.0693931272870695,0.7886836051532474,0.2550711592898421,-0.095190091626929,0.4538470170069775,0.3832363124601171
replab auto (128d),auto,888,direction_1,linear,0.5544554455445545,0.532833604751413,0.5499249608838651,0.7304761999371395,0.5288844621513944,0.5148706896551724,0.534566570881226,0.7064387121387681,,,,,,
replab auto (128d),auto,888,direction_1,gbdt,0.5544554455445545,0.543530670242999,0.5481048631733564,0.7249430136223295,0.5139442231075697,0.5044699872286079,0.499397349936143,0.759916444579012,,,,,,
replab auto (128d),auto,888,direction_1,mlp,0.5168316831683168,0.4985471149854711,0.5461251077689434,0.6936726897139568,0.5089641434262948,0.4943805874840357,0.4886454342273308,0.7165468164387765,,,,,,
replab auto (128d),auto,888,magnitude_1,linear,,,,,,,,,0.1776215047119688,0.662234859003968,0.4195310777862977,0.0373059505523643,0.5399761098609966,0.3277649667628053
replab auto (128d),auto,888,magnitude_1,gbdt,,,,,,,,,0.2684650829452314,0.6671058252106675,0.4468287305476371,0.0086725958180974,0.5352252237644196,0.3449794172960082
replab auto (128d),auto,888,magnitude_1,mlp,,,,,,,,,0.1795652425309727,0.6751628150813072,0.3449264727309643,0.0333069463124502,0.532713553090406,0.295289046030989
replab auto (128d),auto,888,vol_20,linear,,,,,,,,,0.0107286173934822,0.7442716274789877,0.25998242681411,0.0855375764488894,0.3954973097259039,0.4803898882987554
replab auto (128d),auto,888,vol_20,gbdt,,,,,,,,,0.1828640997781744,0.7331652660506872,0.3639501838382596,0.2755761329711903,0.3629478651777919,0.5434853957635447
replab auto (128d),auto,888,vol_20,mlp,,,,,,,,,-0.0276449815753017,0.7696010826267317,0.2812561380361639,0.1239797550098104,0.400085372078746,0.4899505921830978
replab auto (128d),auto,999,direction_1,linear,0.5287128712871287,0.5020835329054507,0.4903087779800109,0.7324823664933795,0.5418326693227091,0.5255427841634738,0.5321839080459769,0.6990476959471043,,,,,,
replab auto (128d),auto,999,direction_1,gbdt,0.5069306930693069,0.4988983619120605,0.5164766740109206,0.759406279849253,0.5119521912350598,0.5035280970625798,0.4910400702426565,0.7658650048609122,,,,,,
replab auto (128d),auto,999,direction_1,mlp,0.5267326732673268,0.5099626400996264,0.5543155474662325,0.6885234549916173,0.5039840637450199,0.492632503192848,0.4979525862068965,0.7077584834254399,,,,,,
replab auto (128d),auto,999,magnitude_1,linear,,,,,,,,,0.1523919466005296,0.6893045116792381,0.3897187635623525,0.0298665845138086,0.5451590947811971,0.2650881104237033
replab auto (128d),auto,999,magnitude_1,gbdt,,,,,,,,,0.2582341471680391,0.674935321344899,0.4395103743179531,0.0783505053540176,0.5265108402502865,0.3514400200464196
replab auto (128d),auto,999,magnitude_1,mlp,,,,,,,,,0.2515304543211585,0.6485788606437699,0.3833748992144922,0.0552568843158685,0.530867515886188,0.2739842145502133
replab auto (128d),auto,999,vol_20,linear,,,,,,,,,-0.0563643716521424,0.7638113375100559,0.3503583588172482,0.0451694761414771,0.4260969359323708,0.3899388768498738
replab auto (128d),auto,999,vol_20,gbdt,,,,,,,,,0.1417077639604448,0.7619199521819392,0.336361586469206,0.2902247110578019,0.364895483631826,0.5476437112267047
replab auto (128d),auto,999,vol_20,mlp,,,,,,,,,-0.0700662075793783,0.7681057332636556,0.2016687072433952,0.0087878320853228,0.4365281331366179,0.3785554152840774
replab predictive (128d),predictive,20260814,direction_1,linear,0.5386138613861386,0.5145687645687645,0.5325222722482996,0.7285045840468402,0.5368525896414342,0.5192448914431673,0.5196120689655173,0.6987641308317618,,,,,,
replab predictive (128d),predictive,20260814,direction_1,gbdt,0.5405940594059406,0.5264792285340231,0.5464603889261423,0.7340665914430967,0.5278884462151394,0.5163713282247765,0.5166307471264368,0.7459996564796492,,,,,,
replab predictive (128d),predictive,20260814,direction_1,mlp,0.5663366336633663,0.5502762078104544,0.5462209023852859,0.7073110738989299,0.5288844621513944,0.5154773307790549,0.520426245210728,0.697615378041365,,,,,,
replab predictive (128d),predictive,20260814,magnitude_1,linear,,,,,,,,,-0.0448038513438944,0.7460700417209689,0.3043654436336207,-0.017787190535123,0.5408315066284439,0.3140144134049324
replab predictive (128d),predictive,20260814,magnitude_1,gbdt,,,,,,,,,0.2023927634502204,0.6780324288165305,0.3950215610463585,0.0791935196931816,0.5115563755081943,0.3884824814030361
replab predictive (128d),predictive,20260814,magnitude_1,mlp,,,,,,,,,0.1852873679385951,0.6691343674663304,0.3802593857272232,0.1058357282686929,0.5166270164156441,0.356323342383871
replab predictive (128d),predictive,20260814,vol_20,linear,,,,,,,,,-0.6020105203961177,0.8594344218256108,0.2128902020636847,0.0748130429315989,0.3815209147725821,0.4297783679950657
replab predictive (128d),predictive,20260814,vol_20,gbdt,,,,,,,,,0.1486114217885509,0.7218471349677739,0.4572162806342747,0.3099700781972849,0.355564266654832,0.5545979229831735
replab predictive (128d),predictive,20260814,vol_20,mlp,,,,,,,,,-0.0199356566829351,0.7328520212607644,0.3914638668835828,0.0825862538690384,0.4055421817236623,0.3985091390900112
replab predictive (128d),predictive,111,direction_1,linear,0.5386138613861386,0.5124293514704473,0.5147683366861449,0.7620530933870007,0.5338645418326693,0.5125239463601532,0.5055076628352491,0.7080789088482374,,,,,,
replab predictive (128d),predictive,111,direction_1,gbdt,0.5445544554455446,0.5331848516780023,0.5537886770763483,0.7195311961802271,0.5059760956175299,0.4961526181353767,0.5180635376756066,0.7428845446171598,,,,,,
replab predictive (128d),predictive,111,direction_1,mlp,0.5465346534653466,0.5204920650126129,0.5129482389756364,0.7135154767496352,0.5229083665338645,0.5053719667943806,0.50522030651341,0.7033274952768099,,,,,,
replab predictive (128d),predictive,111,magnitude_1,linear,,,,,,,,,-0.288744947365259,0.7570290940075314,0.3221180422883448,-0.0226317707048262,0.5442253333040018,0.3084073886101918
replab predictive (128d),predictive,111,magnitude_1,gbdt,,,,,,,,,0.2780887628564596,0.6530208654859861,0.4306425308053136,0.0834508998454865,0.5119039726686494,0.3786675603168123
replab predictive (128d),predictive,111,magnitude_1,mlp,,,,,,,,,0.2218114011604128,0.6637655934708886,0.4172351959707276,0.0708684309536182,0.5209953190825793,0.3382813394219474
replab predictive (128d),predictive,111,vol_20,linear,,,,,,,,,-0.4653270455118925,0.8634435553284655,0.1566620637219001,0.0436913491963949,0.3919082625953633,0.4204591406093632
replab predictive (128d),predictive,111,vol_20,gbdt,,,,,,,,,0.0687749340679003,0.7310452364626839,0.478037617426339,0.2684862258077445,0.363689280514021,0.5297818587374412
replab predictive (128d),predictive,111,vol_20,mlp,,,,,,,,,0.1366457039234014,0.7046567978586699,0.4355985598559856,0.15087488596502,0.3932917499438014,0.4805190708799007
replab predictive (128d),predictive,222,direction_1,linear,0.5326732673267327,0.5077194495002715,0.5333045949484305,0.7417082914477946,0.5348605577689243,0.5169380587484036,0.5222581417624521,0.6992276277970766,,,,,,
replab predictive (128d),predictive,222,direction_1,gbdt,0.5445544554455446,0.5337197049525817,0.5504198997349682,0.7241777580629823,0.5368525896414342,0.5265245849297573,0.5342672413793104,0.7320888657181723,,,,,,
replab predictive (128d),predictive,222,direction_1,mlp,0.499009900990099,0.4683718108375642,0.4834913944502985,0.7050359351501426,0.5268924302788844,0.5081657088122605,0.5139248084291187,0.7018824979962265,,,,,,
replab predictive (128d),predictive,222,magnitude_1,linear,,,,,,,,,0.168516340552755,0.6770998012647662,0.3832228343150194,-0.0769099613886183,0.5536451231334689,0.2571883927725308
replab predictive (128d),predictive,222,magnitude_1,gbdt,,,,,,,,,0.2920715097122015,0.638643415862893,0.4523327903985926,0.1145955730302946,0.5046553423004319,0.3945842095364148
replab predictive (128d),predictive,222,magnitude_1,mlp,,,,,,,,,0.279235879013472,0.6498158618171737,0.4301479937624508,0.0486184143281858,0.5309858745420085,0.3414941129560539
replab predictive (128d),predictive,222,vol_20,linear,,,,,,,,,-0.3827105197230838,0.8312056590850803,0.2121598805843317,-0.1477037706686594,0.4318570885877295,0.3179129202922882
replab predictive (128d),predictive,222,vol_20,gbdt,,,,,,,,,0.0796612935211004,0.7023027309864469,0.4844824855156324,0.2518911283298983,0.3666061184437331,0.5234798633135785
replab predictive (128d),predictive,222,vol_20,mlp,,,,,,,,,0.0713737454207513,0.7163811923941696,0.4007760713959595,0.1502653039218655,0.3903559032155257,0.4575854459649404
replab predictive (128d),predictive,333,direction_1,linear,0.5306930693069307,0.510250023948654,0.5331289714851359,0.7206534857506277,0.5239043824701195,0.5070561941251597,0.5057391443167305,0.7054256906128366,,,,,,
replab predictive (128d),predictive,333,direction_1,gbdt,0.5405940594059406,0.5248746687102851,0.5530861832231695,0.7128226460343333,0.5328685258964143,0.5219109195402298,0.5245649744572157,0.7318673884323312,,,,,,
replab predictive (128d),predictive,333,direction_1,mlp,0.5504950495049505,0.5271976881565923,0.5436344477440368,0.7024444772526626,0.5338645418326693,0.5196519795657727,0.5140126117496807,0.7041057868393288,,,,,,
replab predictive (128d),predictive,333,magnitude_1,linear,,,,,,,,,0.1392600517106242,0.6747461756591703,0.4322148464585943,-0.0289914785003779,0.5481741812974525,0.3138502501470145
replab predictive (128d),predictive,333,magnitude_1,gbdt,,,,,,,,,0.2064874931665731,0.6697774539108443,0.4630784770187846,0.0520593265935893,0.5218329821108543,0.3845887395332844
replab predictive (128d),predictive,333,magnitude_1,mlp,,,,,,,,,0.2116455583615006,0.6544387232378963,0.4378831308103591,0.0447153609605155,0.5356730581869307,0.3401763619772079
replab predictive (128d),predictive,333,vol_20,linear,,,,,,,,,-0.3153887255850842,0.8050642137376112,0.2003227651957742,-0.0633885357468184,0.4107141126077352,0.2884629332130576
replab predictive (128d),predictive,333,vol_20,gbdt,,,,,,,,,0.0617410950625286,0.7707158186738657,0.4307665859753677,0.2519274986767883,0.3680721930567409,0.5229409830985287
replab predictive (128d),predictive,333,vol_20,mlp,,,,,,,,,-0.0340488211007088,0.7175556902101362,0.3615518073546486,0.1412681207964715,0.3955388475155079,0.4293025471620642
replab predictive (128d),predictive,444,direction_1,linear,0.5623762376237624,0.532873519174889,0.5375674553756745,0.7176215391366979,0.5338645418326693,0.5147988505747126,0.507132024265645,0.6994131700371218,,,,,,
replab predictive (128d),predictive,444,direction_1,gbdt,0.5366336633663367,0.5187038988408852,0.5498291662675224,0.7256736714153098,0.5348605577689243,0.5228528097062579,0.5214519476372925,0.7454482618267457,,,,,,
replab predictive (128d),predictive,444,direction_1,mlp,0.5405940594059406,0.505085097550851,0.5150158061116965,0.7028067023127766,0.5049800796812749,0.4849137931034483,0.4859394955300128,0.7044753121369833,,,,,,
replab predictive (128d),predictive,444,magnitude_1,linear,,,,,,,,,-0.0204215502522058,0.716130191215613,0.3268614515223601,-0.0080281471296552,0.549635524623205,0.2910898460327226
replab predictive (128d),predictive,444,magnitude_1,gbdt,,,,,,,,,0.2645125260104155,0.6777094976343195,0.4466528589191109,0.0690431585157368,0.5195793467474746,0.3708194924378896
replab predictive (128d),predictive,444,magnitude_1,mlp,,,,,,,,,0.0636343018147658,0.7008874159639538,0.3493857386371963,0.0483157883171143,0.5361743384637021,0.2900156113985913
replab predictive (128d),predictive,444,vol_20,linear,,,,,,,,,0.0052790110468279,0.7432158890576958,0.2933512605918977,0.0617554637094772,0.3889905682884408,0.4002115666125309
replab predictive (128d),predictive,444,vol_20,gbdt,,,,,,,,,0.0021639872372577,0.7838107848843348,0.4570808012478268,0.286950114026141,0.3576139041437173,0.5641398547097775
replab predictive (128d),predictive,444,vol_20,mlp,,,,,,,,,0.0537460450676637,0.7113804901467754,0.3709153524048058,0.1249841990461485,0.3980122502817118,0.424187466928983
replab predictive (128d),predictive,555,direction_1,linear,0.5405940594059406,0.5120381901203819,0.5416866238784047,0.6941003129683591,0.5418326693227091,0.5206896551724138,0.5181353767560665,0.7004126004131221,,,,,,
replab predictive (128d),predictive,555,direction_1,gbdt,0.5287128712871287,0.5090366254749816,0.5389564773126417,0.7161944316066653,0.5059760956175299,0.4947876756066411,0.5037635696040869,0.7555637097303188,,,,,,
replab predictive (128d),predictive,555,direction_1,mlp,0.5267326732673268,0.5024746942555162,0.5091324200913242,0.7143154899437774,0.5278884462151394,0.5116698595146871,0.4963302203065134,0.6984172171230381,,,,,,
replab predictive (128d),predictive,555,magnitude_1,linear,,,,,,,,,-0.1320594247805497,0.7501154728778267,0.3680308333946168,0.04708363304287,0.5311969004932238,0.3321672027746432
replab predictive (128d),predictive,555,magnitude_1,gbdt,,,,,,,,,0.2833086384237721,0.6435493256632148,0.4591693282488808,0.0699195504555204,0.5187145673637211,0.3648798397721144
replab predictive (128d),predictive,555,magnitude_1,mlp,,,,,,,,,0.1786437099769918,0.6898828647973468,0.3603830032160749,0.0969464631541141,0.5160392096053864,0.3772089641084742
replab predictive (128d),predictive,555,vol_20,linear,,,,,,,,,-0.2637045591414941,0.7902066077007253,0.279420830281786,0.0817915972311928,0.3894395582520657,0.3795245860017213
replab predictive (128d),predictive,555,vol_20,gbdt,,,,,,,,,0.1286844212289676,0.6773793979535819,0.4289394777987116,0.2565558368060929,0.3577202198239492,0.5384988326103646
replab predictive (128d),predictive,555,vol_20,mlp,,,,,,,,,0.0602556500576395,0.694959634310115,0.3803757083782913,0.1740192625152499,0.3874103940924953,0.4802297034049305
replab predictive (128d),predictive,666,direction_1,linear,0.5465346534653466,0.5140738257176614,0.5527030047577993,0.7009384000096259,0.5308764940239044,0.5074712643678161,0.5199952107279694,0.6916943226744062,,,,,,
replab predictive (128d),predictive,666,direction_1,gbdt,0.5504950495049505,0.5346856340007025,0.5419740077274324,0.7322575315701804,0.5189243027888446,0.508492975734355,0.5124960089399745,0.7462483500950747,,,,,,
replab predictive (128d),predictive,666,direction_1,mlp,0.5524752475247525,0.5214579940607338,0.5139381166778427,0.7161887716588261,0.5388446215139442,0.5177602171136654,0.5060903575989782,0.7051729123121658,,,,,,
replab predictive (128d),predictive,666,magnitude_1,linear,,,,,,,,,-0.4243056489525703,0.8076615779727542,0.3519475942613112,-0.0187864102855264,0.5540601022440842,0.2685816732729256
replab predictive (128d),predictive,666,magnitude_1,gbdt,,,,,,,,,0.2671891569312945,0.6440205778144579,0.4655610389974024,0.0574360691573594,0.5281058603589986,0.3825709598402596
replab predictive (128d),predictive,666,magnitude_1,mlp,,,,,,,,,0.2411788972666776,0.672613286732293,0.3971961729681395,0.0843219397652597,0.5308935726054411,0.3457461780850769
replab predictive (128d),predictive,666,vol_20,linear,,,,,,,,,-0.3775468731470359,0.8425754932291059,0.2288860873665006,-0.0061927324526582,0.4062813961777572,0.3812557179741339
replab predictive (128d),predictive,666,vol_20,gbdt,,,,,,,,,0.1527938400514522,0.6886535105873135,0.4619841487254316,0.2605349612195502,0.3563994175191796,0.5658702583978096
replab predictive (128d),predictive,666,vol_20,mlp,,,,,,,,,-0.0577814266962981,0.7733287801857702,0.3968197751452164,0.0687292206038275,0.4051757060417945,0.4389199442184392
replab predictive (128d),predictive,777,direction_1,linear,0.5386138613861386,0.5086853785483922,0.5265830060350608,0.7398795068797288,0.548804780876494,0.5311143039591315,0.5203184865900383,0.703188208958695,,,,,,
replab predictive (128d),predictive,777,direction_1,gbdt,0.5306930693069307,0.5188076763419229,0.5388766484656896,0.7343669431865338,0.5507968127490039,0.5411558109833972,0.5272310025542785,0.7361521328203599,,,,,,
replab predictive (128d),predictive,777,direction_1,mlp,0.5485148514851486,0.517426637289651,0.5095634958648657,0.7003124330361489,0.5448207171314741,0.5246807151979566,0.5161637931034482,0.7012499878619096,,,,,,
replab predictive (128d),predictive,777,magnitude_1,linear,,,,,,,,,-0.0963131359173887,0.7344023548913932,0.4035334217474564,0.0082800489510234,0.5439095198013926,0.3679892959759873
replab predictive (128d),predictive,777,magnitude_1,gbdt,,,,,,,,,0.3040811501400847,0.6437925902465854,0.4682696950192621,0.080040394676958,0.5159670315582985,0.3830425011551611
replab predictive (128d),predictive,777,magnitude_1,mlp,,,,,,,,,0.2451483167194336,0.6670091841027397,0.4136732247838114,0.1106924587490174,0.5198460514102043,0.3482586620475691
replab predictive (128d),predictive,777,vol_20,linear,,,,,,,,,0.0537132373780087,0.7284007532449368,0.3810362402699898,0.2041106273783728,0.3737671702182218,0.4590488832010158
replab predictive (128d),predictive,777,vol_20,gbdt,,,,,,,,,-0.0100132373261232,0.7709743659009181,0.4563001641779085,0.3087099866573289,0.3564463402858093,0.5682443147986634
replab predictive (128d),predictive,777,vol_20,mlp,,,,,,,,,0.0529032192819577,0.7260516170986182,0.3809083082221266,0.1788655455410823,0.3937003770100181,0.4605583153627069
replab predictive (128d),predictive,888,direction_1,linear,0.5702970297029702,0.5478893252865855,0.5419740077274324,0.7457460277727247,0.5408366533864541,0.5218869731800766,0.5175167624521073,0.7030334668651831,,,,,,
replab predictive (128d),predictive,888,direction_1,gbdt,0.5584158415841585,0.5502362933869783,0.5717342018711882,0.7149923911618474,0.5139442231075697,0.5047733077905492,0.4994532247765006,0.7595570449341635,,,,,,
replab predictive (128d),predictive,888,direction_1,mlp,0.5366336633663367,0.5106810997221956,0.5062745473704379,0.7052719282382177,0.5408366533864541,0.5221902937420179,0.517772190293742,0.699697137450253,,,,,,
replab predictive (128d),predictive,888,magnitude_1,linear,,,,,,,,,0.1940097222709076,0.6726682119803307,0.3530202015470229,0.0272585973346234,0.5375507233553726,0.3226253164234042
replab predictive (128d),predictive,888,magnitude_1,gbdt,,,,,,,,,0.2698204108885657,0.6705460214187831,0.4559342220542139,0.0761155810197595,0.5181962765495716,0.3855339208797284
replab predictive (128d),predictive,888,magnitude_1,mlp,,,,,,,,,0.132220138917814,0.678731603206932,0.3731729005161286,0.0814093264768425,0.525537317817179,0.3113982317523798
replab predictive (128d),predictive,888,vol_20,linear,,,,,,,,,-0.0708051024702609,0.7370440945494062,0.3638598021292813,0.1986271115812405,0.364799615487662,0.4543180106485222
replab predictive (128d),predictive,888,vol_20,gbdt,,,,,,,,,0.1691454950994304,0.6989644156979766,0.4482235801219874,0.2823240481326708,0.3579709000283734,0.5361419536755886
replab predictive (128d),predictive,888,vol_20,mlp,,,,,,,,,-0.2670113382770773,0.8286869910342993,0.3678810427626614,0.0061386497527146,0.4155997732737861,0.3832501498633462
replab predictive (128d),predictive,999,direction_1,linear,0.5524752475247525,0.5241322604336303,0.5433151323562282,0.694857853456052,0.5249003984063745,0.504948914431673,0.503500159642401,0.7096010674758714,,,,,,
replab predictive (128d),predictive,999,direction_1,gbdt,0.5445544554455446,0.5294408787559473,0.5427243988887824,0.7261157546156027,0.5268924302788844,0.513625478927203,0.5237388250319284,0.74596368726966,,,,,,
replab predictive (128d),predictive,999,direction_1,mlp,0.5366336633663367,0.5085416866238784,0.5098987770220647,0.7158742248798154,0.5229083665338645,0.5059786079182631,0.5171735312899106,0.7018380084411682,,,,,,
replab predictive (128d),predictive,999,magnitude_1,linear,,,,,,,,,0.0970986401648651,0.6864994294985779,0.3621316563829907,-0.0020224274700626,0.5486864369584621,0.2688490343586859
replab predictive (128d),predictive,999,magnitude_1,gbdt,,,,,,,,,0.2910264372208828,0.6377612239090323,0.4810543278175877,0.0831375785666016,0.5161163294785078,0.382038905528876
replab predictive (128d),predictive,999,magnitude_1,mlp,,,,,,,,,0.2861906659121842,0.6501352397642743,0.4146212078029514,0.0953446350309539,0.516340228118095,0.3528055020074031
replab predictive (128d),predictive,999,vol_20,linear,,,,,,,,,-0.2983004256077874,0.8286222150483992,0.2198370147573763,0.0870875779852756,0.3967206337066731,0.4303778716064773
replab predictive (128d),predictive,999,vol_20,gbdt,,,,,,,,,-0.0417948241599481,0.7923834921510147,0.4200010994888309,0.2838598587734925,0.3592196846651915,0.517068474553116
replab predictive (128d),predictive,999,vol_20,mlp,,,,,,,,,-0.187654481201313,0.7706118501571705,0.3396776634185158,-0.1013616035162607,0.4416018028075337,0.3251846138121393
replab contrastive (128d),contrastive,20260814,direction_1,linear,0.5306930693069307,0.5006226650062267,0.5127247182041702,0.708305024304063,0.5179282868525896,0.5024106002554278,0.5141722541507024,0.7196829672127574,,,,,,
replab contrastive (128d),contrastive,20260814,direction_1,gbdt,0.5089108910891089,0.4846010154229332,0.4846728613851901,0.7578408116237904,0.5258964143426295,0.5108796296296296,0.5142600574712644,0.75434209790261,,,,,,
replab contrastive (128d),contrastive,20260814,direction_1,mlp,0.5346534653465347,0.5067934348756267,0.5020116869431938,0.7169021960419385,0.5189243027888446,0.5,0.4957415389527457,0.7139826016136701,,,,,,
replab contrastive (128d),contrastive,20260814,magnitude_1,linear,,,,,,,,,0.2645394315502799,0.6538494733692667,0.3418048095602607,0.0501936371093352,0.5268203537652666,0.3189294645614487
replab contrastive (128d),contrastive,20260814,magnitude_1,gbdt,,,,,,,,,0.2998428013636609,0.6533897313424986,0.4180346548172208,0.0516629913484467,0.5322664164856251,0.317884576388823
replab contrastive (128d),contrastive,20260814,magnitude_1,mlp,,,,,,,,,0.2610977184883212,0.6648275579934311,0.3381498011171414,0.0375199312310059,0.5400756684151741,0.3002064991924579
replab contrastive (128d),contrastive,20260814,vol_20,linear,,,,,,,,,0.07394089169367,0.6813663413836323,0.3587056221150066,-0.0536682651597664,0.4284500182408888,0.3391935154563292
replab contrastive (128d),contrastive,20260814,vol_20,gbdt,,,,,,,,,0.1277783994311805,0.6951665326545893,0.4411235844081304,0.2716656800544161,0.3580224656612693,0.5420547941077274
replab contrastive (128d),contrastive,20260814,vol_20,mlp,,,,,,,,,-0.3053272668171396,0.8766358588822695,0.2338042499902164,-0.2344682401926614,0.4725811956821388,0.317802647991781
replab contrastive (128d),contrastive,111,direction_1,linear,0.5702970297029702,0.5436104990899512,0.5478813424018903,0.7058088100834593,0.5438247011952191,0.5292145593869731,0.5230124521072796,0.7117523503209575,,,,,,
replab contrastive (128d),contrastive,111,direction_1,gbdt,0.5504950495049505,0.5357553405498611,0.528610658747645,0.7483852088304894,0.5428286852589641,0.5296535759897829,0.5314894636015326,0.7482717834164531,,,,,,
replab contrastive (128d),contrastive,111,direction_1,mlp,0.5069306930693069,0.4823179104001022,0.5067056231439793,0.7241908206948806,0.5059760956175299,0.4905411877394636,0.4975215517241379,0.744989982591928,,,,,,
replab contrastive (128d),contrastive,111,magnitude_1,linear,,,,,,,,,0.2904930933087477,0.6445504524960868,0.4484243404563519,0.0455632689422446,0.5344528564485721,0.2805137607351394
replab contrastive (128d),contrastive,111,magnitude_1,gbdt,,,,,,,,,0.3383333544190229,0.6389389032977879,0.4379962011262355,0.0248097927536923,0.5403630217841583,0.3464990837871681
replab contrastive (128d),contrastive,111,magnitude_1,mlp,,,,,,,,,0.3071275464306137,0.6543819856223587,0.4052162453485159,0.0404194193802471,0.5353798826542695,0.3067138428524672
replab contrastive (128d),contrastive,111,vol_20,linear,,,,,,,,,0.0341081010106034,0.7092245385568878,0.32131955431568,0.0391503517818385,0.4167180769987483,0.4108811964758068
replab contrastive (128d),contrastive,111,vol_20,gbdt,,,,,,,,,0.2348437366598977,0.6602436489096113,0.4305784615728654,0.2426915377501243,0.3644900679601876,0.5213467937029017
replab contrastive (128d),contrastive,111,vol_20,mlp,,,,,,,,,-0.2598679413340516,0.8495975700533378,0.2327463181100719,-0.1758382859204341,0.4645362672011698,0.336709525783904
replab contrastive (128d),contrastive,222,direction_1,linear,0.5326732673267327,0.5152073953443816,0.5469553277772455,0.7030893898460406,0.5059760956175299,0.4929677522349937,0.5139647190293742,0.7155048725600343,,,,,,
replab contrastive (128d),contrastive,222,direction_1,gbdt,0.5168316831683168,0.5022910879075262,0.5153431043842003,0.7422633228871791,0.5049800796812749,0.4944683908045977,0.4998283844189016,0.7582799550263447,,,,,,
replab contrastive (128d),contrastive,222,direction_1,mlp,0.5465346534653466,0.5210269182871923,0.5354759395855286,0.6912054710539397,0.497011952191235,0.4823595146871009,0.4705699233716475,0.7142128706866673,,,,,,
replab contrastive (128d),contrastive,222,magnitude_1,linear,,,,,,,,,0.2453273137406554,0.6637216492387007,0.3834053681005999,-0.0032726043038262,0.5496241791616512,0.2704461577224862
replab contrastive (128d),contrastive,222,magnitude_1,gbdt,,,,,,,,,0.3197327138637759,0.6451286201486627,0.4471882074974939,0.0192322785289777,0.5402070302372385,0.3258265292302509
replab contrastive (128d),contrastive,222,magnitude_1,mlp,,,,,,,,,0.2038168101224587,0.6609739195171984,0.3512690326005203,0.001399539585956,0.5332363485784962,0.2886904911971894
replab contrastive (128d),contrastive,222,vol_20,linear,,,,,,,,,0.1945951160908449,0.6866076901956188,0.4142699673694078,0.0294032091813206,0.416361159191685,0.4364683757575727
replab contrastive (128d),contrastive,222,vol_20,gbdt,,,,,,,,,0.1494426964091836,0.7229779983094912,0.390111681975651,0.2469155408065987,0.3617700170741448,0.5356790159421452
replab contrastive (128d),contrastive,222,vol_20,mlp,,,,,,,,,-0.015294798769009,0.7314785488728018,0.3173509586983543,-0.112706430309291,0.4555643762287732,0.3687103037925284
replab contrastive (128d),contrastive,333,direction_1,linear,0.5524752475247525,0.5353641791997956,0.5387329565411757,0.7033429523448853,0.5219123505976095,0.5097541507024266,0.5149185823754788,0.7202607312274115,,,,,,
replab contrastive (128d),contrastive,333,direction_1,gbdt,0.5405940594059406,0.5195261359644922,0.5166044001660441,0.747841068431726,0.5318725099601593,0.5170418263090677,0.5241578863346105,0.750371379456362,,,,,,
replab contrastive (128d),contrastive,333,direction_1,mlp,0.5366336633663367,0.5122856595459335,0.5202605613564518,0.6992249594826127,0.5179282868525896,0.5021072796934866,0.5176524584929757,0.7029163015590587,,,,,,
replab contrastive (128d),contrastive,333,magnitude_1,linear,,,,,,,,,0.2855768852616523,0.6466675281624732,0.3929355604722483,0.0333710147743046,0.5291821009718003,0.2717864669409339
replab contrastive (128d),contrastive,333,magnitude_1,gbdt,,,,,,,,,0.3049291261046292,0.6502247456209742,0.4370542746135083,0.0657620248176258,0.5336850264416928,0.3342016062006096
replab contrastive (128d),contrastive,333,magnitude_1,mlp,,,,,,,,,0.2518589172706732,0.6596742239541921,0.3599130183184395,-0.0175242414480834,0.5459346615591703,0.2660863584725586
replab contrastive (128d),contrastive,333,vol_20,linear,,,,,,,,,0.0754319814285966,0.6652699392813789,0.3878066688656444,0.0374896689281534,0.4184539205413821,0.3403188780603327
replab contrastive (128d),contrastive,333,vol_20,gbdt,,,,,,,,,0.1104448825383914,0.7061966669078946,0.4065226709006305,0.2733504352519956,0.3641429742750006,0.4977523009391604
replab contrastive (128d),contrastive,333,vol_20,mlp,,,,,,,,,-0.0595107994703432,0.7076943264500206,0.3888199689534172,0.1504288820881946,0.4034794796639152,0.4321884368028719
replab contrastive (128d),contrastive,444,direction_1,linear,0.5782178217821782,0.5479292397100617,0.5764441038413641,0.6860697552313506,0.5159362549800797,0.4985871647509579,0.4951348978288633,0.7164529659693667,,,,,,
replab contrastive (128d),contrastive,444,direction_1,gbdt,0.5782178217821782,0.5559520388287511,0.5402816361720472,0.7226791645171116,0.5338645418326693,0.5213202426564495,0.5318566411238825,0.7430590124435913,,,,,,
replab contrastive (128d),contrastive,444,direction_1,mlp,0.5564356435643565,0.5180014049877064,0.5205798767442603,0.6888729949563676,0.5239043824701195,0.5018997445721584,0.5106920498084292,0.70188611514064,,,,,,
replab contrastive (128d),contrastive,444,magnitude_1,linear,,,,,,,,,0.2937077646003087,0.6530846806850115,0.3945461252929516,0.0125660060272845,0.5417455369870818,0.2751537866484799
replab contrastive (128d),contrastive,444,magnitude_1,gbdt,,,,,,,,,0.3304653572665971,0.6489612645076501,0.4144828399256738,-0.022554761430573,0.5471648792149205,0.3030413792310449
replab contrastive (128d),contrastive,444,magnitude_1,mlp,,,,,,,,,0.2445224725051316,0.6596168001815209,0.3842727995844492,0.0412514868719308,0.5429801600569355,0.279378651461263
replab contrastive (128d),contrastive,444,vol_20,linear,,,,,,,,,-0.1108283126173341,0.7134671690013004,0.3664811512207122,0.0373679994974816,0.412104949101024,0.4073853435530886
replab contrastive (128d),contrastive,444,vol_20,gbdt,,,,,,,,,0.2221877370692723,0.6815020797913118,0.3998688999334717,0.2750237091027359,0.3638979900188654,0.5097737772921433
replab contrastive (128d),contrastive,444,vol_20,mlp,,,,,,,,,-0.354568783749867,0.8390820357270801,0.2165371506094709,-0.1372407811692066,0.4619617292369069,0.3265095891195318
replab contrastive (128d),contrastive,555,direction_1,linear,0.5722772277227722,0.5533815499568924,0.5602548136794712,0.6908725333738727,0.5049800796812749,0.493103448275862,0.5086725734355044,0.7168419420135957,,,,,,
replab contrastive (128d),contrastive,555,direction_1,gbdt,0.5207920792079208,0.5052527381294505,0.523820927930517,0.7394402166238193,0.5209163346613546,0.5092832056194125,0.5289711047254151,0.7420666607722648,,,,,,
replab contrastive (128d),contrastive,555,direction_1,mlp,0.5623762376237624,0.5323386659003098,0.5235654756202702,0.6986010610415309,0.5249003984063745,0.5084371008939974,0.5080379948914431,0.7240834932263642,,,,,,
replab contrastive (128d),contrastive,555,magnitude_1,linear,,,,,,,,,0.2933271344978606,0.6456319675448653,0.427743374362515,0.0015832074925544,0.5518260687267859,0.2861367858312936
replab contrastive (128d),contrastive,555,magnitude_1,gbdt,,,,,,,,,0.2896811163905725,0.658996646715927,0.4216670212440583,0.0315229684439525,0.542060758861826,0.3111982193136301
replab contrastive (128d),contrastive,555,magnitude_1,mlp,,,,,,,,,0.3108079165527626,0.6398833402492375,0.4147350701235126,0.0012027744798337,0.5558943160601242,0.2846207832013882
replab contrastive (128d),contrastive,555,vol_20,linear,,,,,,,,,0.2187565309197909,0.6806384681391807,0.5181001019356596,-0.1029542295720791,0.4442347259882275,0.3464354120997167
replab contrastive (128d),contrastive,555,vol_20,gbdt,,,,,,,,,0.1863946008550823,0.6817420515234278,0.4479923147594263,0.1987604758857566,0.3738336391979832,0.518417006093229
replab contrastive (128d),contrastive,555,vol_20,mlp,,,,,,,,,0.1170369244914717,0.6982364602699537,0.4860466481430752,0.0682935574646257,0.4071525122889852,0.4202099794548465
replab contrastive (128d),contrastive,666,direction_1,linear,0.5504950495049505,0.5277325414311715,0.5592809017466551,0.690824886729165,0.5149402390438247,0.4999361430395913,0.499624840357599,0.7177570642358825,,,,,,
replab contrastive (128d),contrastive,666,direction_1,gbdt,0.5445544554455446,0.5294408787559473,0.5149439601494397,0.7530120064185746,0.49800796812749,0.4851053639846743,0.4937460089399744,0.7649417990914831,,,,,,
replab contrastive (128d),contrastive,666,direction_1,mlp,0.5584158415841585,0.5234936296580132,0.5385094357697097,0.692306196484499,0.5199203187250996,0.4986510217113665,0.5209051724137931,0.6975567380548209,,,,,,
replab contrastive (128d),contrastive,666,magnitude_1,linear,,,,,,,,,0.2567425120269898,0.6745361546228669,0.3589009295083453,0.0259394224711557,0.5458546954193131,0.288342495520937
replab contrastive (128d),contrastive,666,magnitude_1,gbdt,,,,,,,,,0.3119286201375177,0.6454706444860204,0.444326228686368,0.0332148131415772,0.537947416079709,0.3251912465173049
replab contrastive (128d),contrastive,666,magnitude_1,mlp,,,,,,,,,0.2757899211611452,0.6579420323953281,0.3951534065321146,0.0489169053230349,0.5374366111121739,0.2985670457811528
replab contrastive (128d),contrastive,666,vol_20,linear,,,,,,,,,0.1147635565336733,0.6922805056150774,0.4041631492341781,-0.0566859593738617,0.4248717958955071,0.3500515072849785
replab contrastive (128d),contrastive,666,vol_20,gbdt,,,,,,,,,0.1796690173085173,0.6675753194558188,0.4317226753731275,0.2645325203804251,0.3604483745517433,0.5065838038092287
replab contrastive (128d),contrastive,666,vol_20,mlp,,,,,,,,,-0.1017185448519428,0.8008615588934964,0.3043003058069782,-0.0639856440377031,0.4517800298650699,0.3798676707280659
replab contrastive (128d),contrastive,777,direction_1,linear,0.5762376237623762,0.5558083469042373,0.572660216495833,0.6912756454069128,0.5209163346613546,0.5065533205619412,0.5001516602809706,0.7094979458716726,,,,,,
replab contrastive (128d),contrastive,777,direction_1,gbdt,0.5683168316831683,0.5461410735383339,0.5346457195772265,0.7416207642115669,0.49800796812749,0.4863186462324393,0.5025223499361431,0.7583540220558992,,,,,,
replab contrastive (128d),contrastive,777,direction_1,mlp,0.5623762376237624,0.5323386659003098,0.5407286777149791,0.6913900655629412,0.5308764940239044,0.5132343550446998,0.5138689335887612,0.7066187804046249,,,,,,
replab contrastive (128d),contrastive,777,magnitude_1,linear,,,,,,,,,0.2473991308039431,0.6758077770778741,0.3579968794549537,0.0027742272186169,0.5435643721950112,0.2711764399706168
replab contrastive (128d),contrastive,777,magnitude_1,gbdt,,,,,,,,,0.2717309051197827,0.6732976287059138,0.4265970640526103,0.0156224272959507,0.5321820653265651,0.3402735847291732
replab contrastive (128d),contrastive,777,magnitude_1,mlp,,,,,,,,,0.3006836037659672,0.6439960610631196,0.4022387736189484,0.0054311281847164,0.5347670005302982,0.271790237516594
replab contrastive (128d),contrastive,777,vol_20,linear,,,,,,,,,0.1742006830896533,0.6667112712498615,0.3842144152303429,-0.1315559252883826,0.4502188793884259,0.3411898182830018
replab contrastive (128d),contrastive,777,vol_20,gbdt,,,,,,,,,0.1448656156906452,0.7050509107572716,0.395488741420726,0.2344230821696029,0.3654923442549275,0.5338566098462543
replab contrastive (128d),contrastive,777,vol_20,mlp,,,,,,,,,-0.1246604689073607,0.7773575043076403,0.3458872595334069,-0.2477733023803621,0.4851825674666841,0.2681169529284691
replab contrastive (128d),contrastive,888,direction_1,linear,0.5782178217821782,0.5548823322795925,0.5335281157198966,0.7007666563872612,0.49800796812749,0.4867736270753512,0.4764846743295019,0.7247455514661422,,,,,,
replab contrastive (128d),contrastive,888,direction_1,gbdt,0.5405940594059406,0.5227352556119679,0.4950186799501868,0.7681894119595496,0.5358565737051793,0.522565453384419,0.5200989782886335,0.742350740723076,,,,,,
replab contrastive (128d),contrastive,888,direction_1,mlp,0.5643564356435643,0.5223201456078168,0.5246032506306478,0.7029727702609703,0.5378486055776892,0.5148627075351213,0.5244931353767561,0.7101974194105007,,,,,,
replab contrastive (128d),contrastive,888,magnitude_1,linear,,,,,,,,,0.3466897064265842,0.6556925281848758,0.4249589188334732,-0.0482380092978702,0.5655430828590814,0.2457805101843203
replab contrastive (128d),contrastive,888,magnitude_1,gbdt,,,,,,,,,0.2550977478422195,0.6734641119108851,0.4015434866827558,-0.030595820060711,0.5463331997092173,0.3169509439124824
replab contrastive (128d),contrastive,888,magnitude_1,mlp,,,,,,,,,0.3033260018244096,0.650437084902272,0.3895809081586943,-0.0127599373782889,0.554181977659646,0.1952262561640945
replab contrastive (128d),contrastive,888,vol_20,linear,,,,,,,,,0.2073104308754293,0.6862262037957265,0.4151129398654152,0.032859864685816,0.4204611177974064,0.3993565984197234
replab contrastive (128d),contrastive,888,vol_20,gbdt,,,,,,,,,0.2321875730835612,0.6862777937070164,0.4176328191825394,0.1989741649443702,0.3771482364224928,0.5329617492486743
replab contrastive (128d),contrastive,888,vol_20,mlp,,,,,,,,,0.1329273125316503,0.6856148751971464,0.3749612849483706,-0.0668292398956194,0.4391675084493832,0.2919604310539456
replab contrastive (128d),contrastive,999,direction_1,linear,0.5465346534653466,0.5253057444838267,0.5459973816138199,0.6917449853961904,0.5328685258964143,0.5167544699872286,0.5123323754789272,0.70706244399238,,,,,,
replab contrastive (128d),contrastive,999,direction_1,gbdt,0.5207920792079208,0.4999042053836574,0.5165086055497016,0.7456088458292701,0.5438247011952191,0.532551085568327,0.5266962005108556,0.7463989650788394,,,,,,
replab contrastive (128d),contrastive,999,direction_1,mlp,0.5306930693069307,0.4899255995146406,0.520340390203404,0.690825963474491,0.5398406374501992,0.5139846743295019,0.5283365261813537,0.6962498424220177,,,,,,
replab contrastive (128d),contrastive,999,magnitude_1,linear,,,,,,,,,0.2771374899292077,0.6663711650172536,0.3580942960311785,0.0582246574290094,0.5376161017146666,0.2934351974505074
replab contrastive (128d),contrastive,999,magnitude_1,gbdt,,,,,,,,,0.2943534411096137,0.6566845075824447,0.4478468292756334,0.0459111343597314,0.5323495505330826,0.3464940148529081
replab contrastive (128d),contrastive,999,magnitude_1,mlp,,,,,,,,,0.2715359759331336,0.6467310570759089,0.3987629911771378,0.0762344352808601,0.5263888291098925,0.316428891112323
replab contrastive (128d),contrastive,999,vol_20,linear,,,,,,,,,0.1542303357360946,0.7075446136080931,0.401711848203454,0.1028165748316477,0.4013786455102749,0.4649344757520227
replab contrastive (128d),contrastive,999,vol_20,gbdt,,,,,,,,,0.2786724023580036,0.6540573404901356,0.4248909362985988,0.2683361666718282,0.3595985785940412,0.543311900844835
replab contrastive (128d),contrastive,999,vol_20,mlp,,,,,,,,,-0.1922688414667188,0.8312885862767129,0.3115236678947398,-0.0984626279188638,0.4563836587066585,0.3790762013992603
raw window (160d),raw,20260814,vol_5,linear,,,,,,,,,0.537126644818894,0.5233589267824705,0.6058673569220278,0.21335547633040586,0.41730335938934754,0.5158074718074719
raw window (160d),raw,20260814,vol_5,gbdt,,,,,,,,,0.38425532591917444,0.5868542606904456,0.6451097904821539,0.2825641176271454,0.3976052152534367,0.5729526449526451
raw window (160d),raw,20260814,vol_5,mlp,,,,,,,,,0.4834590706130405,0.5532666524847516,0.6050469332647551,0.06186085387336249,0.4506453758500294,0.4518530358530359
raw window (160d),raw,20260814,drawdown_20,linear,,,,,,,,,-0.16333202027359173,0.9672152607855727,0.048658863369718974,-0.032467075850333815,0.6145376664860552,0.08830654697618383
raw window (160d),raw,20260814,drawdown_20,gbdt,,,,,,,,,-0.44815692780700367,1.0505395832832805,0.10216903552966143,-0.1722395308627538,0.666330488641826,0.11286062354974292
raw window (160d),raw,20260814,drawdown_20,mlp,,,,,,,,,-0.27935474333141985,1.0106818933705428,-0.01370382571385151,-0.24042518427983217,0.6617535386580405,0.0448147723094688
raw window (160d),raw,111,vol_5,linear,,,,,,,,,0.537126644818894,0.5233589267824705,0.6058673569220278,0.21335547633040586,0.41730335938934754,0.5158074718074719
raw window (160d),raw,111,vol_5,gbdt,,,,,,,,,0.38425532591917444,0.5868542606904456,0.6451097904821539,0.2825641176271454,0.3976052152534367,0.5729526449526451
raw window (160d),raw,111,vol_5,mlp,,,,,,,,,0.4834590706130405,0.5532666524847516,0.6050469332647551,0.06186085387336249,0.4506453758500294,0.4518530358530359
raw window (160d),raw,111,drawdown_20,linear,,,,,,,,,-0.16333202027359173,0.9672152607855727,0.048658863369718974,-0.032467075850333815,0.6145376664860552,0.08830654697618383
raw window (160d),raw,111,drawdown_20,gbdt,,,,,,,,,-0.44815692780700367,1.0505395832832805,0.10216903552966143,-0.1722395308627538,0.666330488641826,0.11286062354974292
raw window (160d),raw,111,drawdown_20,mlp,,,,,,,,,-0.27935474333141985,1.0106818933705428,-0.01370382571385151,-0.24042518427983217,0.6617535386580405,0.0448147723094688
raw window (160d),raw,222,vol_5,linear,,,,,,,,,0.537126644818894,0.5233589267824705,0.6058673569220278,0.21335547633040586,0.41730335938934754,0.5158074718074719
raw window (160d),raw,222,vol_5,gbdt,,,,,,,,,0.38425532591917444,0.5868542606904456,0.6451097904821539,0.2825641176271454,0.3976052152534367,0.5729526449526451
raw window (160d),raw,222,vol_5,mlp,,,,,,,,,0.4834590706130405,0.5532666524847516,0.6050469332647551,0.06186085387336249,0.4506453758500294,0.4518530358530359
raw window (160d),raw,222,drawdown_20,linear,,,,,,,,,-0.16333202027359173,0.9672152607855727,0.048658863369718974,-0.032467075850333815,0.6145376664860552,0.08830654697618383
raw window (160d),raw,222,drawdown_20,gbdt,,,,,,,,,-0.44815692780700367,1.0505395832832805,0.10216903552966143,-0.1722395308627538,0.666330488641826,0.11286062354974292
raw window (160d),raw,222,drawdown_20,mlp,,,,,,,,,-0.27935474333141985,1.0106818933705428,-0.01370382571385151,-0.24042518427983217,0.6617535386580405,0.0448147723094688
raw window (160d),raw,333,vol_5,linear,,,,,,,,,0.537126644818894,0.5233589267824705,0.6058673569220278,0.21335547633040586,0.41730335938934754,0.5158074718074719
raw window (160d),raw,333,vol_5,gbdt,,,,,,,,,0.38425532591917444,0.5868542606904456,0.6451097904821539,0.2825641176271454,0.3976052152534367,0.5729526449526451
raw window (160d),raw,333,vol_5,mlp,,,,,,,,,0.4834590706130405,0.5532666524847516,0.6050469332647551,0.06186085387336249,0.4506453758500294,0.4518530358530359
raw window (160d),raw,333,drawdown_20,linear,,,,,,,,,-0.16333202027359173,0.9672152607855727,0.048658863369718974,-0.032467075850333815,0.6145376664860552,0.08830654697618383
raw window (160d),raw,333,drawdown_20,gbdt,,,,,,,,,-0.44815692780700367,1.0505395832832805,0.10216903552966143,-0.1722395308627538,0.666330488641826,0.11286062354974292
raw window (160d),raw,333,drawdown_20,mlp,,,,,,,,,-0.27935474333141985,1.0106818933705428,-0.01370382571385151,-0.24042518427983217,0.6617535386580405,0.0448147723094688
raw window (160d),raw,444,vol_5,linear,,,,,,,,,0.537126644818894,0.5233589267824705,0.6058673569220278,0.21335547633040586,0.41730335938934754,0.5158074718074719
raw window (160d),raw,444,vol_5,gbdt,,,,,,,,,0.38425532591917444,0.5868542606904456,0.6451097904821539,0.2825641176271454,0.3976052152534367,0.5729526449526451
raw window (160d),raw,444,vol_5,mlp,,,,,,,,,0.4834590706130405,0.5532666524847516,0.6050469332647551,0.06186085387336249,0.4506453758500294,0.4518530358530359
raw window (160d),raw,444,drawdown_20,linear,,,,,,,,,-0.16333202027359173,0.9672152607855727,0.048658863369718974,-0.032467075850333815,0.6145376664860552,0.08830654697618383
raw window (160d),raw,444,drawdown_20,gbdt,,,,,,,,,-0.44815692780700367,1.0505395832832805,0.10216903552966143,-0.1722395308627538,0.666330488641826,0.11286062354974292
raw window (160d),raw,444,drawdown_20,mlp,,,,,,,,,-0.27935474333141985,1.0106818933705428,-0.01370382571385151,-0.24042518427983217,0.6617535386580405,0.0448147723094688
raw window (160d),raw,555,vol_5,linear,,,,,,,,,0.537126644818894,0.5233589267824705,0.6058673569220278,0.21335547633040586,0.41730335938934754,0.5158074718074719
raw window (160d),raw,555,vol_5,gbdt,,,,,,,,,0.38425532591917444,0.5868542606904456,0.6451097904821539,0.2825641176271454,0.3976052152534367,0.5729526449526451
raw window (160d),raw,555,vol_5,mlp,,,,,,,,,0.4834590706130405,0.5532666524847516,0.6050469332647551,0.06186085387336249,0.4506453758500294,0.4518530358530359
raw window (160d),raw,555,drawdown_20,linear,,,,,,,,,-0.16333202027359173,0.9672152607855727,0.048658863369718974,-0.032467075850333815,0.6145376664860552,0.08830654697618383
raw window (160d),raw,555,drawdown_20,gbdt,,,,,,,,,-0.44815692780700367,1.0505395832832805,0.10216903552966143,-0.1722395308627538,0.666330488641826,0.11286062354974292
raw window (160d),raw,555,drawdown_20,mlp,,,,,,,,,-0.27935474333141985,1.0106818933705428,-0.01370382571385151,-0.24042518427983217,0.6617535386580405,0.0448147723094688
raw window (160d),raw,666,vol_5,linear,,,,,,,,,0.537126644818894,0.5233589267824705,0.6058673569220278,0.21335547633040586,0.41730335938934754,0.5158074718074719
raw window (160d),raw,666,vol_5,gbdt,,,,,,,,,0.38425532591917444,0.5868542606904456,0.6451097904821539,0.2825641176271454,0.3976052152534367,0.5729526449526451
raw window (160d),raw,666,vol_5,mlp,,,,,,,,,0.4834590706130405,0.5532666524847516,0.6050469332647551,0.06186085387336249,0.4506453758500294,0.4518530358530359
raw window (160d),raw,666,drawdown_20,linear,,,,,,,,,-0.16333202027359173,0.9672152607855727,0.048658863369718974,-0.032467075850333815,0.6145376664860552,0.08830654697618383
raw window (160d),raw,666,drawdown_20,gbdt,,,,,,,,,-0.44815692780700367,1.0505395832832805,0.10216903552966143,-0.1722395308627538,0.666330488641826,0.11286062354974292
raw window (160d),raw,666,drawdown_20,mlp,,,,,,,,,-0.27935474333141985,1.0106818933705428,-0.01370382571385151,-0.24042518427983217,0.6617535386580405,0.0448147723094688
raw window (160d),raw,777,vol_5,linear,,,,,,,,,0.537126644818894,0.5233589267824705,0.6058673569220278,0.21335547633040586,0.41730335938934754,0.5158074718074719
raw window (160d),raw,777,vol_5,gbdt,,,,,,,,,0.38425532591917444,0.5868542606904456,0.6451097904821539,0.2825641176271454,0.3976052152534367,0.5729526449526451
raw window (160d),raw,777,vol_5,mlp,,,,,,,,,0.4834590706130405,0.5532666524847516,0.6050469332647551,0.06186085387336249,0.4506453758500294,0.4518530358530359
raw window (160d),raw,777,drawdown_20,linear,,,,,,,,,-0.16333202027359173,0.9672152607855727,0.048658863369718974,-0.032467075850333815,0.6145376664860552,0.08830654697618383
raw window (160d),raw,777,drawdown_20,gbdt,,,,,,,,,-0.44815692780700367,1.0505395832832805,0.10216903552966143,-0.1722395308627538,0.666330488641826,0.11286062354974292
raw window (160d),raw,777,drawdown_20,mlp,,,,,,,,,-0.27935474333141985,1.0106818933705428,-0.01370382571385151,-0.24042518427983217,0.6617535386580405,0.0448147723094688
raw window (160d),raw,888,vol_5,linear,,,,,,,,,0.537126644818894,0.5233589267824705,0.6058673569220278,0.21335547633040586,0.41730335938934754,0.5158074718074719
raw window (160d),raw,888,vol_5,gbdt,,,,,,,,,0.38425532591917444,0.5868542606904456,0.6451097904821539,0.2825641176271454,0.3976052152534367,0.5729526449526451
raw window (160d),raw,888,vol_5,mlp,,,,,,,,,0.4834590706130405,0.5532666524847516,0.6050469332647551,0.06186085387336249,0.4506453758500294,0.4518530358530359
raw window (160d),raw,888,drawdown_20,linear,,,,,,,,,-0.16333202027359173,0.9672152607855727,0.048658863369718974,-0.032467075850333815,0.6145376664860552,0.08830654697618383
raw window (160d),raw,888,drawdown_20,gbdt,,,,,,,,,-0.44815692780700367,1.0505395832832805,0.10216903552966143,-0.1722395308627538,0.666330488641826,0.11286062354974292
raw window (160d),raw,888,drawdown_20,mlp,,,,,,,,,-0.27935474333141985,1.0106818933705428,-0.01370382571385151,-0.24042518427983217,0.6617535386580405,0.0448147723094688
raw window (160d),raw,999,vol_5,linear,,,,,,,,,0.537126644818894,0.5233589267824705,0.6058673569220278,0.21335547633040586,0.41730335938934754,0.5158074718074719
raw window (160d),raw,999,vol_5,gbdt,,,,,,,,,0.38425532591917444,0.5868542606904456,0.6451097904821539,0.2825641176271454,0.3976052152534367,0.5729526449526451
raw window (160d),raw,999,vol_5,mlp,,,,,,,,,0.4834590706130405,0.5532666524847516,0.6050469332647551,0.06186085387336249,0.4506453758500294,0.4518530358530359
raw window (160d),raw,999,drawdown_20,linear,,,,,,,,,-0.16333202027359173,0.9672152607855727,0.048658863369718974,-0.032467075850333815,0.6145376664860552,0.08830654697618383
raw window (160d),raw,999,drawdown_20,gbdt,,,,,,,,,-0.44815692780700367,1.0505395832832805,0.10216903552966143,-0.1722395308627538,0.666330488641826,0.11286062354974292
raw window (160d),raw,999,drawdown_20,mlp,,,,,,,,,-0.27935474333141985,1.0106818933705428,-0.01370382571385151,-0.24042518427983217,0.6617535386580405,0.0448147723094688
replab auto (128d),auto,20260814,vol_5,linear,,,,,,,,,0.2699396607333844,0.6585829087659368,0.49879596655317715,0.1945685467969902,0.4111824067935967,0.5136051336051336
replab auto (128d),auto,20260814,vol_5,gbdt,,,,,,,,,0.42543739675774805,0.5568273716164786,0.6058589709902669,0.19922652344299485,0.41335415226816835,0.5580422940422941
replab auto (128d),auto,20260814,vol_5,mlp,,,,,,,,,0.4065929056903157,0.569638556456177,0.5792960662525881,0.08953646492595346,0.4496581105616363,0.4604236844236844
replab auto (128d),auto,20260814,drawdown_20,linear,,,,,,,,,-0.38574721909300114,1.0800131975603628,-0.018025562839359667,-0.40254673648744776,0.7236683290018121,-0.03442056575397325
replab auto (128d),auto,20260814,drawdown_20,gbdt,,,,,,,,,-0.3454794575333391,1.045382599623764,-0.07090595143603814,-0.14442174735359692,0.6641144546437467,0.055188844313106174
replab auto (128d),auto,20260814,drawdown_20,mlp,,,,,,,,,-0.7690030519401134,1.2265727592676612,-0.01966701603395055,-0.697412697817162,0.806252447122281,-0.024501778220899762
replab auto (128d),auto,111,vol_5,linear,,,,,,,,,0.0294165836545498,0.6879132315470764,0.379276592255499,0.08671676861936595,0.4423355302630855,0.4212121212121212
replab auto (128d),auto,111,vol_5,gbdt,,,,,,,,,0.3562409903565449,0.5805428598181244,0.5908026827527474,0.21807926733721417,0.40702677144292343,0.5650595410595411
replab auto (128d),auto,111,vol_5,mlp,,,,,,,,,0.42603716556173865,0.554913466894991,0.5752587991718429,0.20140242351000703,0.41852041769215914,0.4951060711060711
replab auto (128d),auto,111,drawdown_20,linear,,,,,,,,,-0.47519338808528944,1.0188758582608182,-0.09315625410998159,-0.3659261005092871,0.7003077480107491,-0.025726733717779806
replab auto (128d),auto,111,drawdown_20,gbdt,,,,,,,,,-0.47587314381952184,1.1181155978930544,-0.15175449789995424,-0.17862795906938356,0.6698421197003916,0.03453872989507786
replab auto (128d),auto,111,drawdown_20,mlp,,,,,,,,,-0.4598955845687296,1.0465689734856907,0.05515702962242344,-0.7038102340842396,0.7918035744490395,-0.05849311450593413
replab auto (128d),auto,222,vol_5,linear,,,,,,,,,0.3875251036859788,0.5969584952515286,0.5158889180843551,0.12768203202683315,0.42598507041041794,0.5032388512388513
replab auto (128d),auto,222,vol_5,gbdt,,,,,,,,,0.3923389093952503,0.5782225609009168,0.5925274825619209,0.21630685567761432,0.41294392557338144,0.5504744624744624
replab auto (128d),auto,222,vol_5,mlp,,,,,,,,,0.31998954139686053,0.6461916890842517,0.5205503780191685,0.16127014046421162,0.42615860688990304,0.5332034692034693
replab auto (128d),auto,222,drawdown_20,linear,,,,,,,,,-0.2436385967619752,0.9947382210535262,-0.0011924330745481137,-0.34788092012768623,0.6951155440936485,-0.023385230365720655
replab auto (128d),auto,222,drawdown_20,gbdt,,,,,,,,,-0.24546614950614032,1.0050355202631847,-0.13401894857452548,-0.1544238960975084,0.6697054382977667,0.06194525782003284
replab auto (128d),auto,222,drawdown_20,mlp,,,,,,,,,-0.4146227724146401,1.0510509161395025,-0.15428555881318143,-0.36122693806793027,0.7159475641658045,-0.009139014700103212
replab auto (128d),auto,333,vol_5,linear,,,,,,,,,0.3299758063842191,0.6555753960493974,0.46724902303894994,0.08078004425705854,0.44267668545352284,0.4425110625110626
replab auto (128d),auto,333,vol_5,gbdt,,,,,,,,,0.42148086073286295,0.5640878876665367,0.6166531559988299,0.2828228160609634,0.3902073912445005,0.5896398616398617
replab auto (128d),auto,333,vol_5,mlp,,,,,,,,,0.24466211697228912,0.6365578656477549,0.5399788115457509,0.10951863240918702,0.4543335335654988,0.47609318009318013
replab auto (128d),auto,333,drawdown_20,linear,,,,,,,,,-0.39780357420745505,1.0533968349284804,-0.1020178092057707,-0.3639795802121377,0.7103882564340879,0.030202543514999722
replab auto (128d),auto,333,drawdown_20,gbdt,,,,,,,,,-0.4467419609814334,1.0991823380814143,-0.08944822750961594,-0.2611902378356872,0.6849681694070228,0.019687272237495775
replab auto (128d),auto,333,drawdown_20,mlp,,,,,,,,,-0.871887028978324,1.2360640877409292,0.01648120011272574,-0.5619041839309502,0.7598196453563445,0.04508212801770952
replab auto (128d),auto,444,vol_5,linear,,,,,,,,,0.4630696676028544,0.5590971882723236,0.5877044536751813,0.11233058406585061,0.43637817190071576,0.462998898998899
replab auto (128d),auto,444,vol_5,gbdt,,,,,,,,,0.4418711754769954,0.5419801208130691,0.6397389738973899,0.30242411490575216,0.3939891670320316,0.5743201063201064
replab auto (128d),auto,444,vol_5,mlp,,,,,,,,,0.3260384886581701,0.6106551250418046,0.5137626184978747,0.13382710610035176,0.4398360582074805,0.49534505134505136
replab auto (128d),auto,444,drawdown_20,linear,,,,,,,,,-0.44132027124265716,1.1086710820592875,-0.05197461466288811,-0.345998965270097,0.7244317497190791,0.0028675695306520136
replab auto (128d),auto,444,drawdown_20,gbdt,,,,,,,,,-0.28076728787752736,1.0199617394165132,-0.032336483509039914,-0.2215003953039112,0.6799823312405137,0.04041268247106351
replab auto (128d),auto,444,drawdown_20,mlp,,,,,,,,,-0.5006893211194967,1.1114998466944965,0.047993486180006296,-0.5689671918644685,0.7812710905581016,-0.03571327053339194
replab auto (128d),auto,555,vol_5,linear,,,,,,,,,0.3482199046359603,0.5889172783410508,0.5618345064320097,0.09542277128164622,0.4353846749493166,0.4594560634560635
replab auto (128d),auto,555,vol_5,gbdt,,,,,,,,,0.3729755622017371,0.5703308024599045,0.6120053930858925,0.24653591384256346,0.40179457288659254,0.5771062931062932
replab auto (128d),auto,555,vol_5,mlp,,,,,,,,,0.4258863972465611,0.5838197675554184,0.5527052084090398,0.12702515000468917,0.44993070159047066,0.47993105993105994
replab auto (128d),auto,555,drawdown_20,linear,,,,,,,,,-0.23331373811297462,0.9842277289680781,0.008799219660987567,-0.3518658791968836,0.6861815315846763,-0.017351086617093586
replab auto (128d),auto,555,drawdown_20,gbdt,,,,,,,,,-0.23890835278232503,1.031435486573272,-0.05981960833313941,-0.15182852338988528,0.6547216884328083,0.05732761463926825
replab auto (128d),auto,555,drawdown_20,mlp,,,,,,,,,-0.47649644739077224,1.0878208959799436,-0.07813816635147283,-0.4975637993445017,0.7606648418513707,-0.052446979178245916
replab auto (128d),auto,666,vol_5,linear,,,,,,,,,0.22901433981570107,0.6327562301433384,0.5050449765473443,0.10198055953364071,0.4415476581183066,0.5100179415479954
replab auto (128d),auto,666,vol_5,gbdt,,,,,,,,,0.3307616923270448,0.6238594198979549,0.6002985391706873,0.23399723979572984,0.408712565040134,0.5600218280218281
replab auto (128d),auto,666,vol_5,mlp,,,,,,,,,0.2920665205405053,0.6325724026149857,0.48538201646251594,0.0912121860080336,0.43850845748818323,0.4937712377712377
replab auto (128d),auto,666,drawdown_20,linear,,,,,,,,,-0.33465098664949844,1.0571224812124433,-0.008059347433720578,-0.21528053420033832,0.6672310383393335,0.13680176091880913
replab auto (128d),auto,666,drawdown_20,gbdt,,,,,,,,,-0.41844540143682685,1.0740776296192025,-0.01956084080531624,-0.11269176216116983,0.6538967241440014,0.1148567129200183
replab auto (128d),auto,666,drawdown_20,mlp,,,,,,,,,-0.5374136976656487,1.0901743028889561,-0.05634955587400415,-0.38733521552676287,0.7268999873012344,0.01064748000623148
replab auto (128d),auto,777,vol_5,linear,,,,,,,,,0.3508261881615802,0.6126169989304571,0.5087265869444089,0.10676699675056989,0.4377895824201257,0.47905976305976306
replab auto (128d),auto,777,vol_5,gbdt,,,,,,,,,0.3719614040470349,0.5588178174397952,0.6121582033979797,0.2934813700180552,0.392734652086441,0.5787507147507148
replab auto (128d),auto,777,vol_5,mlp,,,,,,,,,0.18709098051352147,0.660211231484205,0.4458757987600003,-0.0361011309896917,0.4758348534798969,0.43368267768267776
replab auto (128d),auto,777,drawdown_20,linear,,,,,,,,,-0.3744752647381828,1.0076393843524538,-0.05100231232782973,-0.4021349381109336,0.709551599142924,0.020582019828239217
replab auto (128d),auto,777,drawdown_20,gbdt,,,,,,,,,-0.32747149418945876,1.0425368327766893,-0.05949423413534125,-0.2259575841040622,0.673480095407323,0.021526761630534436
replab auto (128d),auto,777,drawdown_20,mlp,,,,,,,,,-0.559007405768746,1.1983744240795464,-0.0647517016106169,-0.5671861099296762,0.7613267435763544,0.03477373973142172
replab auto (128d),auto,888,vol_5,linear,,,,,,,,,0.4327340370409689,0.5468595702460215,0.5811815964205117,0.19399421071718614,0.41465105077812253,0.5455819375819376
replab auto (128d),auto,888,vol_5,gbdt,,,,,,,,,0.3890069670689519,0.5762726025715773,0.6211230439814169,0.2631910861609702,0.3928044144595219,0.5947363267363267
replab auto (128d),auto,888,vol_5,mlp,,,,,,,,,0.3425641978086458,0.586274840473438,0.5638695857163357,0.13045273876202645,0.44895108918939686,0.5228352308352309
replab auto (128d),auto,888,drawdown_20,linear,,,,,,,,,-0.3725539473948276,1.059341355875464,-0.1364904227754125,-0.2807678032342069,0.677033379192813,0.0036276096238373814
replab auto (128d),auto,888,drawdown_20,gbdt,,,,,,,,,-0.240481942150077,1.0530053118492435,0.003189962299174991,-0.19424696133646746,0.6729312720021856,0.07625352205939964
replab auto (128d),auto,888,drawdown_20,mlp,,,,,,,,,-0.49265365645933956,1.05382749498949,0.013423129903179412,-0.6760003755899064,0.7865637304016387,-0.108538494313915
replab auto (128d),auto,999,vol_5,linear,,,,,,,,,0.21364619515137628,0.6546237994360381,0.5167722016791481,0.12612883154933197,0.44253295939877063,0.43551792351792357
replab auto (128d),auto,999,vol_5,gbdt,,,,,,,,,0.37335811428211163,0.590859130873812,0.5975151552422324,0.29681162441206654,0.3913658998341629,0.5904625824625825
replab auto (128d),auto,999,vol_5,mlp,,,,,,,,,0.3480574919083159,0.5968981038500066,0.5395828092125983,0.11690127712693743,0.44091552575332776,0.4369360489360489
replab auto (128d),auto,999,drawdown_20,linear,,,,,,,,,-0.48071391414298015,1.0932067178564797,-0.03123624910823787,-0.34695089835040527,0.7235038030312279,-0.024005917009250963
replab auto (128d),auto,999,drawdown_20,gbdt,,,,,,,,,-0.33221756725249807,1.0746963543750103,-0.08457870260952148,-0.2201653306490654,0.6788817257029609,0.010155592967119698
replab auto (128d),auto,999,drawdown_20,mlp,,,,,,,,,-0.4996313639301426,1.148338622165532,-0.05634601514676581,-0.5773537902236996,0.7835720183066729,-0.03129437992767377
replab predictive (128d),predictive,20260814,vol_5,linear,,,,,,,,,0.1285479215715447,0.6339355939756582,0.4889079280598868,0.1607342156971835,0.4183398084956018,0.4747981027981028
replab predictive (128d),predictive,20260814,vol_5,gbdt,,,,,,,,,0.41652032609198997,0.5557998191883609,0.6439666016291071,0.27804188816517506,0.39499247506344326,0.5770474810474812
replab predictive (128d),predictive,20260814,vol_5,mlp,,,,,,,,,0.36858701071575883,0.5600313321993559,0.6122565983306407,0.3145799369473491,0.3942076533074114,0.5615559455559456
replab predictive (128d),predictive,20260814,drawdown_20,linear,,,,,,,,,-0.34497940771064917,1.0111677507074475,0.017858962305091874,-0.21113902032995568,0.6611157264803225,0.061370245908266834
replab predictive (128d),predictive,20260814,drawdown_20,gbdt,,,,,,,,,-0.24042004588958288,0.9813026023615262,0.04249865021421209,-0.10127335045319108,0.6285227766068575,0.1339707374518822
replab predictive (128d),predictive,20260814,drawdown_20,mlp,,,,,,,,,-0.536696035073418,1.0440396258087856,0.07623278921207574,-0.36700084987394477,0.6931045092514763,0.0045215033639251605
replab predictive (128d),predictive,111,vol_5,linear,,,,,,,,,0.26251507169737254,0.6128842270640854,0.5634124592583483,0.10303859720838282,0.42666400869075016,0.4969263769263769
replab predictive (128d),predictive,111,vol_5,gbdt,,,,,,,,,0.2926311373924194,0.5865746155096258,0.6361602309299255,0.31544083138711976,0.3819011537466802,0.5792410952410953
replab predictive (128d),predictive,111,vol_5,mlp,,,,,,,,,0.440025312464448,0.5537129848177689,0.6405838099337885,0.21837032996511152,0.4154697811886392,0.5024804264804265
replab predictive (128d),predictive,111,drawdown_20,linear,,,,,,,,,-0.39941506454372044,1.0035951260847649,-6.0937779312714685e-05,-0.16471274275300463,0.6357464263642721,0.05539896691416293
replab predictive (128d),predictive,111,drawdown_20,gbdt,,,,,,,,,-0.22963384473662396,0.9527351213301429,0.04661045948529891,-0.16327051825717254,0.6440529970733833,0.11228787810920261
replab predictive (128d),predictive,111,drawdown_20,mlp,,,,,,,,,-0.3168442390818331,0.9572451758132271,0.06648912714877368,-0.285548834152044,0.6727287979183757,-0.0349434174359801
replab predictive (128d),predictive,222,vol_5,linear,,,,,,,,,-0.2017808863161823,0.7289087113957745,0.3539740930614801,-0.07689811854334438,0.4707819445371234,0.3567319598021557
replab predictive (128d),predictive,222,vol_5,gbdt,,,,,,,,,0.35455440126025206,0.5524637991949793,0.6577851263387209,0.2628487195957917,0.404727839509928,0.5547315627315628
replab predictive (128d),predictive,222,vol_5,mlp,,,,,,,,,0.4748265061644049,0.5160796676227478,0.6679718903567377,0.24672137181351717,0.4050831193073545,0.5427625227625228
replab predictive (128d),predictive,222,drawdown_20,linear,,,,,,,,,-0.31087600647114466,0.998761239092976,-0.053843978879189854,-0.20464452534084465,0.6511161467483093,0.00043653114770753396
replab predictive (128d),predictive,222,drawdown_20,gbdt,,,,,,,,,-0.23684792010693512,0.9451404548544102,0.025226330506295826,-0.1796912374634152,0.6450825293250836,0.06481364980977229
replab predictive (128d),predictive,222,drawdown_20,mlp,,,,,,,,,-0.13197896846740775,0.9388477548868858,0.000953201043377785,-0.2108310938267739,0.6562430287482053,0.04015021129083827
replab predictive (128d),predictive,333,vol_5,linear,,,,,,,,,0.3357021003183036,0.5931089879698527,0.4912586910865,0.038176738999287974,0.44518737440551814,0.38415778815778817
replab predictive (128d),predictive,333,vol_5,gbdt,,,,,,,,,0.375066135789607,0.5652229479269967,0.6227836448241099,0.2640381968023531,0.40013278762743915,0.5572331332331333
replab predictive (128d),predictive,333,vol_5,mlp,,,,,,,,,0.37874003741633144,0.5641916407821737,0.62063367827466,0.1925736813243426,0.41515466504736287,0.5319025839025839
replab predictive (128d),predictive,333,drawdown_20,linear,,,,,,,,,-0.8120341420329689,1.1283092033200905,0.00908592539026161,-0.21874078111508077,0.666882214777534,0.03862186256539763
replab predictive (128d),predictive,333,drawdown_20,gbdt,,,,,,,,,-0.34427559549704556,1.0312742077695358,-0.03747379920079301,-0.15906168250458763,0.6452160994920084,0.10986702315098963
replab predictive (128d),predictive,333,drawdown_20,mlp,,,,,,,,,-0.3614156466169949,1.0340229071179654,-0.01613989264235498,-0.26295849737918475,0.6631049205699288,0.08164118785204448
replab predictive (128d),predictive,444,vol_5,linear,,,,,,,,,0.26015316956127976,0.6120209457124024,0.4979436763552132,0.10861076440520157,0.4323186934780816,0.4675767835767836
replab predictive (128d),predictive,444,vol_5,gbdt,,,,,,,,,0.35282271931331677,0.5651470827078472,0.6099924899322231,0.2640097705923372,0.39978126859775215,0.5517589437589437
replab predictive (128d),predictive,444,vol_5,mlp,,,,,,,,,0.29498849049350506,0.5945858355494464,0.5866051511983498,0.2438373202428914,0.40650475703701705,0.5384364104364104
replab predictive (128d),predictive,444,drawdown_20,linear,,,,,,,,,-0.32571904159169596,0.9840303770341214,0.021374764687227973,-0.1287538849532608,0.6459263371740345,0.03022567282246635
replab predictive (128d),predictive,444,drawdown_20,gbdt,,,,,,,,,-0.39438949959114167,1.027428625511104,0.005960674540219156,-0.16579418286015013,0.6408356042257369,0.13084814909930104
replab predictive (128d),predictive,444,drawdown_20,mlp,,,,,,,,,-0.27384195176333437,0.9717310853973519,0.07519465730349376,-0.2723407514457459,0.6845273088681141,-0.012555698098737338
replab predictive (128d),predictive,555,vol_5,linear,,,,,,,,,0.43464134434998736,0.5639141729016798,0.5341996932612516,0.1645105645578253,0.42434007651533767,0.4746747306747307
replab predictive (128d),predictive,555,vol_5,gbdt,,,,,,,,,0.334648902196238,0.5525437047328791,0.6375785715217486,0.29350872284176377,0.3877706459043387,0.5815345975345976
replab predictive (128d),predictive,555,vol_5,mlp,,,,,,,,,0.3394600151793602,0.5799257314997023,0.6034543516463449,0.2053660226239561,0.4143703549046051,0.5330493650493651
replab predictive (128d),predictive,555,drawdown_20,linear,,,,,,,,,-0.2808711412868994,0.970532747652843,0.027749238429171548,-0.16531682053894836,0.648344017506464,0.031583546497515755
replab predictive (128d),predictive,555,drawdown_20,gbdt,,,,,,,,,-0.27585063408749,0.9849250796408855,-0.04442322182232237,-0.13265120020113286,0.6385833774682119,0.08464096611142402
replab predictive (128d),predictive,555,drawdown_20,mlp,,,,,,,,,-0.2836996757528256,0.9586888455237917,-0.05210627380993531,-0.16212183738254837,0.6415767589210897,0.07433564792050842
replab predictive (128d),predictive,666,vol_5,linear,,,,,,,,,-0.1002720091521292,0.6693808442627374,0.44713601794962116,0.024618830821589444,0.4499012646487592,0.39734964134964135
replab predictive (128d),predictive,666,vol_5,gbdt,,,,,,,,,0.4460802774157854,0.5327754232920564,0.643141146412778,0.30232630503134705,0.39073957159285283,0.5791286551286552
replab predictive (128d),predictive,666,vol_5,mlp,,,,,,,,,0.46125120505634076,0.5550043001713106,0.6436874432784894,0.2366699257671503,0.4125816325333245,0.5680150480150481
replab predictive (128d),predictive,666,drawdown_20,linear,,,,,,,,,-0.8833644065012118,1.1839195579895065,-0.02784385970576491,-0.3686655605945366,0.6958116276183002,-0.006185834084593729
replab predictive (128d),predictive,666,drawdown_20,gbdt,,,,,,,,,-0.2144209943593296,0.9507854309347545,0.010517637084496344,-0.19632067546711673,0.6487145637159214,0.11151090540411782
replab predictive (128d),predictive,666,drawdown_20,mlp,,,,,,,,,-0.19146952661525063,0.9708361934771045,-0.026429991413270824,-0.25031840253315085,0.6604213754624134,-0.028277141678048658
replab predictive (128d),predictive,777,vol_5,linear,,,,,,,,,0.28241905690665026,0.6095652343455427,0.5808030181900179,0.2031445674284481,0.4189541424039628,0.5475407235407236
replab predictive (128d),predictive,777,vol_5,gbdt,,,,,,,,,0.3667889793651825,0.5512755098880981,0.6467815725671947,0.3225243998075584,0.3886878895461167,0.5726671526671527
replab predictive (128d),predictive,777,vol_5,mlp,,,,,,,,,0.2446584002235982,0.6192124815407948,0.6165731169390232,0.2058061621342504,0.4157788352913752,0.5357710877710877
replab predictive (128d),predictive,777,drawdown_20,linear,,,,,,,,,-0.2779881810113316,1.005318497403672,-0.005364248354621776,-0.10579302360315612,0.6328198814088287,0.10893405318677801
replab predictive (128d),predictive,777,drawdown_20,gbdt,,,,,,,,,-0.4234436417638108,1.0227720026115075,-0.055391369859382894,-0.15092714593888013,0.6372171153187152,0.11239324076878593
replab predictive (128d),predictive,777,drawdown_20,mlp,,,,,,,,,-0.16791395715627355,0.9259117902856908,0.09969280930011241,-0.17143844578662581,0.6535018326040472,0.031307721344168496
replab predictive (128d),predictive,888,vol_5,linear,,,,,,,,,0.04411535409044487,0.6518508924151474,0.5793916658746621,0.12073304827448839,0.43236943973124403,0.4607928407928409
replab predictive (128d),predictive,888,vol_5,gbdt,,,,,,,,,0.4107730397017574,0.5470980819469503,0.6447078248197492,0.3029566625646488,0.38910619996014895,0.5638768798768798
replab predictive (128d),predictive,888,vol_5,mlp,,,,,,,,,0.1048296307059674,0.6524039066987866,0.5988896094578403,0.1854657839509558,0.4230761466784567,0.5265017625017625
replab predictive (128d),predictive,888,drawdown_20,linear,,,,,,,,,-0.9918529612253151,1.2005303720044307,0.029083347181770088,-0.15431256395076254,0.6490337893805439,0.05985800733563817
replab predictive (128d),predictive,888,drawdown_20,gbdt,,,,,,,,,-0.1409746660494151,0.9267293092126166,0.08113241029369621,-0.1593636001832226,0.6369477056143511,0.05257844706596338
replab predictive (128d),predictive,888,drawdown_20,mlp,,,,,,,,,-0.5411330798569374,1.0424832772916002,-0.03438437491978074,-0.2937702398507491,0.6665061599892164,0.005283269993362787
replab predictive (128d),predictive,999,vol_5,linear,,,,,,,,,0.2654168866025438,0.5948678949446248,0.5300531295365563,0.11304841301802304,0.43363108167524256,0.4835078795078795
replab predictive (128d),predictive,999,vol_5,gbdt,,,,,,,,,0.34985358737618155,0.5718814219836726,0.6603589551501735,0.32403841387363785,0.3855088447504996,0.5749163989163989
replab predictive (128d),predictive,999,vol_5,mlp,,,,,,,,,0.3967009740225924,0.5788361769335658,0.5527140602258984,0.20913915587338072,0.4173416789459146,0.5157177717177718
replab predictive (128d),predictive,999,drawdown_20,linear,,,,,,,,,-0.5340880533749437,1.0494861386862568,0.01893832505059415,-0.3122673357179433,0.6752685698131792,-0.02397977411123494
replab predictive (128d),predictive,999,drawdown_20,gbdt,,,,,,,,,-0.31870545050850985,1.0004556272322298,0.0037467416574060715,-0.19109928075640603,0.6441113921151335,0.041625954026250994
replab predictive (128d),predictive,999,drawdown_20,mlp,,,,,,,,,-0.33531741025446915,1.0098252570180197,-0.0387909031449442,-0.2976180139182729,0.6762361771080804,-0.050437893698726255
replab contrastive (128d),contrastive,20260814,vol_5,linear,,,,,,,,,0.3533173662910051,0.5921741309049491,0.48066455713894374,0.050285789325486996,0.4459970211194354,0.3923118634887991
replab contrastive (128d),contrastive,20260814,vol_5,gbdt,,,,,,,,,0.46107366723333454,0.5146176820303779,0.619178625937128,0.22383429940176014,0.40385849926362594,0.5267132987132987
replab contrastive (128d),contrastive,20260814,vol_5,mlp,,,,,,,,,0.23277926117578662,0.6165589804927447,0.4508253620393096,0.07049015570112538,0.44675998046703846,0.44464711264711265
replab contrastive (128d),contrastive,20260814,drawdown_20,linear,,,,,,,,,-0.15192089832623923,0.8993931252934433,0.05764098954567728,-0.476101372595906,0.7102901724587484,-0.06783267110047246
replab contrastive (128d),contrastive,20260814,drawdown_20,gbdt,,,,,,,,,-0.24720393914238192,0.9501796646590931,-0.013596206241212085,-0.09929932505439054,0.6280206083412125,0.0743676422068412
replab contrastive (128d),contrastive,20260814,drawdown_20,mlp,,,,,,,,,-0.47966717088616084,1.0781018183173832,-0.0463965250184763,-0.7307824034265329,0.7838085010350115,-0.0638322112642245
replab contrastive (128d),contrastive,111,vol_5,linear,,,,,,,,,0.43367753962462796,0.5732617006777838,0.554471844699998,0.06551465673033396,0.45358416664849754,0.45688878088878093
replab contrastive (128d),contrastive,111,vol_5,gbdt,,,,,,,,,0.5018287075822998,0.5330251454593721,0.6120529133658709,0.24007136541440965,0.40461157437079853,0.5515467715467716
replab contrastive (128d),contrastive,111,vol_5,mlp,,,,,,,,,0.23807032406655781,0.6521983963428891,0.4496370755087932,0.03404310421689882,0.4603076413137212,0.45209344409344404
replab contrastive (128d),contrastive,111,drawdown_20,linear,,,,,,,,,-0.24798362306535493,0.9546152602170895,-0.014154709374546047,-0.24638168787656034,0.6813306940787606,0.01630869820268424
replab contrastive (128d),contrastive,111,drawdown_20,gbdt,,,,,,,,,-0.23186911045789826,0.9285850411457703,-0.04334851792844951,-0.10242068396346293,0.6375721647465413,0.04766937712244476
replab contrastive (128d),contrastive,111,drawdown_20,mlp,,,,,,,,,-0.4866823803019411,1.0689248288205748,-0.031169441175872097,-0.655945246168508,0.7638578665907285,-0.029328238113483028
replab contrastive (128d),contrastive,222,vol_5,linear,,,,,,,,,0.4614783845293017,0.5554184504729579,0.5142390325989121,0.018270886010289478,0.4604062952733514,0.3805441045441046
replab contrastive (128d),contrastive,222,vol_5,gbdt,,,,,,,,,0.4882780680831599,0.5289106379696326,0.6108037822415783,0.1737230345881694,0.4194817104661645,0.5335635535635536
replab contrastive (128d),contrastive,222,vol_5,mlp,,,,,,,,,0.3023830701171779,0.5935501828744969,0.49956532920372787,0.0058986826358709,0.466263717518946,0.4748540348540348
replab contrastive (128d),contrastive,222,drawdown_20,linear,,,,,,,,,-0.22799353480848095,0.9732350137333032,0.058163339990367,-0.29112171262256403,0.6930892448407011,-0.051710752728714435
replab contrastive (128d),contrastive,222,drawdown_20,gbdt,,,,,,,,,-0.1342450414075842,0.895728395295256,0.03963778919413879,-0.14485998085224194,0.6435035818032638,0.05225211915765913
replab contrastive (128d),contrastive,222,drawdown_20,mlp,,,,,,,,,-0.5131057128061496,1.0803731382690407,-0.040855426656002024,-0.5838745424056568,0.7670357060902679,-0.034041368166468015
replab contrastive (128d),contrastive,333,vol_5,linear,,,,,,,,,0.36200098899346167,0.5769299164282439,0.48927187749830897,0.009711478235221449,0.4649649200537908,0.3531850611850612
replab contrastive (128d),contrastive,333,vol_5,gbdt,,,,,,,,,0.39293711911146323,0.5474816035842728,0.5932273351558759,0.2430958304512879,0.4073979072394654,0.5682589362589362
replab contrastive (128d),contrastive,333,vol_5,mlp,,,,,,,,,0.3717949672453209,0.5575406853108286,0.5205229839754162,0.14745438783586817,0.43098937440754703,0.46134206934206934
replab contrastive (128d),contrastive,333,drawdown_20,linear,,,,,,,,,-0.2821442664330822,0.9186541461409675,0.05602753604937916,-0.34297950997655113,0.6888267299393565,-0.03323481204748996
replab contrastive (128d),contrastive,333,drawdown_20,gbdt,,,,,,,,,-0.2438781429854031,0.9711088999514849,0.017596808723904837,-0.13769502518640664,0.6408215906188639,0.019223844794134866
replab contrastive (128d),contrastive,333,drawdown_20,mlp,,,,,,,,,-0.3764165002294264,1.028340623099944,-0.04545501769268834,-0.35088097230062454,0.703837637166057,0.014383742126001933
replab contrastive (128d),contrastive,444,vol_5,linear,,,,,,,,,0.34555928504249855,0.6061433138499472,0.5359408922258687,0.048238248769017056,0.4523519911607773,0.4191783231783232
replab contrastive (128d),contrastive,444,vol_5,gbdt,,,,,,,,,0.455937086539159,0.5405417263437912,0.5802248547836151,0.20776102977022248,0.4138971973287676,0.5445576525576525
replab contrastive (128d),contrastive,444,vol_5,mlp,,,,,,,,,-0.05436207952042116,0.6928696693481177,0.360180707511745,0.03308602923299575,0.46254392152138873,0.4165735285735286
replab contrastive (128d),contrastive,444,drawdown_20,linear,,,,,,,,,-0.545359782322115,0.9672792708320999,0.017603564058767486,-0.2961997255513862,0.6855084315022802,-0.020041287508972615
replab contrastive (128d),contrastive,444,drawdown_20,gbdt,,,,,,,,,-0.16688859667116285,0.9290059919617356,-0.03170902937159064,-0.19452882288912776,0.6618825199213224,0.008668021888800588
replab contrastive (128d),contrastive,444,drawdown_20,mlp,,,,,,,,,-0.4785803589765203,1.0257675607834205,-0.041376239679654044,-0.4550055495737071,0.7244099164514677,-0.05346012948601246
replab contrastive (128d),contrastive,555,vol_5,linear,,,,,,,,,0.46755262894465366,0.5370631479336536,0.6278982246050693,0.07769539678375559,0.44853845922527263,0.4280802320802321
replab contrastive (128d),contrastive,555,vol_5,gbdt,,,,,,,,,0.5029183712382146,0.5036678020807162,0.6576186190047577,0.2167394816851791,0.4189136891719303,0.5371899691899692
replab contrastive (128d),contrastive,555,vol_5,mlp,,,,,,,,,0.44372375074474324,0.5390860688424105,0.6266391235396833,0.16472006013729423,0.424740098590471,0.5035168795168795
replab contrastive (128d),contrastive,555,drawdown_20,linear,,,,,,,,,-0.15416301200756544,0.9178681375297466,0.09618376225283898,-0.40908363572802475,0.7139030922017758,-0.11711694350194836
replab contrastive (128d),contrastive,555,drawdown_20,gbdt,,,,,,,,,-0.17437485621789617,0.9023804323537238,0.047792643086262326,-0.20165682856569833,0.6638793928514056,-0.002102500508237338
replab contrastive (128d),contrastive,555,drawdown_20,mlp,,,,,,,,,-0.879095721471121,1.1288865668102492,-0.0013115599107121898,-0.6883277111097745,0.7795636483749971,-0.0430027693735661
replab contrastive (128d),contrastive,666,vol_5,linear,,,,,,,,,0.29302305153191444,0.6079788864234054,0.4963723390972638,0.0009709708648910631,0.4766950713975122,0.3601986841986842
replab contrastive (128d),contrastive,666,vol_5,gbdt,,,,,,,,,0.5176414215841911,0.5064363972121841,0.6235485349777214,0.1783943423306017,0.4232883075548401,0.5232037512037512
replab contrastive (128d),contrastive,666,vol_5,mlp,,,,,,,,,0.2096787343548857,0.6368719737836417,0.4347828882267109,0.10585224209602007,0.4466646044516088,0.4389083469083469
replab contrastive (128d),contrastive,666,drawdown_20,linear,,,,,,,,,-0.1916435880514198,0.9595260159778424,0.023823503692163447,-0.4069722078723199,0.6939188287370608,-0.02368539654106795
replab contrastive (128d),contrastive,666,drawdown_20,gbdt,,,,,,,,,-0.23040082266290973,0.9386794015947726,0.00040788246015505895,-0.2516906883177905,0.6674079064744528,-0.04057425487270674
replab contrastive (128d),contrastive,666,drawdown_20,mlp,,,,,,,,,-0.3984649454204685,1.014579254283804,-0.029380069442047366,-0.45910027206673654,0.7226935661810838,-0.004213658810990549
replab contrastive (128d),contrastive,777,vol_5,linear,,,,,,,,,0.36418882028765853,0.580211751536144,0.4688093654085906,-0.02505169973071042,0.4789904575744561,0.40137906537906537
replab contrastive (128d),contrastive,777,vol_5,gbdt,,,,,,,,,0.3452359402634363,0.5555210228768463,0.619230711891065,0.22164870087163902,0.41170877185932575,0.5567220767220767
replab contrastive (128d),contrastive,777,vol_5,mlp,,,,,,,,,0.3026641610768971,0.587292664300673,0.523000747279697,0.009832223180625488,0.47090193759271437,0.3912150432150432
replab contrastive (128d),contrastive,777,drawdown_20,linear,,,,,,,,,-0.19064731994917006,0.9287625869133012,-0.08883293297491943,-0.3653152073489334,0.7001743838864003,-0.08356640133958622
replab contrastive (128d),contrastive,777,drawdown_20,gbdt,,,,,,,,,-0.28269203963277256,1.0168673387439167,-0.04172653873366957,-0.2033904486342586,0.6560551418795828,0.04460984815210976
replab contrastive (128d),contrastive,777,drawdown_20,mlp,,,,,,,,,-0.3189035662058388,1.0241388044307327,0.0634973058093976,-0.5744987959271375,0.7626618526855399,-0.06228869413301855
replab contrastive (128d),contrastive,888,vol_5,linear,,,,,,,,,0.4940027307893391,0.5564422392247514,0.5333247610475335,-0.058722970715816336,0.4850232783430013,0.384950964950965
replab contrastive (128d),contrastive,888,vol_5,gbdt,,,,,,,,,0.4898024261567898,0.5208109327229162,0.5815767601604882,0.1252976685940339,0.4210064483618595,0.5399753639753639
replab contrastive (128d),contrastive,888,vol_5,mlp,,,,,,,,,0.4043937615595823,0.5752169384835226,0.5647761049396866,-0.014373364135269684,0.4692734989523063,0.4147656427656428
replab contrastive (128d),contrastive,888,drawdown_20,linear,,,,,,,,,0.003428838380195476,0.851150798108034,0.1737463274854979,-0.2634563292095633,0.6562402174772176,-0.008237693714973897
replab contrastive (128d),contrastive,888,drawdown_20,gbdt,,,,,,,,,-0.1911730249703092,0.9715617232190403,0.05418770895240789,-0.22240332233262783,0.6549808578193653,0.151715242036886
replab contrastive (128d),contrastive,888,drawdown_20,mlp,,,,,,,,,-0.2818551665419802,0.9806007653963912,0.09537577761474997,-0.5825777246657378,0.7482134167076682,-0.05143529171755855
replab contrastive (128d),contrastive,999,vol_5,linear,,,,,,,,,0.39484847049101934,0.5773591037616917,0.5662267779572989,0.15780225243593815,0.4396061866157513,0.5137930537930538
replab contrastive (128d),contrastive,999,vol_5,gbdt,,,,,,,,,0.5170439910050018,0.5257457910518459,0.6028235432238876,0.1560988879213726,0.4286034913239913,0.5015676695676696
replab contrastive (128d),contrastive,999,vol_5,mlp,,,,,,,,,0.14054553846687212,0.645794954964693,0.4615834875413008,-0.0933774485376635,0.49283935084783953,0.3956135156135156
replab contrastive (128d),contrastive,999,drawdown_20,linear,,,,,,,,,-0.18781851475244693,0.9712428735011688,-0.02908665496642697,-0.3239705712213563,0.6873321369651537,0.016388187931738244
replab contrastive (128d),contrastive,999,drawdown_20,gbdt,,,,,,,,,-0.12911192772541513,0.9382173266076005,0.05330238737727065,-0.0784524280753951,0.6311851970380872,0.08355601700881808
replab contrastive (128d),contrastive,999,drawdown_20,mlp,,,,,,,,,-0.6540266074793983,1.1001563127804266,0.02302129603009492,-0.6272914338209619,0.7715407626707731,-0.04370142639424843
