date,P_up,sign,fP,fP_vol,vol20d,ret,ret_sign
2021-01-05,0.6133922886631007,1.0,0.2267845773262014,1.4718028719443794,0.15408624459782394,0.009157670524661876,1.0
2021-01-06,0.6084434806440008,1.0,0.21688696128800156,1.335637155704048,0.16238464193793334,0.017717770819474454,1.0
2021-01-07,0.6333845200975694,1.0,0.2667690401951388,1.6858880980091357,0.15823650484878932,-0.0033056100515502784,-1.0
2021-01-08,0.5711126013416719,1.0,0.1422252026833437,0.8667821965892057,0.16408413006520084,-0.009876022463024103,-1.0
2021-01-11,0.5254096633809091,1.0,0.05081932676181822,0.2906471544895446,0.17484887079342223,0.028522421146380816,1.0
2021-01-12,0.5540383480864949,1.0,0.10807669617298976,0.6127571416257167,0.1763777014271096,-0.0032846391212277837,-1.0
2021-01-13,0.5690360170065596,1.0,0.13807203401311918,0.7296392862362364,0.18923327816591196,-0.019274929898344673,-1.0
2021-01-14,0.6161201357901497,1.0,0.23224027158029936,1.2223074619818113,0.1900015166427539,-0.0022621514550158484,-1.0
2021-01-15,0.5233071469746708,1.0,0.04661429394934169,0.24357731879042394,0.1913737049936453,0.011073489015644755,1.0
2021-01-20,0.5941286452076052,1.0,0.18825729041521044,0.9638156512670094,0.19532499826884098,0.016166541950473512,1.0
2021-01-21,0.5781831623209129,1.0,0.15636632464182587,0.806694194597077,0.19383593645411917,0.0008637963661612957,1.0
2021-01-22,0.5878604667580413,1.0,0.17572093351608253,0.9143423077308873,0.19218287508992898,0.01008065674454417,1.0
2021-01-26,0.5674787696804414,1.0,0.13495753936088284,0.7035961455267437,0.19181108398461671,0.002727206107490554,1.0
2021-01-27,0.43926636741517305,-1.0,0.12146726516965389,0.5753818726610344,0.21110721581806244,-0.027290144379443992,-1.0
2021-01-28,0.5679629533977983,1.0,0.13592590679559668,0.63820183322602,0.2129826329525104,-0.0046824122029114346,-1.0
2021-01-29,0.4749364148864689,-1.0,0.050127170227062146,0.2342156625325936,0.2140214265990278,0.01227268862931652,1.0
2021-02-01,0.5978828621892637,1.0,0.19576572437852735,0.9016717818971336,0.2171141742582126,0.015402255739021653,1.0
2021-02-02,0.5837996056736997,1.0,0.1675992113473994,0.7760094671532044,0.2159757302475164,-0.0028886991891791114,-1.0
2021-02-03,0.5665595793986681,1.0,0.13311915879733616,0.6357259997751148,0.20939706547227338,-0.0020515200810324874,-1.0
2021-02-04,0.6041913962576049,1.0,0.20838279251520975,1.0049155524693665,0.20736348641749378,0.0017292820465228953,1.0
2021-02-05,0.5941658825048994,1.0,0.18833176500979887,0.8938750612360434,0.2106913741942584,0.014798809646690891,1.0
2021-02-08,0.5797701403408554,1.0,0.15954028068171078,0.741863575105093,0.21505339530803916,0.02186838784436218,1.0
2021-02-09,0.5279993262822406,1.0,0.05599865256448111,0.2510126035729022,0.22309099928608678,0.021361881732248955,1.0
2021-02-10,0.5205308259179484,1.0,0.04106165183589683,0.1860160897740218,0.22074247386760906,-0.006773399332853369,-1.0
2021-02-18,0.5588154683440564,1.0,0.11763093668811275,0.5835201266264975,0.20158848224854212,0.0018135071175082729,1.0
2021-02-19,0.631185975444397,1.0,0.26237195088879406,1.1151686255708344,0.23527558512013433,-0.03140923389149586,-1.0
2021-02-22,0.5941078077908392,1.0,0.18821561558167832,0.8445166017182922,0.22286786926239957,-0.0031559673151481116,-1.0
2021-02-23,0.5643705654788556,1.0,0.12874113095771111,0.5283404931148973,0.24367076276645333,-0.02546746508932063,-1.0
2021-02-24,0.6365068323766431,1.0,0.27301366475328614,1.13000673753811,0.24160357251328213,0.005883144817683261,1.0
2021-02-25,0.4296039545097267,-1.0,0.14079209098054657,0.561914015035372,0.2505580697639012,-0.02427929276917795,-1.0
2021-02-26,0.5041925254611039,1.0,0.00838505092220787,0.032606114325265174,0.25716191872978345,0.015369434756399958,1.0
2021-03-01,0.6580371257289194,1.0,0.31607425145783874,1.2260850632778213,0.257791454218392,-0.012761903777674055,-1.0
2021-03-02,0.5027951680552273,1.0,0.0055903361104545635,0.020883900708460013,0.26768639577901904,0.019175718694563804,1.0
2021-03-03,0.4753087154002483,-1.0,0.049382569199503346,0.1805250293378766,0.27354970876131146,-0.03145640128146121,-1.0
2021-03-04,0.5017447013930311,1.0,0.0034894027860621346,0.012765671379309602,0.273342676807246,-0.003391591957590534,-1.0
2021-03-05,0.6052496613246268,1.0,0.21049932264925353,0.7162166469052257,0.2939045379059838,-0.03472887795764845,-1.0
2021-03-08,0.531879263415317,1.0,0.06375852683063399,0.21809967496159893,0.29233664305946366,-0.021461705404993037,-1.0
2021-03-09,0.6309783903933676,1.0,0.2619567807867351,0.8876691981186094,0.29510630913176367,0.0065606531001112245,1.0
2021-03-10,0.5256224057997396,1.0,0.051244811599479245,0.16375010352518318,0.31294521649934887,0.02490281020990448,1.0
2021-03-11,0.6038605199626208,1.0,0.2077210399252416,0.6628411929389881,0.313379799170631,0.003541777491431697,1.0
2021-03-12,0.5526639381581597,1.0,0.10532787631631946,0.3369639371872793,0.31257907654901324,-0.021536501683999565,-1.0
2021-03-15,0.5599648318394695,1.0,0.11992966367893909,0.3984908391027012,0.30095965053798934,0.008701741063130486,1.0
2021-03-16,0.452378982176736,-1.0,0.095242035646528,0.3324206559666208,0.28651058211043146,0.004232027565666652,1.0
2021-03-17,0.4771184615835594,-1.0,0.04576307683288117,0.15727647181205673,0.2909721734320657,0.008020219343490842,1.0
2021-03-18,0.3365406046914936,-1.0,0.3269187906170128,1.0954613340897463,0.29843024161930826,-0.026192741485030036,-1.0
2021-03-19,0.489967698527543,-1.0,0.020064602944913967,0.06930233063006966,0.2895227730798438,0.009998020806891494,1.0
2021-03-22,0.46476990200335516,-1.0,0.07046019599328968,0.24306217590076634,0.28988548190260616,-0.009472920726922962,-1.0
2021-03-23,0.3922392118845104,-1.0,0.21552157623097923,0.7614969656501368,0.2830235522304087,-0.016082460314386537,-1.0
2021-03-24,0.40982719840588877,-1.0,0.18034560318822246,0.6423788508019022,0.2807464831120938,-0.0004743658805544948,-1.0
2021-03-25,0.5147472440326044,1.0,0.029494488065208824,0.1025873158112588,0.2875061876019165,0.022662431209169887,1.0
2021-03-26,0.5297632296224698,1.0,0.0595264592449396,0.2125081169812695,0.28011381442990374,0.0017639971496570261,1.0
2021-03-29,0.4220357862880667,-1.0,0.1559284274238666,0.554158554129406,0.28137872502723205,0.0094815070785359,1.0
2021-03-30,0.4622998608390186,-1.0,0.07540027832196283,0.27878399408102894,0.27046128874976816,-0.009101171033827349,-1.0
2021-03-31,0.5146939349177841,1.0,0.029387869835568292,0.11519596694781684,0.25511196801604036,0.012363616627257823,1.0
2021-04-01,0.482664994238044,-1.0,0.034670011523912025,0.13428794068622593,0.25817665642011123,0.00993586689460324,1.0
2021-04-07,0.5152335560710382,1.0,0.030467112142076314,0.13540010936999677,0.22501541751950388,0.0016587825836840153,1.0
2021-04-08,0.534840921437766,1.0,0.06968184287553192,0.3203018502564517,0.2175505474593441,-0.015036943912112966,-1.0
2021-04-09,0.5045409032863638,1.0,0.009081806572727613,0.040130840557736816,0.22630491777667822,-0.017395260734286544,-1.0
2021-04-13,0.5025043486528957,1.0,0.005008697305791454,0.02394278050659092,0.20919447114392875,0.008296954193459882,1.0
2021-04-14,0.4754697130872051,-1.0,0.049060573825589815,0.23422113070531728,0.20946262908838414,-0.006355423452624742,-1.0
2021-04-15,0.4993853970719275,-1.0,0.0012292058561450547,0.006282411386114664,0.19565828797232793,0.003476882279033866,1.0
2021-04-16,0.49525740473774343,-1.0,0.009485190524513132,0.04473441908153765,0.21203338993235674,0.024331775261513977,1.0
2021-04-19,0.49660389213916384,-1.0,0.006792215721672323,0.0320841262298864,0.21170019320474331,-0.0007179059948099198,-1.0
2021-04-20,0.4685995294978846,-1.0,0.06280094100423084,0.298907643266049,0.21010148926949165,0.0030255549227726775,1.0
2021-04-21,0.5614978740313945,1.0,0.12299574806278901,0.6622073560152075,0.18573600390504336,-0.0018633997189504425,-1.0
2021-04-22,0.46345573255542055,-1.0,0.0730885348891589,0.39462896501485334,0.18520823702438552,0.00907973757988434,1.0
2021-04-23,0.5604688119361179,1.0,0.12093762387223572,0.6474838995361535,0.18678089750011295,-0.011336098295515629,-1.0
2021-04-26,0.5802106715426022,1.0,0.1604213430852044,0.9166448698611035,0.17500926297608863,0.002616186717303126,1.0
2021-04-27,0.48901086267085164,-1.0,0.021978274658296715,0.1255467894706941,0.17506042767765892,0.005642252657881652,1.0
2021-04-28,0.47583906945198773,-1.0,0.04832186109602454,0.3014498637049376,0.16029816866436705,0.008776103962266246,1.0
2021-04-29,0.5093712169445548,1.0,0.018742433889109567,0.11425393248504448,0.16404191506986335,-0.007877356453671491,-1.0
2021-04-30,0.5005394185244718,1.0,0.001078837048943626,0.006423864279097146,0.16794206758914484,-0.012172369258526716,-1.0
2021-05-06,0.5574772785243367,1.0,0.11495455704867341,0.6712782476643466,0.1712472546945289,-0.012857025435456637,-1.0
2021-05-07,0.6060859177723247,1.0,0.21217183554464936,1.2852065384495934,0.16508773430347037,-0.0007267737151708253,-1.0
2021-05-10,0.47148390697563064,-1.0,0.05703218604873872,0.35109740439336057,0.1624397826218086,0.006136901087288038,1.0
2021-05-11,0.515788807801276,1.0,0.03157761560255201,0.19348916753705245,0.16320094816938532,0.004277870461431688,1.0
2021-05-12,0.3930548911473469,-1.0,0.21389021770530625,1.3507427033048174,0.15835008190826289,-0.010223710826024357,-1.0
2021-05-13,0.551792222265866,1.0,0.10358444453173199,0.6231944151984183,0.16621529655196257,0.023556301314607175,1.0
2021-05-14,0.5990678303753653,1.0,0.19813566075073052,1.1593474532168717,0.1709027437813904,0.014557027662168043,1.0
2021-05-17,0.5336605859265807,1.0,0.06732117185316144,0.4004092105161315,0.16813092727408488,0.0005045337643214687,1.0
2021-05-18,0.4849272961045529,-1.0,0.030145407790894252,0.17823084960148164,0.16913686860775448,-0.0029549304196678783,-1.0
2021-05-19,0.4934372132555896,-1.0,0.013125573488820819,0.08901718292595644,0.14744988616117558,0.002733808276131011,1.0
2021-05-20,0.5613840761331419,1.0,0.12276815226628379,0.8047326243825462,0.15255769251368567,-0.01007710147207741,-1.0
2021-05-21,0.4995786888505004,-1.0,0.0008426222989992294,0.005512359508715743,0.1528605486755601,0.00417596064624548,1.0
2021-05-24,0.5416620036851337,1.0,0.08332400737026746,0.44357335313719365,0.1878471887027353,0.031594844273824974,1.0
2021-05-25,0.5446597758792086,1.0,0.0893195517584171,0.47971144316915615,0.18619433209334801,0.00039767016052327797,1.0
2021-05-26,0.6194842284024284,1.0,0.2389684568048569,1.3306179443444062,0.17959208939016402,0.003315419916539497,1.0
2021-05-27,0.5593727584162553,1.0,0.11874551683251067,0.6569246960216064,0.18075970891586804,-0.003211549589536511,-1.0
2021-05-28,0.5770227111061916,1.0,0.15404542221238327,0.8542759037273041,0.18032279915688287,0.001969709583883983,1.0
2021-06-02,0.5355193899782619,1.0,0.07103877995652375,0.39247835251495433,0.1810005048719649,-0.0065573101115431465,-1.0
2021-06-03,0.5077179632999669,1.0,0.015435926599933758,0.08667319598571174,0.17809342812832704,0.005135971667383998,1.0
2021-06-04,0.5638371669264886,1.0,0.1276743338529771,0.7486316486827223,0.1705435965439484,-0.00088030218786328,-1.0
2021-06-08,0.5465779894334518,1.0,0.09315597886690363,0.5793544344500294,0.16079272605436237,0.0008279631361454154,1.0
2021-06-09,0.4950084196789139,-1.0,0.009983160642172195,0.06218958661349742,0.1605278501723548,0.0066871652908298,1.0
2021-06-10,0.5492139954943794,1.0,0.09842799098875887,0.5925039745458806,0.16612207717964786,-0.008870966824029547,-1.0
2021-06-11,0.6117017805942815,1.0,0.22340356118856297,1.2897599793744867,0.17321328368159647,-0.011128479456152807,-1.0
2021-06-15,0.513590069952869,1.0,0.027180139905738088,0.15048041582721558,0.18062244017817464,-0.01665886005388506,-1.0
2021-06-16,0.4716883054896853,-1.0,0.056623389020629356,0.3501352538181578,0.16171861702916845,0.004212388133351563,1.0
2021-06-17,0.4583906212847239,-1.0,0.08321875743055218,0.5427861429188282,0.15331776338843872,0.00011250728161238399,1.0
2021-06-18,0.434796071936208,-1.0,0.130407856127584,0.849298553220712,0.1535477196246844,-0.002367678687128949,-1.0
2021-06-21,0.5752385013470926,1.0,0.1504770026941853,0.9725298842766935,0.15472738177716833,0.006241767567679135,1.0
2021-06-22,0.5195227069707856,1.0,0.03904541394157124,0.25131591017652216,0.15536387614355998,0.004926829668276511,1.0
2021-06-23,0.5088380918887454,1.0,0.017676183777490806,0.1176241807484316,0.15027678547913287,0.0016668628824605403,1.0
2021-06-24,0.5160358985661284,1.0,0.03207179713225683,0.20112781489198941,0.15945978008800113,0.01629061744686844,1.0
2021-06-25,0.5252096905728504,1.0,0.05041938114570077,0.44228222939753786,0.11399820701451283,0.0022503954222621303,1.0
2021-06-28,0.49287105283901905,-1.0,0.014257894321961895,0.1173227432525074,0.12152711338564083,-0.011656092433774634,-1.0
2021-06-29,0.4839010142202703,-1.0,0.03219797155945936,0.2611524687319784,0.12329185213448715,0.006453272247904707,1.0
2021-06-30,0.4521790559133548,-1.0,0.09564188817329045,0.7784988186910975,0.12285424958523981,0.0010763698064391036,1.0
2021-07-01,0.5131891594250706,1.0,0.02637831885014119,0.16643166961101666,0.15849338597511206,-0.02840469292099823,-1.0
2021-07-02,0.5437017489371556,1.0,0.08740349787431123,0.5547008296806625,0.15756871668035694,0.0009200732830989544,1.0
2021-07-07,0.5350920660562053,1.0,0.07018413211241059,0.44192325753771017,0.15881520357959808,-0.010161093592245152,-1.0
2021-07-08,0.5705250973493922,1.0,0.14105019469878433,0.8877509301432885,0.1588848740220615,-0.0036989090763300814,-1.0
2021-07-09,0.6301772481590047,1.0,0.26035449631800933,1.560115625957323,0.16688153876944203,0.012481270105787035,1.0
2021-07-13,0.5380155803285186,1.0,0.07603116065703719,0.45380023415959037,0.16754323804579374,-0.011476636291911202,-1.0
2021-07-14,0.5545856310859382,1.0,0.10917126217187634,0.6249941318145851,0.17467565952165423,0.013452067002617474,1.0
2021-07-15,0.5420987024912836,1.0,0.08419740498256711,0.48227578938479365,0.1745835201264654,-0.011004640817569578,-1.0
2021-07-16,0.5528189437988005,1.0,0.10563788759760095,0.6383325250607149,0.1654903728860647,0.0036747466472009105,1.0
2021-07-19,0.4947919414327434,-1.0,0.010416117134513181,0.06326062267064105,0.1646540406145457,-0.000880219888745426,-1.0
2021-07-20,0.6425951947965265,1.0,0.285190389593053,1.7106055019868636,0.16671897130098384,0.006860254680275624,1.0
2021-07-21,0.6295724541343731,1.0,0.25914490826874625,1.5554248394680414,0.16660715560989392,0.0014986266638907786,1.0
2021-07-22,0.5535027325130488,1.0,0.10700546502609765,0.6285391811607348,0.1702447010996016,-0.012136453773396005,-1.0
2021-07-23,0.6342249583207283,1.0,0.2684499166414567,1.331839632311003,0.20156324389869928,-0.032210975810083586,-1.0
2021-07-26,0.6023364199340738,1.0,0.20467283986814766,0.8845869794518114,0.23137672679173477,-0.03532496199723101,-1.0
2021-07-27,0.5473895776418013,1.0,0.09477915528360259,0.4318158262913295,0.21948976742612197,0.0019299928251412801,1.0
2021-07-28,0.5814403936699889,1.0,0.1628807873399778,0.6946045652580397,0.23449426549546065,0.018861951612892947,1.0
2021-07-29,0.5513479080901926,1.0,0.10269581618038526,0.440034167721495,0.23338145924473566,-0.008062429449876451,-1.0
2021-07-30,0.5347745868159641,1.0,0.06954917363192825,0.2739434065074306,0.2538815389595506,0.025475300186856842,1.0
2021-08-02,0.5539577383743544,1.0,0.10791547674870872,0.4253873561761639,0.2536875513150375,0.00014633940689168234,1.0
2021-08-03,0.5884205685599243,1.0,0.1768411371198486,0.7395511655645245,0.23911954352050785,0.008995922145856872,1.0
2021-08-04,0.5121211466300928,1.0,0.024242293260185566,0.10124008143548587,0.23945351402777862,-0.006061241475939783,-1.0
2021-08-05,0.5838283527695552,1.0,0.1676567055391105,0.7048022579589259,0.23787765099481434,-0.005477229235330006,-1.0
2021-08-06,0.5341613230581539,1.0,0.06832264611630778,0.2808230526804266,0.24329429320055915,0.013003587273560546,1.0
2021-08-09,0.500109354595841,1.0,0.00021870919168209824,0.0009013687355391781,0.24264120005368436,0.011550350481981608,1.0
2021-08-10,0.49148846801079366,-1.0,0.01702306397841269,0.07090273670885015,0.24009036559921462,-0.005513817956562028,-1.0
2021-08-11,0.5309839379873669,1.0,0.061967875974733744,0.2629625322531426,0.23565287207943358,-0.00837231207210054,-1.0
2021-08-12,0.5022934132730835,1.0,0.004586826546167044,0.019639017414971618,0.2335568246235334,-0.00550292951372211,-1.0
2021-08-13,0.4816522317945189,-1.0,0.03669553641096224,0.1576240629672594,0.23280415261586287,-0.0009937357245263234,-1.0
2021-08-16,0.4986239472425731,-1.0,0.002752105514853831,0.011339963577866895,0.24269086015631772,-0.020980281995714334,-1.0
2021-08-17,0.5007051771231514,1.0,0.0014103542463028695,0.005737279307841291,0.24582283180379613,0.011749072797945459,1.0
2021-08-18,0.472552703214575,-1.0,0.054894593570850025,0.22332646079300034,0.24580425165888167,-0.006558528620798643,-1.0
2021-08-19,0.5168565517488904,1.0,0.033713103497780894,0.13457229747949645,0.2505203829407568,-0.019100852526017897,-1.0
2021-08-20,0.5692886382661326,1.0,0.13857727653226526,0.59635828727105,0.232372517478374,0.013966503874389025,1.0
2021-08-23,0.5554487335638623,1.0,0.11089746712772452,0.5645079538709454,0.19644978669880225,0.010858834734871481,1.0
2021-08-24,0.5710642439138719,1.0,0.1421284878277438,0.7234771815153566,0.19645192890541352,0.001997999341296408,1.0
2021-08-25,0.5464420745529873,1.0,0.09288414910597464,0.4669079040534225,0.19893462565017334,-0.019711087251796933,-1.0
2021-08-26,0.4960508425777976,-1.0,0.007898314844404841,0.03993387643391788,0.19778482706217818,0.0052969744100361815,1.0
2021-08-27,0.5665226198912248,1.0,0.13304523978244953,0.7647523924263239,0.17397165553197938,-0.0028532996287787826,-1.0
2021-08-30,0.5650326870547915,1.0,0.13006537410958297,0.7479081302867159,0.17390554914775627,-0.0015914336822993036,-1.0
2021-08-31,0.5725950205167835,1.0,0.14519004103356692,0.8162045850748241,0.17788437321784573,0.013286346582431774,1.0
2021-09-01,0.5918387647097677,1.0,0.1836775294195354,1.038208429803446,0.17691777888406215,-9.85735787073505e-06,-1.0
2021-09-02,0.5556175259160623,1.0,0.11123505183212457,0.628821441198728,0.1768944958684554,-0.00541112672559374,-1.0
2021-09-03,0.5533714086983375,1.0,0.1067428173966749,0.580705001403356,0.18381590848833013,0.018720388052021475,1.0
2021-09-08,0.5038905833836701,1.0,0.007781166767340197,0.04364805393269395,0.17827064591101566,-0.0004261753308237859,-1.0
2021-09-09,0.504392493168883,1.0,0.008784986337766032,0.048611660265577554,0.1807176774002672,0.008754303057155077,1.0
2021-09-10,0.5167620642129471,1.0,0.03352412842589425,0.18738412080834096,0.17890591946253112,-0.004360607173958808,-1.0
2021-09-14,0.4947067253871261,-1.0,0.010586549225747754,0.05833309886733744,0.18148443047443688,-0.010136538108770798,-1.0
2021-09-15,0.5309569676392238,1.0,0.061913935278447685,0.33228746154001915,0.1863264264968092,-0.012249248508265032,-1.0
2021-09-16,0.5096938095965894,1.0,0.019387619193178773,0.11128966697982404,0.17420861899688855,0.010034324119360116,1.0
2021-09-17,0.4754345227333925,-1.0,0.04913095453321503,0.28729129603300113,0.17101442059550373,-0.0070371544953190535,-1.0
2021-09-22,0.5224861380126501,1.0,0.044972276025300184,0.2630058671232478,0.17099343264546116,0.006517941136944039,1.0
2021-09-23,0.5692076944791157,1.0,0.13841538895823136,0.8929838212796295,0.1550032437988458,-0.0007763955958094426,-1.0
2021-09-24,0.48732672656286674,-1.0,0.025346546874266518,0.17047933581923028,0.14867811839168016,0.00576191666316106,1.0
2021-09-27,0.5049383126014972,1.0,0.009876625202994482,0.06862244492808162,0.14392703747797797,0.0013240742449311949,1.0
2021-09-28,0.39226724915780936,-1.0,0.21546550168438128,1.4505847373756486,0.14853699762083156,-0.01021739504339636,-1.0
2021-09-29,0.457328768825671,-1.0,0.08534246234865805,0.6502930396797335,0.13123693033941874,0.006714001532501124,1.0
2021-09-30,0.42295810455925326,-1.0,0.1540837908814935,1.1221699477273965,0.13730878392666093,0.01306062428707322,1.0
2021-10-08,0.44471120047128454,-1.0,0.11057759905743092,0.8108663715843463,0.13636969411047853,0.0012679664929053924,1.0
2021-10-11,0.4525044294458746,-1.0,0.0949911411082508,0.6650952328430905,0.14282336786897576,-0.010606354047816513,-1.0
2021-10-12,0.4708981519832233,-1.0,0.058203696033553354,0.41287945752636446,0.14097019111161943,0.011522088063135483,1.0
2021-10-13,0.46709623818229506,-1.0,0.06580752363540987,0.4608064981691605,0.14280945233383438,-0.0053636468345131805,-1.0
2021-10-14,0.5216258934173053,1.0,0.043251786834610506,0.30637077877111235,0.14117464794814402,0.0037642369808605913,1.0
2021-10-15,0.48810401847975976,-1.0,0.02379196304048048,0.1797427067977701,0.1323667784042498,-0.01162444131393725,-1.0
2021-10-18,0.49521215659078927,-1.0,0.00957568681842147,0.0698613715585428,0.13706697427772635,0.009835941146001614,1.0
2021-10-19,0.5031288065215999,1.0,0.006257613043199717,0.04681745029489194,0.1336598427249777,-0.00254696435285906,-1.0
2021-10-20,0.5002337481251956,1.0,0.00046749625039121945,0.003504078900865204,0.13341487552571615,0.0036314314022789507,1.0
2021-10-21,0.4893072240095695,-1.0,0.021385551980861006,0.1652858314342669,0.1293852703240683,0.006434435277807626,1.0
2021-10-22,0.45005200372893195,-1.0,0.0998959925421361,0.833392921417703,0.11986661990385139,0.0039919551991289826,1.0
2021-10-25,0.5403599891449841,1.0,0.08071997828996813,0.6898862781675588,0.11700475983429107,-0.003298708872574996,-1.0
2021-10-26,0.4809578442094712,-1.0,0.03808431158105763,0.30630945975452023,0.12433279602784325,-0.01308336043334224,-1.0
2021-10-27,0.4715755938759173,-1.0,0.0568488122481654,0.4536127699850159,0.12532454112798297,-0.00694668451280922,-1.0
2021-10-28,0.5866701923526243,1.0,0.1733403847052486,1.3408788694578844,0.12927370894831827,0.009175726511049032,1.0
2021-10-29,0.5414554949785835,1.0,0.08291098995716695,0.6444359893637545,0.12865667238576198,-0.003684222320459063,-1.0
2021-11-01,0.6220987922464472,1.0,0.2441975844928943,1.8240228556298392,0.13387857709084042,-0.010395067357640286,-1.0
2021-11-02,0.5847012758292764,1.0,0.1694025516585529,1.307696435209013,0.12954271885850693,-0.0038707843183438673,-1.0
2021-11-03,0.5785382103235017,1.0,0.15707642064700345,1.1880713396728981,0.1322112699816915,0.009879463493069673,1.0
2021-11-04,0.5200647040601878,1.0,0.040129408120375576,0.3232802552927809,0.12413194886904587,-0.005421523670796402,-1.0
2021-11-05,0.5540956455876528,1.0,0.10819129117530557,0.8716827419303705,0.12411773913948594,0.0012047879271743778,1.0
2021-11-08,0.5218220396749791,1.0,0.043644079349958176,0.36778679325412644,0.11866679323583489,-0.0002961936231742346,-1.0
2021-11-09,0.46961027462890353,-1.0,0.06077945074219293,0.5470383649722759,0.11110637687225695,-0.0052717865849731815,-1.0
2021-11-10,0.4779034755525669,-1.0,0.044193048894866194,0.35201480702906984,0.12554315333450355,0.016066562778134008,1.0
2021-11-11,0.5652303289061996,1.0,0.13046065781239924,1.044867664707318,0.12485854641596464,-0.002098127791456239,-1.0
2021-11-12,0.5330470691822307,1.0,0.06609413836446132,0.5614032751959953,0.11773023294419994,-0.001226788043061422,-1.0
2021-11-15,0.5047634145783205,1.0,0.009526829156641048,0.0850654203672294,0.11199414656993999,0.00019314358699795697,1.0
2021-11-16,0.5109448117677745,1.0,0.02188962353554902,0.1959095166520566,0.1117333343965413,0.0004982265142923215,1.0
2021-11-17,0.4573504005826373,-1.0,0.08529919883472536,0.7369978448982631,0.11573873577133766,-0.009852112898029675,-1.0
2021-11-18,0.508255674563406,1.0,0.01651134912681207,0.13713304434266407,0.12040386914735145,0.01083983670479216,1.0
2021-11-19,0.5024546439810272,1.0,0.004909287962054476,0.040667526351567514,0.12071764384226555,0.004568657467866499,1.0
2021-11-22,0.5204623178092506,1.0,0.040924635618501126,0.3400820330646063,0.12033754106241348,0.00019277750036161834,1.0
2021-11-23,0.5660821841345216,1.0,0.1321643682690432,1.1933768553843247,0.11074822481493486,0.0006740823870332591,1.0
2021-11-24,0.5195652747006739,1.0,0.03913054940134786,0.3597972400921424,0.1087572250174201,-0.004111736061365279,-1.0
2021-11-29,0.585656843868007,1.0,0.17131368773601396,1.6384970752466101,0.10455538207795063,-0.0039982083607221774,-1.0
2021-11-30,0.46305696871654833,-1.0,0.07388606256690333,0.7091334933826359,0.10419203613477572,0.0024472136532378563,1.0
2021-12-01,0.45043400383964166,-1.0,0.09913199232071668,1.0226254247619893,0.09693871276845002,0.0025417792578672493,1.0
2021-12-03,0.48968340698435414,-1.0,0.020633186031291717,0.21514908663607266,0.09590180629580365,-0.0017133175189317784,-1.0
2021-12-06,0.6654543482072811,1.0,0.3309086964145622,3.5994716598756975,0.09193257446732882,0.006025604681008323,1.0
2021-12-07,0.6862817782693988,1.0,0.3725635565387977,3.642081531824066,0.10229412858646425,0.014999282826727356,1.0
2021-12-08,0.6039964650059313,1.0,0.2079929300118626,1.8047163972878308,0.11524964826852525,0.016565484304223554,1.0
2021-12-09,0.537311602007409,1.0,0.07462320401481803,0.6346449266037194,0.11758260546438393,-0.0046415512661728275,-1.0
2021-12-10,0.6056631873802724,1.0,0.21132637476054472,1.8404240253664763,0.11482482941313708,0.005674250467397668,1.0
2021-12-13,0.5323077564639851,1.0,0.06461551292797019,0.5990501874582655,0.10786327135983377,-0.006708759843274903,-1.0
2021-12-14,0.5360217981888084,1.0,0.0720435963776167,0.6364262049936501,0.11320023564764356,-0.008672999062319442,-1.0
2021-12-15,0.6397980154046924,1.0,0.2795960308093848,2.454406216086533,0.11391595611878425,0.005759804582553318,1.0
2021-12-16,0.4724420917501012,-1.0,0.055115816499797576,0.4249962367971659,0.1296854224290513,-0.015884062945157762,-1.0
2021-12-17,0.5386572828823544,1.0,0.07731456576470874,0.5473246198578409,0.14125906812814307,-0.0150041576181289,-1.0
2021-12-20,0.5140642288744659,1.0,0.0281284577489318,0.20353654543313338,0.13819856129066843,0.006775444234489836,1.0
2021-12-21,0.5973890313947596,1.0,0.19477806278951926,1.464194840200884,0.1330274205602283,0.00019721236556136112,1.0
2021-12-22,0.5539508236403726,1.0,0.10790164728074525,0.8032932404617996,0.13432410712022727,0.006976359937441723,1.0
2021-12-23,0.5577666258424874,1.0,0.11553325168497475,0.8496786229481558,0.13597288264603563,-0.005535551581928089,-1.0
2021-12-28,0.5038006061099786,1.0,0.007601212219957132,0.052189977103872284,0.14564505757166069,-0.01462561067836654,-1.0
2021-12-29,0.5172723965134435,1.0,0.034544793026886955,0.2334168570289835,0.14799613646840215,0.007787684192420263,1.0
2021-12-30,0.4842461666058478,-1.0,0.03150766678830441,0.21312461635935295,0.1478368258276595,0.0038325628043907045,1.0
2022-01-04,0.48069409525463075,-1.0,0.0386118094907385,0.25384558167617854,0.15210747114753476,-0.010095033007880727,-1.0
2022-01-05,0.41434406092270654,-1.0,0.17131187815458693,1.1003721478318942,0.15568540015496515,-0.010247898572754988,-1.0
2022-01-06,0.5007630752492386,1.0,0.0015261504984771523,0.00979678755949871,0.15578070762567842,0.0008586136989667814,1.0
2022-01-07,0.4791929153261737,-1.0,0.04161416934765261,0.268506021428954,0.15498411963421688,0.004494886227080608,1.0
2022-01-10,0.4648791078055176,-1.0,0.07024178438896478,0.4815495496319687,0.14586616152511842,-0.009552140824455546,-1.0
2022-01-11,0.5376030752167424,1.0,0.07520615043348489,0.5520757232006549,0.13622433893212654,0.009963995803053516,1.0
2022-01-12,0.4939232493683573,-1.0,0.012153501263285404,0.08386243528601615,0.14492187380244095,-0.016439727842637586,-1.0
2022-01-13,0.4352021799996788,-1.0,0.1295956400006424,0.9111588069106822,0.1422316713812395,-0.008222338650740846,-1.0
2022-01-14,0.5328818296336194,1.0,0.06576365926723882,0.4437717330906555,0.14819253765720214,0.008577596529695253,1.0
2022-01-19,0.4401707077107601,-1.0,0.11965858457847978,0.7852346597903562,0.1523857653079482,0.009022508261899098,1.0
2022-01-20,0.45607995334620816,-1.0,0.08784009330758369,0.5801014375562273,0.1514219541975702,-0.009162416821446695,-1.0
2022-01-21,0.42146960723438964,-1.0,0.15706078553122071,1.0912712127254731,0.14392461168196496,0.0015533610053659608,1.0
2022-01-25,0.44715343985074935,-1.0,0.10569312029850131,0.7619613488675332,0.13871191820370934,0.007237438203371083,1.0
2022-01-26,0.43577354457948236,-1.0,0.12845291084103527,0.8527164924241963,0.15063964633292737,-0.019615428608171115,-1.0
2022-01-27,0.3966633600754054,-1.0,0.20667327984918915,1.3384520273714364,0.1544121684025324,-0.012144262715219623,-1.0
2022-01-28,0.5620539605760839,1.0,0.12410792115216784,0.7564466721713005,0.1640669801559562,0.015407868754179654,1.0
2022-02-07,0.44923009996280056,-1.0,0.10153980007439889,0.6189619918659949,0.1640485222174712,-0.005463208526377383,-1.0
2022-02-08,0.5591496925257698,1.0,0.1182993850515397,0.7287150903325996,0.16233969437567922,0.009392521610415594,1.0
2022-02-09,0.5746798291034046,1.0,0.1493596582068093,0.9398683111441671,0.15891551660570766,-0.002622063640180028,-1.0
2022-02-10,0.43822483919976984,-1.0,0.12355032160046031,0.7761513781982395,0.15918327928151135,-0.0082907620332755,-1.0
2022-02-11,0.4146200293826522,-1.0,0.17075994123469562,1.0694966294487942,0.15966384234675265,-0.010802593561300533,-1.0
2022-02-14,0.504465133246895,1.0,0.008930266493790029,0.05476869827780787,0.16305420385367364,0.01063671323693538,1.0
2022-02-15,0.5452553091222783,1.0,0.09051061824455653,0.5521357424842764,0.16392819968023364,0.0038881738082821027,1.0
2022-02-16,0.4307572532267344,-1.0,0.13848549354653117,0.8488157242019646,0.16315142332775678,0.002420101043982603,1.0
2022-02-17,0.3672519862649791,-1.0,0.26549602747004175,1.6454727514054204,0.16134939168289358,0.004767814497862899,1.0
2022-02-18,0.4137718391133259,-1.0,0.17245632177334824,1.0997382016912598,0.15681579625781117,-0.0036381727351610937,-1.0
2022-02-23,0.4124751798587972,-1.0,0.17504964028240555,1.078806684291441,0.16226228742490406,-0.02027407465249631,-1.0
2022-02-24,0.634281496347501,1.0,0.26856299269500195,1.630585648910606,0.16470339529507624,0.009737887748688001,1.0
2022-02-25,0.5369730841168435,1.0,0.07394616823368705,0.4578953921071005,0.1614914006743078,0.0017975587224015044,1.0
2022-03-01,0.4201922867988973,-1.0,0.15961542640220538,1.0004894782701574,0.1595373363427868,-0.00889346159024662,-1.0
2022-03-02,0.5839803130060207,1.0,0.16796062601204143,1.063558994072861,0.15792318709923392,-0.005891100796946436,-1.0
2022-03-03,0.4304287227837757,-1.0,0.1391425544324486,0.8600293397770977,0.16178814837702113,-0.012127089472162345,-1.0
2022-03-04,0.4246516506685715,-1.0,0.15069669866285695,0.7977028048362502,0.18891333683324765,-0.03194801208959108,-1.0
2022-03-07,0.4113286817259291,-1.0,0.17734263654814175,0.9362456814526882,0.18941891008028486,-0.020076144476010582,-1.0
2022-03-08,0.49174185178818164,-1.0,0.016516296423636723,0.08782963602125743,0.18804924137041032,-0.009153908750686668,-1.0
2022-03-09,0.6358424680416711,1.0,0.2716849360833422,1.441315413007558,0.18849790519926782,0.015732502734040477,1.0
2022-03-10,0.45202863744887495,-1.0,0.0959427251022501,0.5046267351954096,0.19012612374787802,0.0031878685354229663,1.0
2022-03-11,0.40164074602014893,-1.0,0.19671850795970214,0.9541514158040625,0.20617116392782128,-0.03059638381041596,-1.0
2022-03-14,0.42159524455718306,-1.0,0.15680951088563388,0.6271588674986985,0.2500315613985308,-0.04573822003574812,-1.0
2022-03-15,0.6279193993811664,1.0,0.25583879876233273,0.8289361135965703,0.3086351222560504,0.04324225139138105,1.0
2022-03-16,0.5864604291962664,1.0,0.1729208583925328,0.5403884376034309,0.31999363117282753,0.01963749022215877,1.0
2022-03-17,0.5645511664227834,1.0,0.12910233284556671,0.40605954448228565,0.3179394120883638,0.006655975322439334,1.0
2022-03-18,0.5224692751320555,1.0,0.04493855026411109,0.14187331751930113,0.31675124716807607,-0.0016774881373271544,-1.0
2022-03-21,0.46203734953347847,-1.0,0.07592530093304306,0.24021636118637646,0.31607048145290556,-0.0008103324311898863,-1.0
2022-03-22,0.5341665113770852,1.0,0.0683330227541703,0.21613776898689852,0.31615493707771364,0.004987198302350393,1.0
2022-03-23,0.36306345084911595,-1.0,0.2738730983017681,0.8661538633213909,0.3161945121985169,-0.005895218001004121,-1.0
2022-03-24,0.5326946386264984,1.0,0.0653892772529967,0.20771092374871203,0.3148090436115167,-0.018049041870898064,-1.0
2022-03-25,0.4492778130409123,-1.0,0.1014443739181754,0.32677320172774654,0.3104427577959545,-0.006254051311582742,-1.0
2022-03-28,0.4824335371368276,-1.0,0.035132925726344855,0.11353165435319526,0.30945489103018664,-0.0034523604628795557,-1.0
2022-03-29,0.5376930747765246,1.0,0.07538614955304923,0.2269755428807812,0.33213335937540095,0.029015680150473733,1.0
2022-03-30,0.40680959303689135,-1.0,0.1863808139262173,0.5608411179254649,0.3323237329952457,-0.00740509329942729,-1.0
2022-03-31,0.4598695552709215,-1.0,0.08026088945815701,0.23924751568538172,0.33547219593160876,0.012684374094899642,1.0
2022-04-01,0.5179053155766503,1.0,0.03581063115330063,0.11306014524994878,0.31673965281162464,-0.002880389358859037,-1.0
2022-04-06,0.4485953788589122,-1.0,0.10280924228217558,0.32960596747239873,0.31191559749531794,-0.012838424322107689,-1.0
2022-04-07,0.5048834107897318,1.0,0.009766821579463514,0.03142780907990608,0.3107700430097146,0.005147656268560841,1.0
2022-04-08,0.4528587802510239,-1.0,0.09428243949795223,0.29123780483175044,0.32373008563369604,-0.030892034470345497,-1.0
2022-04-11,0.4419956137970273,-1.0,0.11600877240594543,0.3490917694369652,0.33231597695084847,0.019488203859934217,1.0
2022-04-12,0.4692681027366273,-1.0,0.06146379452674544,0.19468911077615156,0.31570227159450587,-0.009625899497436863,-1.0
2022-04-13,0.5792016870515426,1.0,0.15840337410308525,0.5898841712644722,0.2685330134618339,0.012520360592955582,1.0
2022-04-14,0.4554860003768778,-1.0,0.08902799924624438,0.40153954376986895,0.2217166419287169,-0.000673017830081668,-1.0
2022-04-19,0.5452393955802206,1.0,0.09047879116044122,0.41795003511178086,0.2164823150122302,-0.015505325156436545,-1.0
2022-04-20,0.4456213076113904,-1.0,0.10875738477721919,0.48877461823242724,0.22251029558474686,-0.01841387504977543,-1.0
2022-04-21,0.4416587293741215,-1.0,0.11668254125175703,0.521267926756788,0.22384369968382592,0.00435954482548051,1.0
2022-04-25,0.6113490297824137,1.0,0.22269805956482736,0.991013361781764,0.2247175145695652,-0.008071743706868362,-1.0
2022-04-26,0.4040971460172466,-1.0,0.19180570796550678,0.7644885934962125,0.25089413968667285,0.02944304091836414,1.0
2022-04-27,0.5407340710496338,1.0,0.08146814209926756,0.32353457433848853,0.2518066029444937,0.0065641801282287915,1.0
2022-04-28,0.628494721446035,1.0,0.25698944289207004,0.996272888204217,0.257950854564851,0.02426202600439109,1.0
2022-04-29,0.417086336415756,-1.0,0.16582732716848803,0.6461596274219453,0.25663523397478066,-0.0015016529137569234,-1.0
2022-05-05,0.3749091171921333,-1.0,0.25018176561573335,0.9147574772947027,0.2734951851452684,-0.025284212048745536,-1.0
2022-05-06,0.43665734566898945,-1.0,0.1266853086620211,0.5004212998951756,0.25315730703021266,-0.00802775265649558,-1.0
2022-05-09,0.28044599397384873,-1.0,0.43910801205230254,1.7173769539852224,0.25568528274083324,0.010943314086937717,1.0
2022-05-10,0.49728327409384016,-1.0,0.0054334518123196895,0.021146629120768447,0.25694174618986476,0.014427781751834567,1.0
2022-05-11,0.394908480748236,-1.0,0.21018303850352804,0.8171708661703625,0.2572081888926635,-0.004446961502838076,-1.0
2022-05-12,0.5526246075299357,1.0,0.10524921505987139,0.4138774838216372,0.25430041298218853,0.007542804023502381,1.0
2022-05-13,0.6286213978086211,1.0,0.2572427956172423,1.0068746613237527,0.255486413054671,-0.008038409466980867,-1.0
2022-05-16,0.49831168273402615,-1.0,0.0033766345319476976,0.01460034704668244,0.23127084042258791,0.012474289391382065,1.0
2022-05-17,0.5827012034701685,1.0,0.16540240694033703,0.7430243875226993,0.22260696918953285,-0.0034913563592436914,-1.0
2022-05-18,0.3156698094840947,-1.0,0.36866038103181065,1.6829154498752728,0.2190605482046846,0.0019266480907496053,1.0
2022-05-19,0.4790264375804341,-1.0,0.041947124839131766,0.18641602773678712,0.22501887497763676,0.01950245999722977,1.0
2022-05-20,0.5065684631736455,1.0,0.013136926347290911,0.05799358842066665,0.22652377107620786,-0.0057921326270354845,-1.0
2022-05-23,0.5967786569858327,1.0,0.1935573139716653,0.820246997414418,0.23597442548622127,-0.023391322408436888,-1.0
2022-05-24,0.48618152152005795,-1.0,0.027636956959884107,0.1230238658333917,0.2246471184486446,0.006067963004217525,1.0
2022-05-25,0.564732565479211,1.0,0.12946513095842205,0.5765874653699202,0.22453684607132646,0.0024771677288839555,1.0
2022-05-26,0.641026316729395,1.0,0.28205263345879006,1.2754697055749464,0.22113628589214399,0.0020670941599705284,1.0
2022-05-27,0.6342222092301928,1.0,0.2684444184603856,1.351928944685474,0.19856399962117766,0.006927500294279465,1.0
2022-06-01,0.46320432775748915,-1.0,0.07359134448502169,0.3721410631528662,0.1977512071942252,0.001565202782049413,1.0
2022-06-02,0.5921893493267919,1.0,0.1843786986535838,0.9698321305812858,0.1901140340061462,0.018710289204140862,1.0
2022-06-06,0.5782920439472067,1.0,0.15658408789441336,0.8243812754290213,0.18994134457132653,0.0031309970871933324,1.0
2022-06-08,0.5249450394936857,1.0,0.0498900789873713,0.2964190877047709,0.16830926568757643,-0.01045947070627784,-1.0
2022-06-09,0.4837515456032648,-1.0,0.03249690879347045,0.19145882360370817,0.16973314774321557,0.015163775916468447,1.0
2022-06-10,0.441959153334671,-1.0,0.11608169333065799,0.6622772890961933,0.17527657258045815,-0.011710561515302809,-1.0
2022-06-13,0.38548813732527004,-1.0,0.22902372534945992,1.3415955797815566,0.17070995820271737,0.00786708591994989,1.0
2022-06-14,0.5175062613456244,1.0,0.03501252269124877,0.20179615448293378,0.17350440983854246,0.013240853172587386,1.0
2022-06-15,0.6185229236787375,1.0,0.23704584735747503,1.349897661037546,0.17560282842128863,-0.00658147855018143,-1.0
2022-06-16,0.3812123568325653,-1.0,0.23757528633486935,1.3492402773721495,0.1760807843637631,0.013878153748852151,1.0
2022-06-17,0.5795873895007582,1.0,0.15917477900151633,0.9210978171379605,0.1728098536766757,0.004963746018838533,1.0
2022-06-22,0.5568885231881922,1.0,0.1137770463763843,0.6381671074299634,0.17828723080791334,0.0171532350198087,1.0
2022-06-23,0.6274911082404941,1.0,0.2549822164809883,1.4144256424760089,0.18027262008247508,0.011716259066207657,1.0
2022-06-24,0.702129774482336,1.0,0.4042595489646721,2.3325914941410755,0.1733091927926847,0.011261562602109976,1.0
2022-06-28,0.47707804734675846,-1.0,0.04584390530648308,0.24982672913267034,0.1835028039859486,-0.015401344655860294,-1.0
2022-06-29,0.5545516784310145,1.0,0.10910335686202899,0.6931159810536984,0.1574099571274729,0.014396937410844801,1.0
2022-06-30,0.5076829557839455,1.0,0.015365911567891022,0.09552657628787622,0.1608548339635322,-0.004078696796953385,-1.0
2022-07-01,0.5957600280088579,1.0,0.1915200560177157,1.1916296750091218,0.16072112002099112,0.006562312642078627,1.0
2022-07-06,0.5715407940519459,1.0,0.14308158810389182,0.8922228483598997,0.1603653037656534,0.00440870982398156,1.0
2022-07-07,0.6068541435554455,1.0,0.21370828711089107,1.3115550889001932,0.16294266929351517,-0.003306647006373842,-1.0
2022-07-08,0.5078123352570517,1.0,0.015624670514103434,0.08699077035454804,0.1796129687140602,-0.016745917217401263,-1.0
2022-07-12,0.47297028123279167,-1.0,0.054059437534416666,0.31671679143474674,0.170686995436914,0.001818427130079625,1.0
2022-07-13,0.48389562566066696,-1.0,0.03220874867866608,0.18840529812925239,0.17095458035670413,0.00014161873921358925,1.0
2022-07-14,0.5311797210608796,1.0,0.062359442121759256,0.34828092074216166,0.17904926284470524,-0.0170165989753992,-1.0
2022-07-15,0.6335149020505203,1.0,0.2670298041010406,1.5234362183215846,0.17528124964446187,0.010370417794214326,1.0
2022-07-18,0.4819086351282903,-1.0,0.036182729743419406,0.21280712867844415,0.1700259289626159,-0.005415383640537397,-1.0
2022-07-19,0.6039263104383645,1.0,0.20785262087672907,1.2307948848293815,0.16887673440854653,0.0033876430548982484,1.0
2022-07-20,0.5180728847111684,1.0,0.036145769422336826,0.21264144394507925,0.16998459355680687,-0.011145470508331035,-1.0
2022-07-21,0.5357266165099971,1.0,0.07145323301999418,0.42626406864890093,0.1676266856047108,0.0005136851289573308,1.0
2022-07-22,0.42165724995532555,-1.0,0.1566855000893489,0.9626914449890607,0.1627577568128585,-0.0060378921975521305,-1.0
2022-07-25,0.49160364641150595,-1.0,0.01679270717698811,0.1022760420079197,0.16419003754259254,0.007912370473270425,1.0
2022-07-26,0.4365391979296521,-1.0,0.12692160414069575,0.8303788401731002,0.15284783041224625,-0.004931728299924387,-1.0
2022-07-27,0.6296910662019972,1.0,0.25938213240399444,1.778274568749172,0.14586168916898043,0.0001507679461192346,1.0
2022-07-28,0.5477704116593232,1.0,0.09554082331864633,0.6633757181020695,0.14402218940420436,-0.013150804617394707,-1.0
2022-07-29,0.5733564335374309,1.0,0.14671286707486186,1.068571331195608,0.13729815014848573,0.0044545672983538065,1.0
2022-08-01,0.46248764868830894,-1.0,0.07502470262338212,0.5423691723141845,0.13832774142244517,-0.019493978768480025,-1.0
2022-08-02,0.5379868710074469,1.0,0.07597374201489382,0.541424124830997,0.14032204796675557,-0.009751343064954177,-1.0
2022-08-03,0.5381023373798992,1.0,0.07620467475979842,0.5355485828940473,0.14229273906019227,0.008498208127662554,1.0
2022-08-04,0.4649112494250527,-1.0,0.07017750114989463,0.46133450344327764,0.15211847504599912,0.013500792507784132,1.0
2022-08-05,0.4818000400073778,-1.0,0.03639991998524439,0.23927584367845967,0.15212534381096499,-0.00212561683423107,-1.0
2022-08-08,0.4664199969769456,-1.0,0.06716000604610883,0.467812821614419,0.14356170447475144,0.0019806777842734657,1.0
2022-08-09,0.4363086271561073,-1.0,0.1273827456877854,0.8689415356467619,0.14659530067575047,-0.0112008519134007,-1.0
2022-08-10,0.6168929224139517,1.0,0.23378584482790332,1.3956686550822777,0.1675081287930201,0.020392059151230324,1.0
2022-08-11,0.5295796931608622,1.0,0.05915938632172435,0.3765874914798276,0.15709333862697694,-0.000570162270900676,-1.0
2022-08-12,0.5939476698338626,1.0,0.1878953396677252,1.2392674675629332,0.15161806840393266,-0.0013058462208004329,-1.0
2022-08-15,0.5509798144319352,1.0,0.10195962886387044,0.6759612982734681,0.15083648890002202,-0.001873531152293273,-1.0
2022-08-16,0.49004187260216203,-1.0,0.019916254795675936,0.12881780069116933,0.15460793996494018,0.00936417576846571,1.0
2022-08-17,0.4788969730071276,-1.0,0.04220605398574484,0.2764252972307258,0.15268520793347082,-0.008740658849184846,-1.0
2022-08-18,0.5440723021417992,1.0,0.0881446042835985,0.5714874403762928,0.1542371678816951,-0.006943853017870594,-1.0
2022-08-19,0.4669802846355841,-1.0,0.06603943072883178,0.424106479644163,0.15571426964341759,0.007304856526286985,1.0
2022-08-22,0.40861196224221064,-1.0,0.18277607551557873,1.1920234278825226,0.15333262018201865,-0.0048584241104108195,-1.0
2022-08-23,0.49416364742171465,-1.0,0.011672705156570706,0.07046468251093914,0.16565327112285794,-0.018904217701069204,-1.0
2022-08-24,0.5369864824535436,1.0,0.07397296490708727,0.4369073336418974,0.16931042170996785,0.008284301958152218,1.0
2022-08-25,0.537624778572156,1.0,0.07524955714431192,0.46035893650840787,0.1634584476952748,-0.002112121742172346,-1.0
2022-08-26,0.33891580018344125,-1.0,0.3221683996331175,1.9793018952356005,0.16276870163597207,-0.004388264915353379,-1.0
2022-08-29,0.444874944334981,-1.0,0.11025011133003804,0.7446398696404276,0.1480582974737516,-0.0033566278300075636,-1.0
2022-08-30,0.4281422818566994,-1.0,0.14371543628660122,0.9991526711187588,0.14383731379678139,0.0007473390460852603,1.0
2022-08-31,0.5489053910861003,1.0,0.09781078217220052,0.6814262891590313,0.1435383162174617,-0.008605387806337239,-1.0
2022-09-01,0.4740737681952627,-1.0,0.0518524636094746,0.38692399599974875,0.13401201307118793,-0.004977322973287124,-1.0
2022-09-02,0.4077013694090431,-1.0,0.18459726118191377,1.3775131266770015,0.13400762403420496,-0.0020347384303609495,-1.0
2022-09-07,0.5561546595092975,1.0,0.11230931901859509,0.8404244038907648,0.13363405262704942,-0.00426610913042047,-1.0
2022-09-08,0.5218248089511496,1.0,0.043649617902299154,0.3117556893505445,0.14001225765351993,0.013894846649712855,1.0
2022-09-09,0.5647016153169256,1.0,0.12940323063385128,1.0985702475701675,0.11779240419087181,0.004232755636773389,1.0
2022-09-14,0.4792270951189841,-1.0,0.041545809762031816,0.34323282010914447,0.12104264897750944,-0.009406303354759005,-1.0
2022-09-15,0.4532182707818777,-1.0,0.09356345843624458,0.6537543940671969,0.14311713892148242,-0.023450014762414595,-1.0
2022-09-16,0.5130135071004925,1.0,0.026027014200985077,0.18174123545155477,0.1432091849508907,-0.001190790104363848,-1.0
2022-09-19,0.4720087569846932,-1.0,0.05598248603061362,0.4095895822322712,0.1366794675916999,0.001231160896130401,1.0
2022-09-20,0.39666604690767404,-1.0,0.20666790618465192,1.5189140917146347,0.13606293292819063,-0.00739949491918801,-1.0
2022-09-21,0.3653513642953085,-1.0,0.269297271409383,1.9673589511531644,0.13688263204410908,-0.00880976808108136,-1.0
2022-09-22,0.38985971019170534,-1.0,0.2202805796165893,1.682586641348626,0.13091782271611888,-0.003443219315728885,-1.0
2022-09-23,0.35407182466441645,-1.0,0.2918563506711671,2.2290386951893035,0.13093372999807026,-0.005016570189840808,-1.0
2022-09-26,0.40811231317123753,-1.0,0.18377537365752494,1.3717045838482784,0.133975912759545,0.014496398836805868,1.0
2022-09-27,0.44633434788543574,-1.0,0.10733130422912851,0.7851198400797087,0.13670690606701746,-0.016336120463633974,-1.0
2022-09-28,0.5234157789151836,1.0,0.0468315578303673,0.3416593442992426,0.13707091174813543,-0.00040927623141995273,-1.0
2022-09-29,0.3696930059473128,-1.0,0.2606139881053744,1.8981694516331364,0.13729753572904083,-0.00581582658395563,-1.0
2022-09-30,0.4208285624750856,-1.0,0.1583428750498288,1.0397786250604675,0.15228517997340107,-0.022063216102457872,-1.0
2022-10-10,0.4846838314871534,-1.0,0.030632337025693235,0.20045708523432024,0.15281244357058363,0.0018140592006798961,1.0
2022-10-11,0.42416378001216243,-1.0,0.15167243997567514,0.9093941400154736,0.16678405248256206,0.01518877523783524,1.0
2022-10-12,0.4505082221367725,-1.0,0.09898355572645501,0.5902604630850542,0.1676947075348868,-0.008358996339091096,-1.0
2022-10-13,0.5595838741082819,1.0,0.11916774821656384,0.6151664059571045,0.19371628076984654,0.02392881021074844,1.0
2022-10-14,0.39675641880396595,-1.0,0.2064871623920681,1.0653150709442936,0.19382731740482956,0.0010259026095194024,1.0
2022-10-17,0.6178920009615091,1.0,0.23578400192301818,1.2761750961458964,0.1847583475301281,-0.0021175578695158404,-1.0
2022-10-18,0.5096471942106509,1.0,0.01929438842130171,0.10217863576498591,0.18882996701658275,-0.01608356062775196,-1.0
2022-10-19,0.4242918739840545,-1.0,0.15141625203189102,0.8063489462133029,0.18778005817823315,-0.005721383681439152,-1.0
2022-10-20,0.436067861051611,-1.0,0.127864277896778,0.7422879186605441,0.17225698368836265,-0.003204855913310767,-1.0
2022-10-21,0.5971845243344591,1.0,0.19436904866891824,0.9881697528063808,0.19669601110225682,-0.029260788379470104,-1.0
2022-10-24,0.5774763037601289,1.0,0.15495260752025786,0.7906431605521745,0.19598298606926676,-0.0016290647836045835,-1.0
2022-10-25,0.5425234189503039,1.0,0.08504683790060774,0.42508553891306466,0.20006993914229787,0.00811836621498152,1.0
2022-10-26,0.4914116656619719,-1.0,0.01717666867605616,0.08609478683531445,0.19950881240826324,-0.007043665090378348,-1.0
2022-10-27,0.5229298707174725,1.0,0.04585974143494509,0.21449603043684193,0.21380228501920193,-0.024734622274792173,-1.0
2022-10-28,0.6506849712961852,1.0,0.3013699425923704,1.404708745447639,0.2145426541758539,-0.009213205208212671,-1.0
2022-10-31,0.5327164431859184,1.0,0.06543288637183675,0.26201000954510706,0.249734300172116,0.03575965249837321,1.0
2022-11-01,0.5036588342311376,1.0,0.0073176684622751065,0.029225425566891578,0.2503870626460621,0.012006032734269922,1.0
2022-11-02,0.41824800409144347,-1.0,0.16350399181711306,0.6506842856830851,0.25128006840593575,-0.008132024400423599,-1.0
2022-11-03,0.4422159487425395,-1.0,0.115568102514921,0.41322921414789215,0.27967069741966477,0.03269774338475018,1.0
2022-11-04,0.5941597471818089,1.0,0.18831949436361772,0.7034997698926324,0.26768948963886496,0.002155992222288461,1.0
2022-11-07,0.5599323401190439,1.0,0.11986468023808783,0.4455047348049295,0.26905366177661894,-0.006879458755165491,-1.0
2022-11-08,0.49010030971555346,-1.0,0.019799380568893077,0.07463927581012916,0.2652675867228355,-0.009349682942929705,-1.0
2022-11-09,0.3668888566926903,-1.0,0.26622228661461944,1.0045099528670354,0.2650270272133965,-0.007694917170803395,-1.0
2022-11-10,0.7306838232552084,1.0,0.46136764651041684,1.7073275809236002,0.2702279583984898,0.027878098233464543,1.0
2022-11-11,0.6361171039924397,1.0,0.2722342079848794,1.0072765226462135,0.2702675996753043,0.0014723742417390717,1.0
2022-11-14,0.539834451025965,1.0,0.07966890205192989,0.28568566981574417,0.27886908749505407,0.018965650391129074,1.0
2022-11-15,0.5874568130675054,1.0,0.17491362613501082,0.6383768062864673,0.2739974642131962,-0.008169482818426332,-1.0
2022-11-16,0.48388836403328506,-1.0,0.03222327193342989,0.11780177473240752,0.2735380855392597,-0.0041013042491764296,-1.0
2022-11-17,0.49193084331499043,-1.0,0.01613831337001914,0.058934792229034104,0.2738333802434046,-0.004476696561939053,-1.0
2022-11-18,0.5267267151422836,1.0,0.05345343028456728,0.2116159848735018,0.25259637317341727,-0.008533844841432603,-1.0
2022-11-21,0.46897129166432877,-1.0,0.06205741667134246,0.24592429537898364,0.252343578236987,0.00011832978830383922,1.0
2022-11-22,0.5702651385538662,1.0,0.14053027710773236,0.5591430547013875,0.25133152585215085,0.0010494557341109712,1.0
2022-11-23,0.5367555175910819,1.0,0.07351103518216373,0.29369573577764074,0.2502965696370188,-0.004431130647200576,-1.0
2022-11-28,0.4825241396081986,-1.0,0.03495172078360276,0.13988849638083656,0.2498541458938065,0.03085254049965136,1.0
2022-11-29,0.5708714109745144,1.0,0.14174282194902887,0.5787674322092252,0.2449046267306013,0.0011991928120147488,1.0
2022-11-30,0.6766186215204948,1.0,0.3532372430409896,1.6199624587654566,0.2180527339566777,0.010830936738993158,1.0
2022-12-02,0.5262088219625148,1.0,0.05241764392502968,0.23461129624241772,0.22342335925235202,0.01961483336898362,1.0
2022-12-05,0.5210446557029442,1.0,0.04208931140588845,0.19255332153748406,0.21858522652228043,0.0054022472456696224,1.0
2022-12-06,0.5011119028707612,1.0,0.0022238057415224777,0.01149020281605206,0.19353929405108264,-0.0024587986788965344,-1.0
2022-12-07,0.5425067324753958,1.0,0.08501346495079165,0.4386603114888633,0.19380249984833645,0.00018668965888335443,1.0
2022-12-08,0.5618198510038425,1.0,0.12363970200768493,0.6456445633328275,0.19149809202985435,0.009866689567031628,1.0
2022-12-09,0.5385619454924485,1.0,0.07712389098489703,0.3989710953839092,0.19330696352998883,-0.011205169069221421,-1.0
2022-12-12,0.5579477151090494,1.0,0.11589543021809878,0.6105591630900443,0.189818509366973,-0.0019633519441155656,-1.0
2022-12-13,0.5345430798797042,1.0,0.06908615975940835,0.4118107005428856,0.1677619344721563,0.0023329306145123407,1.0
2022-12-14,0.4587746707981167,-1.0,0.08245065840376664,0.49025182142159507,0.16818021841241196,-0.0007325116324465863,-1.0
2022-12-15,0.4068561351711335,-1.0,0.186287729657733,1.1872473889216895,0.1569072557210909,0.0005662971227904379,1.0
2022-12-16,0.5076032876213781,1.0,0.015206575242756148,0.09219867435308877,0.16493268856036117,-0.015428046998819167,-1.0
2022-12-19,0.5077624402299324,1.0,0.015524880459864887,0.08823746660996311,0.17594431318489298,-0.016491229241802685,-1.0
2022-12-20,0.5308672442220504,1.0,0.0617344884441009,0.35307663083590357,0.17484727974758746,0.00039722988955137595,1.0
2022-12-21,0.5427729075436009,1.0,0.08554581508720172,0.49987381523922475,0.17113481938689273,0.0014332190412937873,1.0
2022-12-22,0.4310179247447501,-1.0,0.13796415051049982,0.8042432160956765,0.1715453083711022,-0.0020356994265943174,-1.0
2022-12-23,0.5188014724051138,1.0,0.03760294481022752,0.21891249006669175,0.1717715823284993,0.003988800013792204,1.0
2022-12-28,0.45188176954479264,-1.0,0.09623646091041471,0.5612232273273235,0.17147626153806084,-0.0037618204286765655,-1.0
2022-12-29,0.5777032121121317,1.0,0.15540642422426343,1.1693726391079569,0.13289726390623738,0.0038719620732849958,1.0
2022-12-30,0.5210893341734983,1.0,0.042178668346996684,0.3157138894572866,0.13359775972955126,0.0042010685927440505,1.0
2023-01-04,0.5740587545127254,1.0,0.14811750902545073,1.0184510877585513,0.14543409183393755,0.019427436482583493,1.0
2023-01-05,0.5135711117849878,1.0,0.027142223569975643,0.21212648899947595,0.1279530137796355,0.003102118693395939,1.0
2023-01-06,0.6594221564427982,1.0,0.31884431288559645,2.4565025960304685,0.12979604149445065,0.00809643273148275,1.0
2023-01-09,0.6116655266199289,1.0,0.2233310532398578,1.72518618740922,0.12945330473300556,0.0010849413922335849,1.0
2023-01-10,0.6283252298289908,1.0,0.2566504596579815,1.9789691536679357,0.12968896416717296,-0.0018526566693400914,-1.0
2023-01-11,0.6001929879655692,1.0,0.20038597593113838,1.604958296403445,0.12485431950486428,0.001954598355972781,1.0
2023-01-12,0.5866433650855414,1.0,0.17328673017108276,1.360447372924389,0.12737481332966907,0.014064171828399585,1.0
2023-01-13,0.5845510207917686,1.0,0.16910204158353714,1.2372484526740932,0.13667589659785231,0.015606557763309548,1.0
2023-01-18,0.4921878685398252,-1.0,0.015624262920349574,0.11363177312107138,0.1374990681849378,0.006220834541877274,1.0
2023-01-19,0.5343189493332222,1.0,0.06863789866644443,0.4983565244166488,0.13772850420045873,0.006140267294961976,1.0
2023-01-20,0.6759227115137489,1.0,0.3518454230274979,2.554487253691969,0.1377362218265055,0.004739416964185672,1.0
2023-01-31,0.6413113674402288,1.0,0.2826227348804575,2.3251687031080386,0.12154934586151855,0.009400128654863726,1.0
2023-02-01,0.6385887615770603,1.0,0.2771775231541207,2.7925937153462326,0.09925451082659748,-0.003523411837128898,-1.0
2023-02-02,0.6704593686662627,1.0,0.3409187373325253,3.0892232651101215,0.11035742906085248,-0.009451229793532967,-1.0
2023-02-03,0.5196312685872513,1.0,0.039262537174502565,0.31103318448289163,0.12623263090007106,-0.013220392347750742,-1.0
2023-02-06,0.4897210911344566,-1.0,0.02055781773108678,0.16477010854859828,0.12476666982969994,0.0017999069216159125,1.0
2023-02-07,0.555876809443678,1.0,0.11175361888735602,0.8734615123537984,0.1279433807978592,-0.004419141651405334,-1.0
2023-02-08,0.41707862903856396,-1.0,0.16584274192287207,1.2746234507608325,0.13011116484941437,0.01342348068921062,1.0
2023-02-09,0.4498420376229014,-1.0,0.10031592475419715,0.7439066159818455,0.13485015806963235,-0.005942350461417445,-1.0
2023-02-10,0.4865161924712422,-1.0,0.026967615057515548,0.19790121240726757,0.13626806389653634,0.009074814127525421,1.0
2023-02-13,0.5563920318432969,1.0,0.11278406368659377,0.9137390700061665,0.12343136830718274,0.00041413523687539033,1.0
2023-02-14,0.5150096328502279,1.0,0.030019265700455877,0.23697316984318811,0.12667790923470568,-0.005210974382974354,-1.0
2023-02-15,0.5559340858097667,1.0,0.11186817161953333,0.8651064251429305,0.12931145621887016,-0.007323782176590021,-1.0
2023-02-16,0.5050739193556857,1.0,0.01014783871137137,0.07179583399969254,0.1413430020384585,-0.0144084946627423,-1.0
2023-02-17,0.4781913102872282,-1.0,0.043617379425543557,0.2662269172255811,0.163835347229692,0.02453410044895188,1.0
2023-02-22,0.4705653391686065,-1.0,0.05886932166278702,0.35856320388102103,0.16418115697761648,-0.0008047332437129961,-1.0
2023-02-23,0.49235781254632804,-1.0,0.015284374907343912,0.09354237160831043,0.16339520416848216,-0.010381012397268186,-1.0
2023-02-24,0.428238892949007,-1.0,0.14352221410198596,0.9286966128017589,0.1545415500859832,-0.00423585450644981,-1.0
2023-02-28,0.4699891216028393,-1.0,0.060021756794321424,0.3721815413871273,0.161270106439506,0.014125464834514823,1.0
2023-03-01,0.5126795427200368,1.0,0.025359085440073592,0.15855620406527313,0.1599375160976607,-0.002230222765427725,-1.0
2023-03-02,0.5344125745987363,1.0,0.06882514919747251,0.4318397884973078,0.1593765813867371,0.003111659848198167,1.0
2023-03-03,0.5701041053569389,1.0,0.1402082107138778,0.8985882655030907,0.15603165108703007,-0.005215042738850095,-1.0
2023-03-06,0.5248205113900143,1.0,0.049641022780028576,0.30408882619880745,0.1632451392593236,-0.01464050951445739,-1.0
2023-03-07,0.4876591433350837,-1.0,0.0246817133298326,0.15349335624589566,0.16079988042148616,-0.0036415260424436102,-1.0
2023-03-08,0.4855132007890143,-1.0,0.028973598421971447,0.1871581742631444,0.15480808431714324,-0.0035341146047651595,-1.0
2023-03-09,0.4043564169152018,-1.0,0.1912871661695964,1.1920731877010649,0.1604659580830748,-0.013113918898984056,-1.0
2023-03-10,0.4043427730651375,-1.0,0.191314453869725,1.1557931810206734,0.16552654662729233,0.010473805403647729,1.0
2023-03-13,0.5267993305788075,1.0,0.05359866115761491,0.3401137212918626,0.15759041109552932,-0.0059845046481565856,-1.0
2023-03-14,0.6327520774812031,1.0,0.2655041549624062,1.6912996976529104,0.1569823227254506,0.0005536181430152443,1.0
2023-03-15,0.5063053478290516,1.0,0.012610695658103133,0.0807882254723513,0.15609571301227523,-0.011976968583627179,-1.0
2023-03-16,0.6296172062883671,1.0,0.2592344125767343,1.6401696243668524,0.15805341638173884,0.004992954065482724,1.0
2023-03-17,0.4938626547210409,-1.0,0.012274690557918189,0.07768809484136645,0.1579996340878513,-0.004986840772462586,-1.0
2023-03-20,0.5710118635255593,1.0,0.14202372705111865,0.868873829475578,0.1634572503315461,0.010992676710813276,1.0
2023-03-21,0.557225166614659,1.0,0.11445033322931808,0.7292585899313172,0.15694067208738288,0.0042851281319855605,1.0
2023-03-22,0.41216488133325246,-1.0,0.17567023733349507,1.321922463533396,0.1328899706144203,0.009913130403408577,1.0
2023-03-23,0.5427949742811027,1.0,0.08558994856220536,0.6433051416754771,0.1330472011140589,-0.0029818597753454856,-1.0
2023-03-24,0.5338436762262933,1.0,0.0676873524525865,0.5248020967150422,0.12897690934596148,-0.003617788324245641,-1.0
2023-03-27,0.5503495572165209,1.0,0.1006991144330418,0.782557258843919,0.1286795481033628,-0.0032304235014929406,-1.0
2023-03-28,0.46309470216125737,-1.0,0.07381059567748527,0.6336398439251736,0.1164866704408215,0.0016574509659295078,1.0
2023-03-29,0.527609461094432,1.0,0.05521892218886393,0.4554650068045761,0.12123636583250492,0.008083084382388694,1.0
2023-03-30,0.48387467206499135,-1.0,0.0322506558700173,0.2660546495532103,0.12121816297582594,0.0030704271806099026,1.0
2023-03-31,0.5214957286912711,1.0,0.042991457382542286,0.3416964329449662,0.12581769441376203,0.00978591067820056,1.0
2023-04-03,0.5366512565630182,1.0,0.0733025131260363,0.6430169868157457,0.11399778641779629,0.0030648555408441247,1.0
2023-04-04,0.5527270461676269,1.0,0.10545409233525382,0.9316587834463591,0.11318960783599527,-0.001575636012239312,-1.0
2023-04-06,0.5712200397285085,1.0,0.1424400794570171,1.2527071001594596,0.11370581314569511,0.006502890173410325,1.0
2023-04-11,0.5066887159496419,1.0,0.013377431899283865,0.1329417551127117,0.10062626213970252,-0.0006975357962689666,-1.0
2023-04-12,0.49403682375468194,-1.0,0.011926352490636116,0.11934106513159991,0.09993502636736715,-0.006909204332231411,-1.0
2023-04-13,0.576220774206082,1.0,0.15244154841216395,1.5621050234945275,0.09758725957563505,0.0056574388808592335,1.0
2023-04-17,0.585745133431587,1.0,0.17149026686317392,1.7566345071349,0.09762433002803604,0.003048163293635886,1.0
2023-04-18,0.5421979873328309,1.0,0.08439597466566173,0.9122477105769833,0.09251431786250526,-0.009003534811841907,-1.0
2023-04-19,0.5314879504118708,1.0,0.0629759008237416,0.6757547295786469,0.09319342960871164,-0.00279787487583516,-1.0
2023-04-20,0.5020043743250219,1.0,0.0040087486500437475,0.03403384165339906,0.11778713349109628,-0.01956032782732109,-1.0
2023-04-21,0.5755201586590132,1.0,0.15104031731802636,1.2574493317566373,0.12011642417991139,-0.012380203478330354,-1.0
2023-04-24,0.5370246052689334,1.0,0.07404921053786673,0.6178079693644314,0.11985797239560489,-0.0050160157463272625,-1.0
2023-04-25,0.4660049264841487,-1.0,0.06799014703170259,0.6020696767826996,0.11292737311572286,-0.0008665883019159937,-1.0
2023-04-26,0.5461225427935527,1.0,0.09224508558710531,0.7890926322675841,0.1169001988043207,0.007371884244216975,1.0
2023-04-27,0.5913783809659728,1.0,0.18275676193194568,1.4890570752020924,0.12273321484815632,0.010196270752897307,1.0
2023-04-28,0.5728753146008605,1.0,0.145750629201721,1.1926469680385552,0.12220768853454148,0.0002881546832209647,1.0
2023-05-04,0.6157055585761523,1.0,0.23141111715230456,1.8877465117915813,0.12258590637398765,-0.0033174145405976407,-1.0
2023-05-05,0.6397437058727207,1.0,0.27948741174544134,2.2165628755750126,0.12609045059140844,0.011398158320506058,1.0
2023-05-08,0.6037549055575541,1.0,0.20750981111510813,1.6091543343644177,0.12895581653270702,-0.008562612395517921,-1.0
2023-05-09,0.5925130769227581,1.0,0.18502615384551624,1.4798524031455331,0.12503014047362412,-0.007697607299134157,-1.0
2023-05-10,0.5716999963374902,1.0,0.1433999926749805,1.1579281593360888,0.12384187353833807,-0.0015527149994870593,-1.0
2023-05-11,0.47499429753178435,-1.0,0.0500114049364313,0.3836309683076175,0.13036331544623703,-0.013256440532202207,-1.0
2023-05-12,0.4973826798106068,-1.0,0.005234640378786404,0.036885855152488475,0.14191457286664677,0.015522776643179581,1.0
2023-05-15,0.5520990222490877,1.0,0.10419804449817538,0.732256714372127,0.14229715133103274,-0.00517193909205238,-1.0
2023-05-16,0.4646757895547248,-1.0,0.07064842089055035,0.4993285724617612,0.1414868380998979,-0.004534708492900719,-1.0
2023-05-17,0.5274685365855278,1.0,0.05493707317105567,0.3962532333673734,0.13864132465039733,-0.0010340478237648165,-1.0
2023-05-18,0.4982292955500864,-1.0,0.0035414088998272364,0.025817288429442888,0.13717199269418615,-0.0029145085905962764,-1.0
2023-05-19,0.44142962181934103,-1.0,0.11714075636131793,0.8457833799683651,0.1384997141534034,0.006284129454892096,1.0
2023-05-22,0.47907664409261347,-1.0,0.04184671181477306,0.2882193245782989,0.14519051377280154,-0.014143451989858224,-1.0
2023-05-23,0.424799002002715,-1.0,0.15040199599457005,1.0942807327114148,0.13744370297181707,-0.013823511673857758,-1.0
2023-05-24,0.4380403682466446,-1.0,0.12391926350671079,0.9384259317295746,0.13205012704446503,-0.002226947568522597,-1.0
2023-05-25,0.46697274174774966,-1.0,0.06605451650450067,0.5020393078555382,0.1315723997522279,0.00011712764576032875,1.0
2023-05-26,0.49884213347805145,-1.0,0.0023157330438970947,0.017545328603452863,0.13198573228439656,-0.004416831063288051,-1.0
2023-05-31,0.43870008951986983,-1.0,0.12259982096026034,0.9535974009703228,0.1285655988947854,0.0021916297906854343,1.0
2023-06-01,0.5297596777113028,1.0,0.05951935542260567,0.4422870892658626,0.134571767675606,0.014438640898502442,1.0
2023-06-02,0.5797099892179453,1.0,0.1594199784358905,1.1830072808513423,0.13475823946000157,-0.004553535962446897,-1.0
2023-06-06,0.5184154914615585,1.0,0.03683098292311704,0.27259222519490806,0.13511384228505513,-0.004942277943459805,-1.0
2023-06-07,0.45028278959470236,-1.0,0.09943442081059528,0.7573799488936356,0.1312873689828295,0.008139935640541163,1.0
2023-06-08,0.46002141409925096,-1.0,0.07995717180149808,0.611056852964665,0.13085062611370743,0.004323348569062135,1.0
2023-06-09,0.4844631718469936,-1.0,0.031073656306012776,0.24042591528418147,0.12924420509862244,0.0020144900452288006,1.0
2023-06-12,0.5043217203995622,1.0,0.008643440799124491,0.06591485969230419,0.13113038303461103,0.005325884291879968,1.0
2023-06-13,0.49064090274433003,-1.0,0.018718194511339936,0.1529798751945634,0.12235723481623773,-0.0002282073022714659,-1.0
2023-06-14,0.4796557650818064,-1.0,0.04068846983638719,0.33076613887495826,0.12301280286664688,0.015909317356901154,1.0
2023-06-15,0.5236314176841351,1.0,0.04726283536827025,0.37540692570632794,0.12589761171652666,0.009642595756615968,1.0
2023-06-16,0.5092535180862662,1.0,0.018507036172532354,0.1439343488062408,0.1285797054422767,-0.00818574988690135,-1.0
2023-06-21,0.48107765921548934,-1.0,0.03784468156902132,0.27287477656360043,0.1386888229304721,-0.014061995345794331,-1.0
2023-06-26,0.5077504263312912,1.0,0.015500852662582387,0.10904509418073635,0.14215084850025955,0.009380538499659918,1.0
2023-06-27,0.5381256804220677,1.0,0.07625136084413531,0.5422199054721736,0.14062811061451982,-0.0012050658534422665,-1.0
2023-06-29,0.4829603604126205,-1.0,0.03407927917475895,0.2601553483523508,0.1309958814631112,0.005392161480165081,1.0
2023-06-30,0.4823265772006831,-1.0,0.03534684559863377,0.28301804008246206,0.12489255309779854,0.01312443200331459,1.0
2023-07-03,0.53918224796708,1.0,0.07836449593416006,0.6334843976911582,0.12370390844632136,0.0015749257234101144,1.0
2023-07-06,0.43083539550018773,-1.0,0.13832920899962453,1.0978452308245663,0.12600064664463556,-0.004438482286796885,-1.0
2023-07-07,0.48290136405033884,-1.0,0.03419727189932231,0.2767766734382063,0.12355546973851922,0.004869175541515558,1.0
2023-07-10,0.4876118478043646,-1.0,0.024776304391270765,0.19953148555284383,0.12417240478425155,0.006544448482139975,1.0
2023-07-12,0.5687023298203141,1.0,0.1374046596406282,1.1079782226546198,0.1240138631167484,0.014306465801312784,1.0
2023-07-13,0.5902525590389803,1.0,0.18050511807796066,1.4890153636027226,0.12122448329963666,0.00017442950649537714,1.0
2023-07-14,0.5456701734502856,1.0,0.09134034690057113,0.7325991638075348,0.12467984050902857,-0.008188550033174313,-1.0
2023-07-17,0.5565128399586073,1.0,0.11302567991721468,0.9026168503736137,0.12521999768831124,-0.003164066792943232,-1.0
2023-07-18,0.5279205297242613,1.0,0.05584105944852258,0.44415318871147247,0.1257247743971453,-0.0010565666538432383,-1.0
2023-07-19,0.47497524823203113,-1.0,0.050049503535937734,0.3846227218131994,0.13012622681258387,-0.00705581549708556,-1.0
2023-07-20,0.43004914353063284,-1.0,0.13990171293873432,1.0782654599053143,0.12974700399938574,-0.00046682593669222783,-1.0
2023-07-21,0.4620092979784,-1.0,0.07598140404319997,0.5784196501772371,0.1313603436880439,-0.004366664835121714,-1.0
2023-07-24,0.46866717483397835,-1.0,0.0626656503320433,0.4015477821787518,0.15606025761623368,0.02887979436673982,1.0
2023-07-25,0.5717048198830628,1.0,0.14340963976612553,0.93085507340414,0.15406226367943188,-0.0020694155854936724,-1.0
2023-07-26,0.5434302631080656,1.0,0.08686052621613127,0.5783647902986542,0.15018294279511468,-0.001194518677055778,-1.0
2023-07-27,0.5070341628817377,1.0,0.014068325763475498,0.09024112363140953,0.15589705887237917,0.023163502159982752,1.0
2023-07-28,0.6267229926811452,1.0,0.25344598536229035,1.6390953892677926,0.15462552516574907,0.005482954303538179,1.0
2023-07-31,0.6070732705724727,1.0,0.21414654114494547,1.3713402322111012,0.15615857838551345,-0.004142100268268778,-1.0
2023-08-01,0.5457585445980443,1.0,0.09151708919608859,0.5712795732239033,0.16019667687333888,-0.007030013249121336,-1.0
2023-08-02,0.46865983994927823,-1.0,0.06268032010144353,0.39870667366528184,0.15720910694879484,0.00883877281389056,1.0
2023-08-03,0.5369706594676409,1.0,0.07394131893528177,0.4702534838681685,0.15723715287989357,0.003893898202839363,1.0
2023-08-04,0.5302317202069445,1.0,0.06046344041388907,0.3791189431052918,0.15948409203360936,-0.007567566760906974,-1.0
2023-08-07,0.5543527179746639,1.0,0.1087054359493278,0.6784991936136884,0.1602145396376411,-0.0026116793015205086,-1.0
2023-08-08,0.48386555275900084,-1.0,0.03226889448199832,0.20127588316536985,0.16032171353328975,-0.0030572410403514327,-1.0
2023-08-09,0.47280604034342905,-1.0,0.05438791931314191,0.35495878034463285,0.15322319752264238,0.0020546607301958897,1.0
2023-08-10,0.5359640339992761,1.0,0.07192806799855211,0.41004190047186173,0.17541638529081988,-0.02300541009332413,-1.0
2023-08-11,0.5102138583524334,1.0,0.02042771670486676,0.11679534179766325,0.17490181021308046,-0.007298183898375332,-1.0
2023-08-14,0.5200417296299391,1.0,0.04008345925987822,0.2293760659021039,0.174749964004464,-0.002430038491602171,-1.0
2023-08-15,0.44337966501410353,-1.0,0.11324066997179294,0.6410892901810439,0.17663790630446147,-0.007331791513195296,-1.0
2023-08-16,0.4390233147012557,-1.0,0.12195337059748856,0.6958197221212896,0.17526575737994193,0.003343604828702773,1.0
2023-08-17,0.43076389817500427,-1.0,0.13847220364999147,0.7660429659923843,0.18076297257113397,-0.012293332908738352,-1.0
2023-08-18,0.5007219169319755,1.0,0.0014438338639510828,0.0077191946611586985,0.1870446241259,-0.014389255402478485,-1.0
2023-08-21,0.5232404943315621,1.0,0.04648098866312411,0.30077179078849237,0.15453905614376684,0.007687780445656323,1.0
2023-08-22,0.46054486691271634,-1.0,0.07891026617456731,0.4848048973767306,0.16276705660678997,-0.01638884505911964,-1.0
2023-08-23,0.5204509646914759,1.0,0.040901929382951785,0.24561606129783864,0.16652791013269014,0.007248486055151826,1.0
2023-08-24,0.4488360055130917,-1.0,0.10232798897381656,0.748582062048211,0.13669575342726598,-0.0038343688035947787,-1.0
2023-08-25,0.5091697091685717,1.0,0.018339418337143476,0.12751391644368223,0.14382287713077388,0.011718851101276018,1.0
2023-08-28,0.6027688198602807,1.0,0.2055376397205615,1.3583248293565773,0.15131700111667862,0.009989823107541707,1.0
2023-08-29,0.5965142651272101,1.0,0.19302853025442013,1.2818932012206883,0.15058082067258635,-0.00042136013574278763,-1.0
2023-08-30,0.5370749256291579,1.0,0.07414985125831586,0.5107316481978532,0.1451835842167956,-0.006134865685982094,-1.0
2023-08-31,0.5074923352118886,1.0,0.014984670423777269,0.10157768890711605,0.14751930847215322,0.006964444496381228,1.0
2023-09-01,0.5349784246508216,1.0,0.06995684930164314,0.43854339200974984,0.159520929003276,0.015155251588359286,1.0
2023-09-06,0.43379797129078257,-1.0,0.13240405741843486,0.8005266276423706,0.16539619401340563,-0.01404842776600801,-1.0
2023-09-07,0.43861933167555683,-1.0,0.12276133664888633,0.7411456157495554,0.16563727024780686,-0.0049174199642142424,-1.0
2023-09-08,0.4470876836237757,-1.0,0.10582463275244858,0.6277240800250097,0.16858463156014714,0.0073647196665875825,1.0
2023-09-12,0.45062075692857817,-1.0,0.09875848614284366,0.6554097787770932,0.15068204555494086,-0.0063697197658355575,-1.0
2023-09-13,0.4907859091023332,-1.0,0.018428181795333565,0.12366422413098327,0.14901789037882707,-0.0008411275230145732,-1.0
2023-09-14,0.5443112480312162,1.0,0.08862249606243244,0.5896716739514954,0.15029125524812348,-0.006624065088383313,-1.0
2023-09-15,0.4607131506677376,-1.0,0.0785736986645248,0.5236443977495396,0.15005163619091516,0.005105186965945752,1.0
2023-09-18,0.4645508043472719,-1.0,0.07089839130545617,0.4745945537363822,0.1493872838347768,-0.0019338945535208873,-1.0
2023-09-19,0.4703440862656206,-1.0,0.05931182746875885,0.4126091169975723,0.14374822325874062,-0.0039811831844197565,-1.0
2023-09-20,0.42380526991397915,-1.0,0.1523894601720417,1.104747771601813,0.13794050016601236,-0.008971338671070694,-1.0
2023-09-21,0.42213287017853335,-1.0,0.1557342596429333,1.0367611315629213,0.15021228603368197,0.01810455976876435,1.0
2023-09-22,0.4635135884133363,-1.0,0.07297282317332743,0.5238608368898047,0.13929810750231256,-0.006506936604640967,-1.0
2023-09-25,0.5123787753369593,1.0,0.024757550673918605,0.17801109148524785,0.13907869710450213,-0.00584476837907888,-1.0
2023-09-26,0.3943967414395675,-1.0,0.21120651712086502,1.5262401800987249,0.13838353876072318,0.0020585486771482753,1.0
2023-09-27,0.4740307105796425,-1.0,0.051938578840714955,0.39268119419854547,0.13226652971431588,-0.002966630140021853,-1.0
2023-09-28,0.5012656699191794,1.0,0.002531339838358848,0.019989198202223907,0.12663538640970715,-0.0012982729175661234,-1.0
2023-10-09,0.4265497952023215,-1.0,0.146900409595357,1.1403677159316252,0.12881845701440825,-0.007490649917890724,-1.0
2023-10-10,0.5281750528300111,1.0,0.05635010566002219,0.439680329491978,0.1281615343700526,0.0028497787606989178,1.0
2023-10-11,0.47541464962396707,-1.0,0.049170700752065866,0.3768785985339479,0.13046827531024355,0.009497898868672028,1.0
2023-10-12,0.5135958996309266,1.0,0.02719179926185311,0.22495812575082402,0.12087493692924986,-0.010526196378439656,-1.0
2023-10-13,0.4530478205359804,-1.0,0.09390435892803917,0.807604223536667,0.11627522020230704,-0.01004883428281289,-1.0
2023-10-16,0.5801424912001623,1.0,0.16028498240032452,1.3698665050197414,0.11700773893877682,0.0035308582674060673,1.0
2023-10-17,0.49302446139560274,-1.0,0.013951077208794516,0.12168754087532617,0.11464671821323073,-0.007920257229072192,-1.0
2023-10-18,0.42123160259118425,-1.0,0.1575367948176315,1.184220846641846,0.13302991183136695,-0.021335094086069928,-1.0
2023-10-19,0.4974278245792773,-1.0,0.005144350841445378,0.03854498140996386,0.13346357043813661,-0.00649659194944463,-1.0
2023-10-20,0.4247404470312873,-1.0,0.15051910593742535,1.1113870909756758,0.13543355610265917,-0.010352963562524686,-1.0
2023-10-23,0.47771337377318795,-1.0,0.04457325245362409,0.3316931670892994,0.13438097879665983,0.0037090083482909098,1.0
2023-10-24,0.5541821295250384,1.0,0.10836425905007685,0.7880650624808706,0.13750674177705635,0.004969129341320766,1.0
2023-10-25,0.5097227349533149,1.0,0.019445469906629764,0.1399821662149748,0.13891390905300588,0.0027641934929738543,1.0
2023-10-26,0.49481355685258427,-1.0,0.010372886294831463,0.06999606695587353,0.14819241631634347,0.013727378921473132,1.0
2023-10-27,0.5497991264148161,1.0,0.0995982528296322,0.7524641702803032,0.132362784519734,0.006003562220254111,1.0
2023-10-30,0.598207350247476,1.0,0.1964147004949519,1.4947039540817626,0.13140709232659709,-0.0031436151630181985,-1.0
2023-10-31,0.5582604275726152,1.0,0.11652085514523036,0.8917505643064788,0.13066530015133718,-0.00041399510595641065,-1.0
2023-11-01,0.5367469706433358,1.0,0.07349394128667153,0.5639009833869587,0.13033128767615343,-0.004715170173734351,-1.0
2023-11-02,0.5673665755261781,1.0,0.13473315105235617,0.9953163402176766,0.13536716479796757,0.008425832165931624,1.0
2023-11-03,0.5938598515638777,1.0,0.18771970312775532,1.2911631105960146,0.14538806258266,0.013524040382396185,1.0
2023-11-06,0.5824803412250251,1.0,0.16496068245005024,1.14879049526911,0.1435950968687353,-0.0035371281459491977,-1.0
2023-11-07,0.5490658730800142,1.0,0.0981317461600284,0.6853168655634558,0.14319178629778234,-0.0023998835281575648,-1.0
2023-11-08,0.5059642470360064,1.0,0.011928494072012796,0.0863555926694465,0.13813227034029982,0.00048572833773463664,1.0
2023-11-09,0.5029026051196279,1.0,0.0058052102392558425,0.04278403967879427,0.1356863513319237,-0.007289861177925516,-1.0
2023-11-10,0.5494208599044026,1.0,0.09884171980880518,0.7514888779974205,0.13152785450690924,-0.0019726813605172033,-1.0
2023-11-13,0.4928701602486272,-1.0,0.014259679502745648,0.10907765411602575,0.13072961293774843,0.0007386683965586727,1.0
2023-11-14,0.6237500643663427,1.0,0.24750012873268545,1.8944688591675922,0.13064354556951344,0.007031432768537016,1.0
2023-11-15,0.5238535239770635,1.0,0.04770704795412706,0.43218978641426803,0.11038448721784067,-0.009669706382571697,-1.0
2023-11-16,0.4731731174909665,-1.0,0.05365376501806696,0.49933544208954234,0.10745034398829155,-0.0012022850974873212,-1.0
2023-11-17,0.5297890617927694,1.0,0.05957812358553882,0.6015746469489219,0.09903695890062574,0.0023132960713483364,1.0
2023-11-20,0.5420201776638534,1.0,0.0840403553277067,0.8516264318195604,0.09868218292397114,0.0013265021084505335,1.0
2023-11-21,0.4920678503592966,-1.0,0.015864299281406757,0.14996758949071487,0.10578485214893037,-0.010234659111376554,-1.0
2023-11-22,0.5129693942756826,1.0,0.02593878855136511,0.24333451368261252,0.10659724409336252,0.004825618663272024,1.0
2023-11-27,0.4697056585437373,-1.0,0.06058868291252539,0.6374449401637459,0.0950492804868158,0.0018738919947995925,1.0
2023-11-28,0.4905208727041991,-1.0,0.01895825459160183,0.19521379242275022,0.09711534393300601,-0.008587694325147277,-1.0
2023-11-29,0.5094763466327729,1.0,0.018952693265545717,0.19507365951789382,0.09715659875549325,0.002263562238071337,1.0
2023-12-01,0.5759772837740765,1.0,0.15195456754815306,1.5257107873469469,0.0995959187077561,-0.006529938863831353,-1.0
2023-12-04,0.5038770875332137,1.0,0.007754175066427393,0.06543363425590644,0.11850442291041559,-0.019039992046559928,-1.0
2023-12-05,0.46751215906306615,-1.0,0.06497568187386771,0.5731452269285547,0.11336687251513522,0.0015735402475416382,1.0
2023-12-06,0.4841914463893547,-1.0,0.03161710722129063,0.3225979477419297,0.09800777544494339,-0.0024461715767569725,-1.0
2023-12-07,0.5531854967737335,1.0,0.10637099354746704,1.06952388108614,0.09945639871027794,0.0024120671769554125,1.0
2023-12-08,0.5715383924364983,1.0,0.14307678487299658,1.3820431982813404,0.10352555191539727,0.0058812247349726565,1.0
2023-12-11,0.5772809427158427,1.0,0.15456188543168548,1.483583281008251,0.10418146888703438,0.0021488804502471925,1.0
2023-12-12,0.5064486504459449,1.0,0.012897300891889785,0.11160650901442022,0.11556047228592534,-0.01669135926401366,-1.0
2023-12-13,0.5735715991525654,1.0,0.14714319830513078,1.267875961100272,0.11605488456255521,-0.005235331737696303,-1.0
2023-12-14,0.5015027814160218,1.0,0.0030055628320435623,0.026023679564094522,0.1154933845784978,-0.0031062386111544438,-1.0
2023-12-15,0.5134359904206109,1.0,0.026871980841221887,0.24469421045572878,0.10981862133629718,-0.003646808429137116,-1.0
2023-12-18,0.530345255929947,1.0,0.060690511859893936,0.561754721995778,0.10803738621773448,0.0014041712446153376,1.0
2023-12-19,0.5333079728992276,1.0,0.0666159457984552,0.5951957257433486,0.11192275568722806,-0.010959373325043154,-1.0
2023-12-20,0.4332320687061166,-1.0,0.13353586258776684,1.1128247643314984,0.1199972060902016,0.01011917506039417,1.0
2023-12-21,0.5491324330194011,1.0,0.09826486603880213,0.8170389168335537,0.12026950493328895,0.0019088106110416447,1.0
2023-12-22,0.5250877365675739,1.0,0.05017547313514781,0.42404549741647835,0.11832568307137978,0.0030633208159587255,1.0
2023-12-27,0.48314929371264054,-1.0,0.033701412574718925,0.22876651378870466,0.14731794446912155,0.023433643342124277,1.0
2023-12-28,0.5579275046525808,1.0,0.11585500930516157,0.7803478020655203,0.14846586227128764,0.004852776655127844,1.0
2023-12-29,0.5145970548134415,1.0,0.02919410962688307,0.19164325528935572,0.1523357009502049,-0.01304475811034922,-1.0
2024-01-03,0.43954240389250404,-1.0,0.12091519221499192,0.7828819516604377,0.15444881818841177,-0.009248742783716124,-1.0
2024-01-04,0.49846683746476855,-1.0,0.003066325070462894,0.019909314133646792,0.15401460089882238,-0.0053602393987306485,-1.0
2024-01-05,0.521133064782357,1.0,0.04226612956471398,0.2891617205177654,0.1461677897372908,-0.012932882081732933,-1.0
2024-01-08,0.5626657396721587,1.0,0.12533147934431743,0.8568212544494723,0.14627494205293243,0.001960709129728677,1.0
2024-01-09,0.4946954515992692,-1.0,0.010609096801461604,0.07230697921025539,0.14672299848970738,-0.004668186687376341,-1.0
2024-01-10,0.4942314754874742,-1.0,0.011537049025051593,0.07780500695118778,0.14828157566118524,0.005658306401731483,1.0
2024-01-11,0.4977262932874212,-1.0,0.0045474134251576315,0.031137927498634838,0.14604097929629392,-0.0034909420597680763,-1.0
2024-01-12,0.507144385741319,1.0,0.014288771482638074,0.09829262085213844,0.1453697272365203,-0.0009886829750130888,-1.0
2024-01-17,0.48031044113228955,-1.0,0.03937911773542091,0.2719417952938111,0.1448071551225694,0.014136215803748575,1.0
2024-01-18,0.5941901458499721,1.0,0.1883802916999442,1.3106931015253867,0.14372570625473416,-0.0015124915680045925,-1.0
2024-01-19,0.538970300798041,1.0,0.07794060159608196,0.5073824800683012,0.1536131117211418,-0.015558863971109838,-1.0
2024-01-23,0.5107903616062596,1.0,0.021580723212519137,0.13344402738464498,0.16172116231409822,0.013978012539245022,1.0
2024-01-24,0.534049269590784,1.0,0.06809853918156805,0.3856753212432471,0.17656960513327222,0.020081724471172624,1.0
2024-01-25,0.5882701509799855,1.0,0.17654030195997095,1.0295525215372094,0.17147284695722106,-0.0027215735708822075,-1.0
2024-01-26,0.5488776164679496,1.0,0.09775523293589927,0.5680167987498089,0.17209919345881344,-0.008956989592422637,-1.0
2024-01-29,0.5860277389088243,1.0,0.17205547781764863,0.9357654641494871,0.18386602670149732,-0.017833448346832204,-1.0
2024-01-30,0.49406557239261206,-1.0,0.011868855214775875,0.06385799298442583,0.18586326722906155,-0.009148426259283915,-1.0
2024-01-31,0.461393930028364,-1.0,0.07721213994327203,0.4762547596988754,0.1621236079448139,0.0007336677290696869,1.0
2024-02-01,0.5654117519310998,1.0,0.13082350386219965,0.8010832693288491,0.16330824630978016,-0.011835432081998554,-1.0
2024-02-02,0.5864426527999388,1.0,0.17288530559987758,1.0659832655816097,0.16218388335163017,0.006539758739072532,1.0
2024-02-05,0.5332362999719918,1.0,0.06647259994398369,0.32312561135026624,0.20571752163565823,0.03476729006362289,1.0
2024-02-06,0.5406967946776029,1.0,0.0813935893552058,0.3926689922068553,0.2072829557988837,0.00964401278862903,1.0
2024-02-07,0.5770609878734878,1.0,0.15412197574697561,0.7650648707571659,0.20144955236860487,0.006370322075109902,1.0
2024-02-08,0.5547635108984915,1.0,0.10952702179698304,0.5359213574389672,0.20437144419917322,0.011553880764235913,1.0
2024-02-21,0.5081609208117231,1.0,0.016321841623446298,0.08009817708555443,0.20377294736698714,0.008621669712291835,1.0
2024-02-22,0.5465160753745398,1.0,0.09303215074907967,0.45681769602449473,0.20365268587163324,0.0008796346089039453,1.0
2024-02-23,0.4918605891080077,-1.0,0.016278821783984654,0.07829362160333855,0.20792015301653258,-0.01042569909179536,-1.0
2024-02-27,0.5469911278889135,1.0,0.09398225577782693,0.43803971068399716,0.21455190816164596,-0.01274097677483621,-1.0
2024-02-28,0.5400642434168562,1.0,0.08012848683371243,0.36591226234989555,0.21898278652681863,0.019077692695622872,1.0
2024-02-29,0.5399023695762608,1.0,0.07980473915252162,0.36438376738217226,0.21901288228578242,0.006177612985813985,1.0
2024-03-01,0.5833195300260824,1.0,0.16663906005216478,0.7988349078200668,0.2086026266765239,0.0008663566438389392,1.0
2024-03-04,0.5419723794602241,1.0,0.08394475892044828,0.4089063440153416,0.2052909184439036,0.006960155826154502,1.0
2024-03-05,0.49384611509503773,-1.0,0.01230776980992454,0.06272290483223401,0.1962244867779057,-0.004057199046196502,-1.0
2024-03-06,0.5710625677691886,1.0,0.14212513553837725,0.7194270689668081,0.19755322209725532,-0.006006114251342121,-1.0
2024-03-07,0.6023512959367383,1.0,0.2047025918734766,1.056464135611561,0.19376198866890956,0.004303457498045171,1.0
2024-03-08,0.5064126413745113,1.0,0.012825282749022504,0.07059834042816554,0.18166549909303248,0.012512024282703926,1.0
2024-03-11,0.5342621040548614,1.0,0.06852420810972282,0.3908322067174476,0.17532896964978742,0.002292949195155325,1.0
2024-03-12,0.6255827508975065,1.0,0.25116550179501296,1.399171547103837,0.17951015535936507,-0.006986252096598422,-1.0
2024-03-13,0.542447699871948,1.0,0.08489539974389593,0.4944293893667816,0.17170378939775793,-0.0028378990813078264,-1.0
2024-03-14,0.4987914124370637,-1.0,0.0024171751258725838,0.014080177965898237,0.17167219986330487,0.002181222231174118,1.0
2024-03-15,0.49974196041806296,-1.0,0.0005160791638740836,0.003960346679792387,0.13031161299776362,0.009393575841745383,1.0
2024-03-18,0.5499673275891288,1.0,0.09993465517825761,0.7546897468108048,0.13241819648480066,-0.007186845780024376,-1.0
2024-03-19,0.5500749255538575,1.0,0.10014985110771502,0.7619714258821577,0.13143517946459535,0.0021673566019961843,1.0
2024-03-20,0.5731125236663597,1.0,0.14622504733271935,1.1546635458402017,0.12663866271652088,-0.0011976401969774342,-1.0
2024-03-21,0.5496238044521587,1.0,0.0992476089043175,0.7665885021603029,0.1294666025183399,-0.01007737867520786,-1.0
2024-03-22,0.5047357033911523,1.0,0.009471406782304514,0.072303124932594,0.1309958150651776,-0.00542707733310166,-1.0
2024-03-25,0.5356129264576516,1.0,0.07122585291530314,0.5644269330478824,0.12619144967212398,0.0051007398965841055,1.0
2024-03-26,0.4952828676996441,-1.0,0.00943426460071184,0.07573032646400932,0.12457710195129627,-0.011558387209922194,-1.0
2024-03-27,0.5568835451249237,1.0,0.11376709024984732,1.0744861815189406,0.10588045915027143,0.005189581895787665,1.0
2024-03-28,0.5254703993775716,1.0,0.050940798755143124,0.48573341380985086,0.1048739850025735,0.004691611532633644,1.0
2024-04-02,0.4863061626005933,-1.0,0.027387674798813433,0.2593834281968368,0.10558760437860319,-0.003595131198689816,-1.0
2024-04-03,0.5317288875281169,1.0,0.06345777505623373,0.5974357739732072,0.1062168986537448,-0.00879953293385316,-1.0
2024-04-08,0.542491113432236,1.0,0.08498222686447199,0.8047652462712597,0.10559877834961488,-0.0008259793553232475,-1.0
2024-04-10,0.4184256512469585,-1.0,0.16314869750608296,1.5713663254162473,0.10382601107533959,-0.00013239330283909556,-1.0
2024-04-11,0.502051278446143,1.0,0.004102556892285891,0.038894256610039965,0.10547976102021393,-0.008106168375784262,-1.0
2024-04-12,0.4090320603000709,-1.0,0.18193587939985822,1.4779965155921289,0.12309628438262546,0.021070308492424417,1.0
2024-04-15,0.5022305258514576,1.0,0.004461051702915109,0.03501025757405056,0.12742127627823052,-0.010696023415672218,-1.0
2024-04-16,0.5328631135053875,1.0,0.06572622701077502,0.4737447416246222,0.13873763914588005,0.015461755026537238,1.0
2024-04-17,0.4830843163287563,-1.0,0.03383136734248737,0.24429362776879324,0.13848649124203266,0.0012338016207424918,1.0
2024-04-18,0.5446185364602539,1.0,0.08923707292050786,0.6332608107009661,0.1409167777518555,-0.007882790137940465,-1.0
2024-04-19,0.4735223535266122,-1.0,0.05295529294677559,0.3890952232841241,0.13609854292173285,-0.003037274590291128,-1.0
2024-04-22,0.5607925961437388,1.0,0.12158519228747755,0.894108030009155,0.13598490138404484,-0.00698970943709909,-1.0
2024-04-23,0.5782566966149536,1.0,0.1565133932299072,1.1429778336532113,0.13693475815681885,0.004391332558520977,1.0
2024-04-24,0.481196641005365,-1.0,0.037606717989269955,0.2735039885126143,0.1374997059230655,0.0024588101732667678,1.0
2024-04-25,0.46105115411072917,-1.0,0.07789769177854167,0.539810218288641,0.14430570066921025,0.01529283362995737,1.0
2024-04-26,0.6079843093163302,1.0,0.21596861863266037,1.4659467770119137,0.14732364231727166,0.011060274772903389,1.0
2024-04-29,0.6045780691873608,1.0,0.20915613837472158,1.4098307601177236,0.1483554936461002,-0.005385892372662515,-1.0
2024-04-30,0.48871478026956416,-1.0,0.022570439460871672,0.15144536897299143,0.14903354004107483,0.014838277946306766,1.0
2024-05-06,0.6245630645610131,1.0,0.24912612912202614,1.675814137159127,0.1486597610068797,0.00030919574386989446,1.0
2024-05-07,0.5569021190018982,1.0,0.11380423800379647,0.748567036965806,0.1520294541222164,-0.007866886325473943,-1.0
2024-05-08,0.5223097972514668,1.0,0.04461959450293351,0.2903230102352313,0.153689486984793,0.009458923046876233,1.0
2024-05-09,0.5457719338566726,1.0,0.0915438677133451,0.6158086351967308,0.1486563560189438,0.00046826891406626103,1.0
2024-05-10,0.536662938123613,1.0,0.07332587624722597,0.4935951063838708,0.14855470667936518,-0.00043259142721630006,-1.0
2024-05-13,0.5333089840362768,1.0,0.0666179680725536,0.44669393739336566,0.14913559933518591,-0.0020863969158654294,-1.0
2024-05-14,0.5352275149920636,1.0,0.07045502998412712,0.47134318041528994,0.14947713876341812,-0.008473781427354554,-1.0
2024-05-15,0.5710523264695015,1.0,0.1421046529390031,1.0758073538777448,0.13209117080933425,0.003944506096982492,1.0
2024-05-16,0.5156438058278789,1.0,0.031287611655757885,0.24486635197513387,0.12777423849126945,0.010331673332218072,1.0
2024-05-17,0.5608275972738964,1.0,0.12165519454779283,1.0292133583727645,0.11820211383588677,0.003532383352773394,1.0
2024-05-20,0.5869797079245105,1.0,0.17395941584902097,1.4501066134345661,0.11996319045604478,-0.004010065668516805,-1.0
2024-05-21,0.5224939901294613,1.0,0.04498798025892259,0.39210534570680283,0.11473442214318189,0.002255069894925743,1.0
2024-05-22,0.5110050785468914,1.0,0.022010157093782734,0.17837928758047666,0.12338964569444615,-0.011578115708419046,-1.0
2024-05-23,0.4930251934382655,-1.0,0.013949613123468985,0.10905428407904572,0.1279143982400352,-0.011070648735567512,-1.0
2024-05-24,0.5490216396106539,1.0,0.09804327922130773,0.7497290188806159,0.13077162114878707,0.009505272145440502,1.0
2024-05-29,0.4454735159632541,-1.0,0.10905296807349185,0.8198904222077349,0.13300919869248234,-0.0053161430869937965,-1.0
2024-05-30,0.47527926158238154,-1.0,0.04944147683523692,0.40116526850414297,0.12324465928866003,-0.0040027131757064405,-1.0
2024-05-31,0.4937251181712003,-1.0,0.012549763657599411,0.10737353399875625,0.11687948780511201,0.002464576771859628,1.0
2024-06-04,0.48884948371790876,-1.0,0.022301032564182477,0.1904155174980843,0.11711772683865872,-0.005774031984657868,-1.0
2024-06-05,0.5837148002208098,1.0,0.16742960044161959,1.62848892517442,0.10281285789136514,-0.0007090809654183294,-1.0
2024-06-06,0.5380836726738855,1.0,0.07616734534777092,0.7345300706476232,0.10369533990707203,-0.005047261531437863,-1.0
2024-06-07,0.5161143341967948,1.0,0.03222866839358951,0.3084651785772605,0.10448073439679115,-0.008739788378322566,-1.0
2024-06-11,0.49947001814757835,-1.0,0.001059963704843292,0.01094969248332471,0.09680305693128012,0.00035169157721259836,1.0
2024-06-12,0.5434598697446528,1.0,0.08691973948930554,0.8947752019413615,0.09714142647306151,-0.00507657324534172,-1.0
2024-06-13,0.47197233666398203,-1.0,0.05605532667203594,0.5626391816602693,0.09962926241045734,0.004367960237438684,1.0
2024-06-14,0.5160356043985104,1.0,0.032071208797020745,0.3219190403530398,0.09962507580119874,-0.0015061274312564432,-1.0
2024-06-17,0.5669197703868747,1.0,0.13383954077374938,1.373583404973195,0.0974382336661684,0.0026556763349574464,1.0
2024-06-18,0.5013174387083528,1.0,0.002634877416705539,0.02737121652147919,0.09626453448416714,-0.0047498441726201435,-1.0
2024-06-21,0.45661812091203624,-1.0,0.08676375817592752,1.0084637949966322,0.0860355707427427,-0.005381019676051757,-1.0
2024-06-24,0.46255339365134995,-1.0,0.0748932126973001,0.8947326913538931,0.08370456720875266,-0.005438318458586999,-1.0
2024-06-25,0.4826820373846144,-1.0,0.03463592523077119,0.3856920276606275,0.08980202531240167,0.006467216248465135,1.0
2024-06-27,0.49209673994133774,-1.0,0.01580652011732453,0.1761104226890861,0.0897534619244548,0.0021826121748012017,1.0
2024-06-28,0.5160713037279724,1.0,0.03214260745594477,0.37342591353198407,0.08607492488116186,0.004774014294310458,1.0
2024-07-01,0.4681660273285024,-1.0,0.06366794534299525,0.8125542744941255,0.07835531402826378,-0.0018391786746125849,-1.0
2024-07-02,0.477300585145955,-1.0,0.04539882970808995,0.6697148879160519,0.0677882939848586,-0.0024114389538986147,-1.0
2024-07-03,0.45015521337282105,-1.0,0.0996895732543579,1.4741613079835365,0.06762460302985461,-0.005081979803742809,-1.0
2024-07-08,0.5096602883863331,1.0,0.019320576772666298,0.2392440445744845,0.08075677205269438,0.011185680353699157,1.0
2024-07-09,0.5128998220795237,1.0,0.02579964415904734,0.3219157650091538,0.08014408414671371,-0.0031527894991906225,-1.0
2024-07-10,0.546409901026374,1.0,0.09281980205274798,1.0350874409301984,0.08967339220088877,0.011432892597943445,1.0
2024-07-12,0.5531467714328808,1.0,0.10629354286576165,1.1837826030888698,0.08979143855333536,0.0011075909723559096,1.0
2024-07-15,0.5599464870965033,1.0,0.1198929741930066,1.3215420456969569,0.09072202778820954,0.006339020213465885,1.0
2024-07-16,0.5625611205932978,1.0,0.12512224118659554,1.4879844824151982,0.08408840459378002,0.0009436057631699857,1.0
2024-07-17,0.4771072486799064,-1.0,0.045785502640187214,0.5344695373453803,0.08566531755503982,0.005525213731842671,1.0
2024-07-18,0.47944513982916714,-1.0,0.04110972034166571,0.49224140984047,0.08351536364035061,0.005136425564715719,1.0
2024-07-19,0.5160877997057638,1.0,0.03217559941152759,0.3658183189918605,0.08795513439621787,-0.006807259419002287,-1.0
2024-07-22,0.6011864949690695,1.0,0.20237298993813901,1.7070853977266458,0.11854883780720198,-0.021350953434283837,-1.0
2024-07-23,0.5387935817578637,1.0,0.07758716351572748,0.6453588765783987,0.12022328402312155,-0.006311851757533238,-1.0
2024-07-24,0.40098431654546146,-1.0,0.19803136690907708,1.6416437793398697,0.120629925566866,-0.0055275255795067535,-1.0
2024-07-25,0.48743550046464923,-1.0,0.02512899907070154,0.20993768051442516,0.11969742167831032,0.002947984156607797,1.0
2024-07-26,0.5333179952717079,1.0,0.06663599054341574,0.5566952626719613,0.11969922327627514,-0.005441304106159284,-1.0
2024-07-29,0.441522375494523,-1.0,0.116955249010954,0.9816942521301742,0.11913612487510576,-0.006299506125797882,-1.0
2024-07-30,0.4397448591595583,-1.0,0.1205102816808834,0.8441300936777716,0.14276268857544794,0.021577250664958747,1.0
2024-07-31,0.6186039496327812,1.0,0.2372078992655624,1.64960563249695,0.14379673213561303,-0.006628832997683909,-1.0
2024-08-01,0.44215862839469233,-1.0,0.11568274321061534,0.7814542295348499,0.1480352128613776,-0.010199554465913363,-1.0
2024-08-02,0.38517356758872184,-1.0,0.2296528648225563,1.4961828842324025,0.1534925089992436,-0.012135414573725467,-1.0
2024-08-05,0.4209433538662004,-1.0,0.15811329226759918,1.034696157715683,0.15281132638654876,-0.00010229349799195653,-1.0
2024-08-06,0.5660748738427007,1.0,0.13214974768540144,0.9048226290120043,0.1460504450797154,-0.0004457102482545716,-1.0
2024-08-07,0.4223630053210691,-1.0,0.15527398935786185,1.0631050852661577,0.14605704695598146,0.0004333397476394829,1.0
2024-08-08,0.5518224165913315,1.0,0.10364483318266293,0.7499843694783352,0.13819599101079255,-0.0033832525111899825,-1.0
2024-08-09,0.4327751282750066,-1.0,0.13444974344998684,0.9763434175985575,0.13770743062997579,-0.0017294853235371166,-1.0
2024-08-12,0.4198307816684435,-1.0,0.16033843666311298,1.1855660143771822,0.13524209931687706,0.002563242945820221,1.0
2024-08-13,0.5268964505842266,1.0,0.053792901168453255,0.39598813193787497,0.1358447307630235,-0.007542908897879341,-1.0
2024-08-14,0.46092094767159586,-1.0,0.07815810465680828,0.5574947400699976,0.14019523241958293,0.009885656490812522,1.0
2024-08-15,0.5841004470755391,1.0,0.1682008941510782,1.2191285777874459,0.137968133317275,0.0011014517559044812,1.0
2024-08-16,0.4936385252230591,-1.0,0.012722949553881757,0.09169361125277409,0.13875502753194094,0.0033876987142047454,1.0
2024-08-19,0.5359770869228558,1.0,0.07195417384571168,0.595208454310189,0.12088903194277081,-0.007228248824534433,-1.0
2024-08-20,0.4680643632617073,-1.0,0.06387127347658539,0.5331983154072056,0.11978896337623769,-0.0033210280063958875,-1.0
2024-08-21,0.5260627216405748,1.0,0.05212544328114954,0.43842000903648354,0.11889385111711877,-0.0025586796863593664,-1.0
2024-08-22,0.46736485455399585,-1.0,0.06527029089200831,0.5457950980488194,0.11958753591841552,0.004242204364686364,1.0
2024-08-23,0.5632462345827028,1.0,0.12649246916540569,1.0671878009204205,0.11852878102271162,-0.0008920437690531635,-1.0
2024-08-26,0.48406319830146194,-1.0,0.03187360339707612,0.2697039337495326,0.11817997221603875,-0.005682230103094765,-1.0
2024-08-27,0.4909582219120014,-1.0,0.018083556175997217,0.21531303260514734,0.08398728101684313,-0.005699272751255924,-1.0
2024-08-28,0.4426284204410064,-1.0,0.11474315911798716,1.3918134547185201,0.082441478582482,-0.0026821879594559617,-1.0
2024-08-29,0.551135668337563,1.0,0.102271336675126,1.094978363969416,0.09340032647255354,0.013348156821850532,1.0
2024-08-30,0.6108401202233289,1.0,0.2216802404466578,2.167170627170967,0.1022901647278415,-0.016986950207019125,-1.0
2024-09-04,0.4819726163221503,-1.0,0.036054767355699346,0.3509163909984755,0.10274460891698839,0.0017197774405663946,1.0
2024-09-05,0.48835008615632325,-1.0,0.023299827687353503,0.22047291806684283,0.10568113259284516,-0.008107416204641282,-1.0
2024-09-06,0.42029141457658314,-1.0,0.1594171708468337,1.4280407808766866,0.11163348622927009,-0.011881735970087903,-1.0
2024-09-10,0.49886767336908483,-1.0,0.0022646532618303405,0.020295608996391296,0.11158341009786954,-0.003011807851352799,-1.0
2024-09-11,0.54278667766569,1.0,0.08557335533138,0.7650486271053796,0.11185348525511819,-0.0042857636066325755,-1.0
2024-09-12,0.5278798361271839,1.0,0.05575967225436784,0.5041026453920006,0.11061174299335004,-0.00416961520579362,-1.0
2024-09-13,0.5243804172456091,1.0,0.04876083449121826,0.43907967503806367,0.11105236079759602,0.0037233555970774823,1.0
2024-09-18,0.4712596788725297,-1.0,0.05748064225494065,0.5301289455545601,0.10842766224509962,0.007892122699076909,1.0
2024-09-19,0.5787280050422072,1.0,0.15745601008441446,1.449596040265876,0.10862061271603284,0.0015688183737605499,1.0
2024-09-20,0.4832386706920159,-1.0,0.03352265861596815,0.3080998282281225,0.10880453523377945,0.003659424251417409,1.0
2024-09-23,0.4775621119688348,-1.0,0.0448757760623304,0.23318762392098508,0.19244493042879676,0.04331005950016875,1.0
2024-09-24,0.5586508753978445,1.0,0.11730175079568905,0.5914604576234435,0.19832560111798692,0.014804697860234306,1.0
2024-09-25,0.5741733385173429,1.0,0.14834667703468574,0.605978929794576,0.2448050084595756,0.04227123476385519,1.0
2024-09-26,0.5852037296310291,1.0,0.17040745926205814,0.5981999191479851,0.2848670717053408,0.04466874640370966,1.0
2024-09-27,0.5766808634967393,1.0,0.1533617269934786,0.3848626440114493,0.3984843148063916,0.08482632837295823,1.0
2024-09-30,0.6208612700849309,1.0,0.24172254016986172,0.5619635470770119,0.43013918149522945,0.05929556940208136,1.0
2024-10-08,0.5883273110286301,1.0,0.17665462205726024,0.3396786050604431,0.5200640235372668,-0.07051344706510376,-1.0
2024-10-09,0.6665208946872638,1.0,0.33304178937452766,0.6430493879607141,0.5179101257380782,0.010567282375257392,1.0
2024-10-10,0.558987963524156,1.0,0.11797592704831206,0.22041810663198239,0.5352370041236617,-0.027670551815153765,-1.0
2024-10-11,0.6282330764254781,1.0,0.2564661528509562,0.4860617000042492,0.527641146892903,0.019082020402004796,1.0
2024-10-14,0.5813228740466592,1.0,0.16264574809331833,0.29944700062795376,0.5431537058385721,-0.026593765446154438,-1.0
2024-10-15,0.5832230009000575,1.0,0.16644600180011504,0.30684210582092003,0.542448375377976,-0.006329365053637237,-1.0
2024-10-16,0.648276364999622,1.0,0.2965527299992441,0.5469802876449829,0.5421634685886915,-0.01131828074462049,-1.0
2024-10-17,0.6422513668827307,1.0,0.2845027337654613,0.5188178210826678,0.5483673116157839,0.03616789089974137,1.0
2024-10-18,0.6328437424476427,1.0,0.2656874848952855,0.48627948830367335,0.5463678631029737,0.0025381926274969935,1.0
2024-10-21,0.6351726066999737,1.0,0.2703452133999473,0.4971852158113962,0.543751513123232,0.00573770512632521,1.0
2024-10-22,0.6147308524192363,1.0,0.2294617048384726,0.42202428624229543,0.543716824644382,0.0038994121951319016,1.0
2024-10-23,0.5805340781507424,1.0,0.16106815630148485,0.29298254828758535,0.5497534144708982,-0.01116880586951241,-1.0
2024-10-24,0.6443016636572158,1.0,0.2886033273144315,0.5258226672253727,0.5488605670754267,0.0070219324669691385,1.0
2024-10-25,0.6278860278707696,1.0,0.2557720557415393,0.4657134039485109,0.5492048405156432,0.001955302532263392,1.0
2024-10-28,0.6580239821608513,1.0,0.3160479643217027,0.584964791317165,0.5402854479669753,-0.009966305572660317,-1.0
2024-10-29,0.6351828094106229,1.0,0.27036561882124577,0.49775732895046854,0.543167529830886,-0.008968954930746675,-1.0
2024-10-30,0.6044269799273203,1.0,0.20885395985464061,0.3959359058250912,0.5274943665930213,0.0004090553700537569,1.0
2024-10-31,0.5325968525678977,1.0,0.06519370513579537,0.12869345383285918,0.5065813620983844,-0.00026214071302277375,-1.0
2024-11-01,0.632607650775092,1.0,0.2652153015501839,0.6509343346304,0.4074378742070396,0.014072421221484666,1.0
2024-11-04,0.5102142994788281,1.0,0.020428598957656252,0.057424833077432895,0.3557450298568545,0.025302160181019717,1.0
2024-11-05,0.5771788080538947,1.0,0.1543576161077893,0.6194335821900185,0.24919155264726717,-0.005016598785582582,-1.0
2024-11-06,0.743193520121704,1.0,0.48638704024340806,1.8135768382664643,0.26819213279561327,0.03016984640493714,1.0
2024-11-07,0.5811700800552162,1.0,0.1623401601104324,0.6520186980515394,0.24898083535880447,-0.010046083949735829,-1.0
2024-11-08,0.6045523815848138,1.0,0.20910476316962767,0.8639895258568044,0.24202233581739532,0.006599339627445966,1.0
2024-11-11,0.5928295837995662,1.0,0.18565916759913237,0.8326342891675713,0.2229780469223117,-0.01098682176866339,-1.0
2024-11-12,0.5370354491907552,1.0,0.07407089838151037,0.3360040989250094,0.22044641306010315,0.006154816883979342,1.0
2024-11-13,0.5363154132408862,1.0,0.07263082648177233,0.32024485260175434,0.22679779516110932,-0.01733712164519119,-1.0
2024-11-14,0.4999070726575429,-1.0,0.00018585468491416623,0.0009182285955920541,0.20240568177288262,-0.017523434759565193,-1.0
2024-11-15,0.4635289432127145,-1.0,0.07294211357457103,0.35912065252240327,0.20311311271640284,-0.0046487240197429225,-1.0
2024-11-18,0.5590786749471477,1.0,0.11815734989429538,0.5806556078805878,0.203489552655099,0.006710745115471095,1.0
2024-11-19,0.5441898642157756,1.0,0.08837972843155129,0.43496868989466714,0.2031864142978969,0.002233402927060313,1.0
2024-11-20,0.5066581343569665,1.0,0.013316268713932988,0.0670276642106289,0.19866824945723474,0.0008843955739574749,1.0
2024-11-21,0.5249321003599032,1.0,0.04986420071980646,0.21986978983170066,0.22678968655937232,-0.03098264406419371,-1.0
2024-11-22,0.5700166147152583,1.0,0.14003322943051666,0.6173811328281481,0.2268181225251271,-0.00455493301470189,-1.0
2024-11-25,0.5169092751358066,1.0,0.03381855027161329,0.1505877921789569,0.224576971229007,-0.0020545252178287843,-1.0
2024-11-26,0.49729315340438063,-1.0,0.005413693191238744,0.023378962670846885,0.23156259186766723,0.017410619540464856,1.0
2024-11-27,0.4972907778828026,-1.0,0.005418444234394748,0.023172619795406385,0.23382959208905982,-0.008828667189653583,-1.0
2024-12-02,0.5353789942454791,1.0,0.07075798849095816,0.3025547407551503,0.2338683846577726,0.0010788746266114924,1.0
2024-12-03,0.5198215467916203,1.0,0.039643093583240585,0.17356665314499722,0.22840270792179662,-0.005398428246123244,-1.0
2024-12-04,0.5276161519558183,1.0,0.05523230391163669,0.2679822319448828,0.20610435069067037,-0.002281864885816387,-1.0
2024-12-06,0.5299478525431544,1.0,0.059895705086308704,0.29091374266069914,0.20588819400040081,-0.001653603534332193,-1.0
2024-12-09,0.49229842492433906,-1.0,0.015403150151321876,0.08995738062822328,0.17122719718774562,0.007327739753051343,1.0
2024-12-10,0.5381566808633729,1.0,0.07631336172674574,0.45027690280572213,0.16948095994093693,-0.0017033579376705132,-1.0
2024-12-11,0.5526320787421307,1.0,0.10526415748426143,0.6106482693931334,0.17238099698353965,0.009946272479330442,1.0
2024-12-12,0.48322556389065674,-1.0,0.03354887221868652,0.18065021457984126,0.18571177618977616,-0.0236623759930793,-1.0
2024-12-13,0.5492179804574209,1.0,0.09843596091484175,0.539994183330433,0.18229078007421212,-0.005425379610040859,-1.0
2024-12-16,0.5277776584518995,1.0,0.055555316903799,0.31453086563395316,0.17662914191847084,0.002605166568588446,1.0
2024-12-17,0.44422329929962856,-1.0,0.11155340140074288,0.6557451344453739,0.17011700970544635,0.005062935472496033,1.0
2024-12-18,0.3144861568166924,-1.0,0.3710276863666152,2.181643457843753,0.17006797560464978,0.000906671672725512,1.0
2024-12-19,0.4699731993077534,-1.0,0.06005360138449323,0.35870273176151557,0.1674188570841998,-0.004491233477228462,-1.0
2024-12-20,0.5270981314676386,1.0,0.05419626293527724,0.324183376806999,0.16717779754494544,0.0014838034250703735,1.0
2024-12-23,0.5434699380222405,1.0,0.08693987604448106,0.49623386120643065,0.17519940262261655,0.0127405828595486,1.0
2024-12-24,0.5383501074689728,1.0,0.07670021493794565,0.561412570899942,0.1366200525488689,0.0004872369522914699,1.0
2024-12-27,0.48980298759181534,-1.0,0.020394024816369316,0.14945941954879036,0.13645192038037976,0.0045274703964877094,1.0
2024-12-30,0.4963292160252601,-1.0,0.007341567949479821,0.04950184783894585,0.1483089676443109,-0.016039789400245752,-1.0
2024-12-31,0.5437295095606688,1.0,0.08745901912133758,0.5282696989609936,0.16555751596836404,-0.029102564200308434,-1.0
