date,P_up,sign,fP,fP_vol,vol20d,ret,ret_sign
2021-01-05,0.5732635394056769,1.0,0.14652707881135374,1.0018290371978886,0.14625956462710377,-0.0037501320469031096,-1.0
2021-01-06,0.5529051084012063,1.0,0.10581021680241265,0.72119846395478,0.14671442340876514,-0.0006291696120880319,-1.0
2021-01-07,0.631904741335846,1.0,0.2638094826716919,1.745253984694658,0.1511582182222302,0.014847223590326086,1.0
2021-01-11,0.4702308225343708,-1.0,0.059538354931258364,0.393243191828035,0.15140339659661406,0.005433314024232416,1.0
2021-01-12,0.6228732476943855,1.0,0.2457464953887709,1.6449598116896818,0.1493936165749504,9.609083312889233e-05,1.0
2021-01-13,0.6095848680417743,1.0,0.2191697360835485,1.485744627784421,0.14751507896103236,0.002111247340323086,1.0
2021-01-14,0.5590023069944997,1.0,0.11800461398899942,0.758016353669214,0.155675551612828,-0.011092344158201595,-1.0
2021-01-15,0.5078832760559946,1.0,0.015766552111989185,0.09729499698215756,0.16204895011077017,-0.010558650142566628,-1.0
2021-01-20,0.6322034443030832,1.0,0.26440688860616635,1.6211057015205173,0.16310280591707604,-0.0037112802046228577,-1.0
2021-01-21,0.5329186847465266,1.0,0.06583736949305319,0.3861100611978126,0.17051451414865687,-0.014972171647596122,-1.0
2021-01-22,0.5655207902450172,1.0,0.13104158049003445,0.7578166825947734,0.17291989408486827,-0.009254169343308138,-1.0
2021-01-27,0.394318886375937,-1.0,0.21136222724812603,1.1979402593394048,0.17643803653838308,-0.010735650281904374,-1.0
2021-01-28,0.4820887781061314,-1.0,0.035822443787737246,0.24893623848800758,0.14390208514965963,-0.013240422354072856,-1.0
2021-01-29,0.3776087159091557,-1.0,0.24478256818168864,1.1122012742496055,0.22008837235584156,0.047423511101338356,1.0
2021-02-01,0.7600037916888607,1.0,0.5200075833777213,2.2169599023704127,0.23455885820114294,0.02567357148195737,1.0
2021-02-02,0.6748863703034896,1.0,0.34977274060697927,1.4946007288584329,0.2340242004793706,0.009701122671723184,1.0
2021-02-03,0.5725735193187764,1.0,0.14514703863755285,0.6218529423441727,0.23341055216430787,0.0071467580293813615,1.0
2021-02-04,0.6759847139804754,1.0,0.3519694279609509,1.5087339624424156,0.23328793327563513,0.0019199973566108586,1.0
2021-02-05,0.6276835951966836,1.0,0.2553671903933672,1.0804763238293986,0.23634686365759577,0.01283480273296811,1.0
2021-02-08,0.6533250874076952,1.0,0.3066501748153905,1.2961241581996499,0.23659012362005158,-0.0004300136336804483,-1.0
2021-02-09,0.5557648320830003,1.0,0.11152966416600063,0.47320568481954545,0.23568961181971407,-0.00018530340410816137,-1.0
2021-02-10,0.5227386049545781,1.0,0.04547720990915627,0.19315164447277472,0.23544821496752213,0.004421924647502795,1.0
2021-02-11,0.520358756454562,1.0,0.040717512909123954,0.17597213109568013,0.231386144246812,-0.0006590524229219685,-1.0
2021-02-12,0.5314936792809272,1.0,0.06298735856185433,0.27054526325343486,0.23281634209522475,0.00998465984153385,1.0
2021-02-17,0.4343460350296771,-1.0,0.13130792994064577,0.55982874270005,0.23455017566148637,-0.005914312869584326,-1.0
2021-02-18,0.48206289838482064,-1.0,0.035874203230358725,0.15083817056668578,0.2378323941186935,-0.009074717063029758,-1.0
2021-02-19,0.5037274906178352,1.0,0.007454981235670344,0.030240922416823492,0.24651963762596812,-0.020428174591586412,-1.0
2021-02-23,0.4837045856835373,-1.0,0.032590828632925395,0.13029532151682088,0.25013045943263573,0.01864318245786234,1.0
2021-02-24,0.5604713918386836,1.0,0.1209427836773671,0.4843966456504294,0.24967717006993254,0.007699213013950157,1.0
2021-02-25,0.20344034992745766,-1.0,0.5931193001450847,2.101837491652032,0.2821908461052792,-0.03763569324758598,-1.0
2021-02-26,0.4770806406490722,-1.0,0.04583871870185563,0.1618646575138847,0.2831916454518405,0.015995389118723446,1.0
2021-03-01,0.7421890830568556,1.0,0.4843781661137112,1.7334310024152135,0.27943319661343335,0.010672985341787733,1.0
2021-03-02,0.4811517577979026,-1.0,0.03769648440419482,0.13553843527678122,0.2781239456336893,0.021884698711632122,1.0
2021-03-03,0.4053214127302259,-1.0,0.18935717453954815,0.799683946263113,0.23679001613625691,-0.010812930524138231,-1.0
2021-03-04,0.31812426831379736,-1.0,0.36375146337240527,1.6177384851053247,0.2248518328033241,-0.009459104528952489,-1.0
2021-03-05,0.6395599557944267,1.0,0.2791199115888534,1.2383845615165527,0.22539033533092262,0.010731002298940195,1.0
2021-03-09,0.7235373441471077,1.0,0.44707468829421537,1.9887527305794126,0.22480154592369184,0.005060099883821945,1.0
2021-03-10,0.6094774768092686,1.0,0.21895495361853712,0.9604188194094183,0.22797861640526484,-0.009479506235763657,-1.0
2021-03-12,0.42507264863084665,-1.0,0.1498547027383067,0.6668515371294619,0.2247197380445028,-0.006749419963093084,-1.0
2021-03-15,0.5923282526550132,1.0,0.18465650531002642,0.8216196164068337,0.22474695299703237,-0.001275984104457617,-1.0
2021-03-16,0.4644389786108609,-1.0,0.07112204277827816,0.3106020136889802,0.22898126748623035,-0.012685759862868795,-1.0
2021-03-17,0.507647884131014,1.0,0.015295768262028053,0.0662810833538571,0.2307712470595571,-0.011102973071742905,-1.0
2021-03-18,0.2634380075504163,-1.0,0.4731239848991674,2.000824317324184,0.23646453154463004,0.012786942826028547,1.0
2021-03-19,0.6098565618386003,1.0,0.21971312367720053,0.9434967769996863,0.23287109085405344,-0.000515437423697751,-1.0
2021-03-22,0.6079089522954221,1.0,0.21581790459084416,0.9242258384476393,0.23351208721164857,0.00531673999743143,1.0
2021-03-23,0.4775987453625971,-1.0,0.04480250927480578,0.1870030196330521,0.23958174238426627,-0.017911176994211853,-1.0
2021-03-24,0.43045784133944126,-1.0,0.13908431732111748,0.5919830837250526,0.23494643874944812,-0.015430189146808937,-1.0
2021-03-25,0.632247181450886,1.0,0.264494362901772,1.1540519781768617,0.22918756512129773,0.012733031929623273,1.0
2021-03-26,0.6408396302415335,1.0,0.2816792604830669,1.1557973423740988,0.2437099049773514,0.02328481586755049,1.0
2021-03-30,0.5530089217098797,1.0,0.1060178434197594,0.5168348228145347,0.20512906394816147,-0.010400699094332388,-1.0
2021-03-31,0.5852853153855829,1.0,0.17057063077116585,0.8459199360148107,0.20163921372362528,0.012024574166918489,1.0
2021-04-01,0.6856151898042199,1.0,0.37123037960843974,1.808032598756347,0.20532283536468873,-0.015439860548026041,-1.0
2021-04-05,0.5542771828125703,1.0,0.10855436562514065,0.5780467788103327,0.18779512247876262,0.003122067245233451,1.0
2021-04-06,0.6047999090376904,1.0,0.20959981807538086,1.0939417486086933,0.19160052931699148,0.012960112009227975,1.0
2021-04-08,0.6458801758579605,1.0,0.2917603517159211,1.5442298506539984,0.18893583205398945,-0.0026187118170183377,-1.0
2021-04-09,0.5466391315500526,1.0,0.09327826310010523,0.42150735233633074,0.22129688268326167,-0.03532558930400764,-1.0
2021-04-12,0.4652176216093177,-1.0,0.06956475678136465,0.3062292939822453,0.22716558522777347,0.013556195506029933,1.0
2021-04-13,0.6539134940938315,1.0,0.30782698818766296,1.3566695921782712,0.22689901060833492,0.005284484560774683,1.0
2021-04-15,0.6934687765024863,1.0,0.38693755300497257,1.7091537933402032,0.22639130224131535,0.002496282165007191,1.0
2021-04-16,0.5328820571569826,1.0,0.06576411431396512,0.2809788807045683,0.23405358491377853,-0.017676978554819645,-1.0
2021-04-19,0.41487643084621456,-1.0,0.17024713830757088,0.7377838579073924,0.23075476168650536,-0.004390823034999047,-1.0
2021-04-20,0.4823672817538783,-1.0,0.03526543649224345,0.15341624477431645,0.2298676815100044,0.007676757575422188,1.0
2021-04-22,0.49723054550897033,-1.0,0.005538908982059332,0.024636445544631656,0.224825816371318,-0.004498133053794207,-1.0
2021-04-23,0.5934972289289918,1.0,0.18699445785798363,0.8187663049198981,0.22838562937232468,0.010016518287169873,1.0
2021-04-26,0.5733222732651657,1.0,0.14664454653033143,0.6329891457115538,0.23166992281595258,0.011601643402658013,1.0
2021-04-27,0.4910077428833133,-1.0,0.01798451423337344,0.07896704577814675,0.2277470817877608,0.014433855260107098,1.0
2021-04-28,0.5442485422564619,1.0,0.08849708451292382,0.4038425895754222,0.21913757190880925,0.0020418099664161193,1.0
2021-04-29,0.5175206876458871,1.0,0.0350413752917742,0.15506355317004825,0.22598073225722212,-0.017710812045177438,-1.0
2021-04-30,0.4911407040597334,-1.0,0.017718591880533152,0.08462105656489809,0.2093875047157359,0.00020851346320172048,1.0
2021-05-03,0.5569749163377113,1.0,0.11394983267542269,0.5457340961347283,0.20880101405152315,-0.00940610742344028,-1.0
2021-05-04,0.450355965637202,-1.0,0.09928806872559603,0.48136735498310446,0.2062625720206576,0.0083709591539336,1.0
2021-05-05,0.5301035827719839,1.0,0.06020716554396777,0.30024597103521194,0.20052613973929678,0.0073164109749706,1.0
2021-05-06,0.603163327726571,1.0,0.206326655453142,1.0236092617147732,0.20156778877469217,0.006679247748155426,1.0
2021-05-07,0.623595491992597,1.0,0.247190983985194,1.246670794797408,0.19828088138165145,0.008041422748121585,1.0
2021-05-10,0.426085116208859,-1.0,0.14782976758228195,0.7415349194527031,0.19935644796254384,-0.006130201191218876,-1.0
2021-05-11,0.5623131659975318,1.0,0.12462633199506357,0.8023754298262937,0.1553217201853301,-0.0103866808073666,-1.0
2021-05-12,0.33641133121707933,-1.0,0.32717733756584133,2.200611517390796,0.14867564537413966,-0.0012724250884564858,-1.0
2021-05-14,0.7359741124079864,1.0,0.47194822481597276,2.975305446744159,0.1586217728779477,0.01671576048197254,1.0
2021-05-17,0.5664554122990374,1.0,0.1329108245980748,0.8128876327741615,0.1635045475405829,0.012393443335275034,1.0
2021-05-18,0.5554516236841531,1.0,0.11090324736830626,0.7431030747408985,0.149243424146745,-0.005159432408138875,-1.0
2021-05-19,0.510889338068627,1.0,0.02177867613725404,0.14313576784958645,0.15215397565855138,-0.00825677606093067,-1.0
2021-05-20,0.6589554180476449,1.0,0.3179108360952898,1.970188970091336,0.16136058059473948,0.01806313567497475,1.0
2021-05-21,0.6003625373264783,1.0,0.20072507465295653,1.2606115813139593,0.1592283282402792,0.001476108604989923,1.0
2021-05-24,0.6716697468094919,1.0,0.34333949361898375,2.1845707846281797,0.15716565287556986,0.0007073438653115716,1.0
2021-05-25,0.5574488734765599,1.0,0.11489774695311983,0.745496908547656,0.15412236541256558,0.006115021504864648,1.0
2021-05-26,0.6096187934804328,1.0,0.2192375869608656,1.4674078039749845,0.14940467562390244,0.008770423299721664,1.0
2021-05-28,0.582013388904586,1.0,0.16402677780917196,1.0803562676137288,0.15182656196503705,0.009533088035724946,1.0
2021-06-02,0.5644753315087689,1.0,0.12895066301753788,0.9704150534369747,0.13288196896866544,0.0073284506253876724,1.0
2021-06-03,0.4460951221870865,-1.0,0.10780975562582695,0.8076642306102084,0.13348338522355294,-0.001281017305247989,-1.0
2021-06-04,0.6251387085193596,1.0,0.2502774170387192,2.009452869690795,0.12455003091325587,0.0051945814919991395,1.0
2021-06-08,0.5842048027335258,1.0,0.16840960546705164,1.3032155945577184,0.12922620491217035,-0.006654976944212576,-1.0
2021-06-09,0.5335237624823682,1.0,0.06704752496473643,0.5199459846246529,0.12895094288137984,0.0065492869160790335,1.0
2021-06-10,0.5550481413973049,1.0,0.1100962827946097,0.8574695872952977,0.12839672033370259,0.003914130633349666,1.0
2021-06-11,0.5629592126862281,1.0,0.12591842537245612,0.9883053444940293,0.12740842298785812,0.0007911718082738162,1.0
2021-06-14,0.5016142288574804,1.0,0.0032284577149608307,0.026281563024179992,0.1228411610066925,0.003630213545097627,1.0
2021-06-15,0.47933213754409654,-1.0,0.041335724911806926,0.3514450728903181,0.11761645873097022,-0.006408632752808119,-1.0
2021-06-16,0.39226508606920457,-1.0,0.21546982786159086,1.7922554770009143,0.12022271971077979,-0.0048295020472909345,-1.0
2021-06-17,0.5274281174824627,1.0,0.05485623496492531,0.49824888521409394,0.11009805860650142,-0.000513069646403852,-1.0
2021-06-18,0.4994683549845635,-1.0,0.0010632900308730209,0.010220639354562988,0.10403361218281484,0.004026588209654625,1.0
2021-06-21,0.5926621941737145,1.0,0.18532438834742893,1.8452714381398319,0.1004320472950307,0.0016670371193598932,1.0
2021-06-22,0.5621080510390157,1.0,0.12421610207803147,1.28232101343237,0.0968681794783539,-0.005439749231269109,-1.0
2021-06-23,0.4978507390822151,-1.0,0.00429852183556978,0.0539569114094935,0.07966582451221388,0.006597840798329813,1.0
2021-06-24,0.5864538126793886,1.0,0.17290762535877713,2.159534320007886,0.08006708842587218,0.0044266891189239654,1.0
2021-06-25,0.4931998009266704,-1.0,0.013600398146659254,0.16596604689377964,0.08194687046660622,-0.0028782098242977616,-1.0
2021-06-28,0.5638578156809539,1.0,0.1277156313619079,1.5335522408367397,0.08328091339896151,-0.0041891404314852165,-1.0
2021-06-29,0.5217688662383089,1.0,0.04353773247661774,0.5484447194127946,0.07938399429432459,-0.0017112919035373597,-1.0
2021-06-30,0.5462605750273907,1.0,0.09252115005478134,1.2579428923451745,0.07354956303484873,-0.002639697229908089,-1.0
2021-07-01,0.5048446127117429,1.0,0.009689225423485714,0.13947964100357782,0.06946695126091681,0.002691338986766656,1.0
2021-07-02,0.6009821003640662,1.0,0.20196420072813237,2.748651290378242,0.07347756386381776,0.007133188273225066,1.0
2021-07-07,0.5993210709798489,1.0,0.19864214195969776,2.4966799136736273,0.07956251855585873,-0.0095562557277451,-1.0
2021-07-08,0.5264851831522699,1.0,0.05297036630453977,0.6938748158639682,0.07633994647663425,-0.0024224839292732447,-1.0
2021-07-09,0.5597454753161957,1.0,0.11949095063239135,1.6507852609196643,0.07238430912923349,0.00017844744498685117,1.0
2021-07-13,0.4338239253003899,-1.0,0.13235214939922024,1.7505171553840153,0.07560745634062971,0.007073622118194622,1.0
2021-07-15,0.6162913079473807,1.0,0.23258261589476148,3.079254108548211,0.07553212813749177,-5.0225736783704455e-05,-1.0
2021-07-16,0.46582611339076957,-1.0,0.06834777321846086,0.8251026992910151,0.0828354740290996,-0.010738912280361723,-1.0
2021-07-19,0.5143681887326246,1.0,0.028736377465249152,0.34198105095833375,0.084029151278181,-0.0076369809214345,-1.0
2021-07-20,0.6305483685752336,1.0,0.2610967371504671,2.7546364698023105,0.09478446249178027,0.012279233123449584,1.0
2021-07-22,0.44282039619577085,-1.0,0.1143592076084583,1.2030280549724173,0.09505946859325762,0.002022238326785386,1.0
2021-07-23,0.5666876287487072,1.0,0.1333752574974143,1.4172376666320001,0.09410930900134375,-0.0019929055322251976,-1.0
2021-07-26,0.534699243390411,1.0,0.06939848678082194,0.7287876337682261,0.09522456689062388,-0.004929081202650898,-1.0
2021-07-27,0.46738787154369577,-1.0,0.06522425691260847,0.6956647261075871,0.09375817755997778,-0.002352898858342667,-1.0
2021-07-28,0.5391620695613908,1.0,0.07832413912278158,0.8525156367408041,0.09187413784246515,0.004395444954646832,1.0
2021-07-29,0.5992172094584901,1.0,0.19843441891698022,2.2053517690584474,0.0899785792457499,-0.000976039499086867,-1.0
2021-07-30,0.5422665278417441,1.0,0.08453305568348823,0.8941964400053177,0.09453521832740189,0.007746000136419795,1.0
2021-08-02,0.5630565651163193,1.0,0.1261131302326386,1.1626183838775277,0.10847336665366507,0.015460955882416139,1.0
2021-08-03,0.6054331660873107,1.0,0.21086633217462136,1.8995557776424243,0.11100823395474686,0.007938242467802281,1.0
2021-08-04,0.5489534098145487,1.0,0.09790681962909731,0.8890532746595236,0.11012480626269805,0.0022018725316477195,1.0
2021-08-05,0.6195501628268001,1.0,0.23910032565360018,2.147402955594073,0.11134394922514845,-0.003461233501561467,-1.0
2021-08-06,0.4878756346259299,-1.0,0.024248730748140157,0.22234086167001169,0.10906106311726467,0.0012347307242392969,1.0
2021-08-09,0.47128483976637037,-1.0,0.057430320467259266,0.5633954160844665,0.10193608046439817,0.0013439090538649445,1.0
2021-08-10,0.4847061079435048,-1.0,0.030587784112990346,0.3026196717624396,0.10107665484814271,0.00013208706805212245,1.0
2021-08-11,0.5333088900384885,1.0,0.06661778007697694,0.6549695142018385,0.10171126843691185,0.005045395484346349,1.0
2021-08-12,0.489965959177071,-1.0,0.02006808164585805,0.19238246435462608,0.10431346595532623,0.010064482340847336,1.0
2021-08-13,0.6085594455544637,1.0,0.21711889110892746,2.086428501138329,0.10406246415368184,0.002054024277023725,1.0
2021-08-16,0.5637313396737447,1.0,0.12746267934748934,1.37695390115614,0.09256858870908248,0.0031122785775283823,1.0
2021-08-17,0.4943017004093139,-1.0,0.011396599181372147,0.13131282837992828,0.08678968629324084,-0.00275360231817956,-1.0
2021-08-18,0.44271406077763137,-1.0,0.11457187844473726,1.3258102637674907,0.0864164968214712,-0.007142898400624986,-1.0
2021-08-20,0.641061938379337,1.0,0.282123876758674,3.2627731096340966,0.08646751314874995,0.0027931806783987323,1.0
2021-08-23,0.6368144547260848,1.0,0.27362890945216956,3.129606806470657,0.08743236015668958,0.007768362083601765,1.0
2021-08-24,0.551473240161715,1.0,0.1029464803234299,1.2355633068650866,0.08331947035933693,0.0006045728309951315,1.0
2021-08-25,0.49285444689826025,-1.0,0.014291106203479509,0.17482014074875274,0.08174748139585553,0.00013525983096518424,1.0
2021-08-26,0.46295813953132964,-1.0,0.07408372093734072,0.9069681513708154,0.0816828251635613,0.004105261588480014,1.0
2021-08-27,0.6505849213753451,1.0,0.30116984275069014,3.401213051096583,0.08854777346382056,0.013519836521704187,1.0
2021-08-30,0.613480741511417,1.0,0.22696148302283392,2.460105309161094,0.09225681607110905,0.011880446175423387,1.0
2021-08-31,0.6161323742248073,1.0,0.23226474844961453,2.749062430108456,0.08448871364498305,-0.00326573477436376,-1.0
2021-09-01,0.5761859685482625,1.0,0.15237193709652508,1.7789980051282612,0.08565042605853819,0.009246783727399066,1.0
2021-09-02,0.5852038264270513,1.0,0.17040765285410253,1.9821916088517137,0.08596931401239254,0.005190230833697296,1.0
2021-09-03,0.5465509807952035,1.0,0.09310196159040696,1.1294931334901048,0.08242808993687663,0.0031287476677577253,1.0
2021-09-08,0.5231186632416706,1.0,0.04623732648334111,0.5601084204597543,0.08255067196702397,0.0009075978909154347,1.0
2021-09-09,0.5364136825596383,1.0,0.07282736511927657,0.8711117980635183,0.08360277668282282,-0.000803098507419775,-1.0
2021-09-13,0.5069746321016844,1.0,0.013949264203368728,0.1679001071878294,0.08308073435452737,0.001423151293159064,1.0
2021-09-15,0.6251294813620328,1.0,0.25025896272406567,2.996041752834205,0.08352986485830009,0.006281634763507293,1.0
2021-09-16,0.588802500455707,1.0,0.17760500091141407,2.1614954990447908,0.08216764781138862,-0.002515647600612625,-1.0
2021-09-17,0.5097196354055836,1.0,0.019439270811167253,0.20434529351649017,0.09512952550384308,-0.010705054879733056,-1.0
2021-09-20,0.4331047449469089,-1.0,0.13379051010618215,1.356639808400174,0.09861903600186658,0.00949017386246398,1.0
2021-09-21,0.5552917589452733,1.0,0.11058351789054655,1.133962467696933,0.09751955734050052,-0.0008740239935656202,-1.0
2021-09-22,0.5826135271920365,1.0,0.16522705438407304,1.6342982889967346,0.10109969244690506,0.015746528367181822,1.0
2021-09-23,0.6149948342309682,1.0,0.22998966846193647,2.2702669055195894,0.10130512315656533,0.0016972499684944076,1.0
2021-09-24,0.5141067031513653,1.0,0.028213406302730615,0.2798348521935623,0.10082163133566846,0.00010644538279747096,1.0
2021-09-27,0.5369662660227201,1.0,0.07393253204544026,0.6994603789212546,0.10569938523103051,-0.0059646824901542495,-1.0
2021-09-28,0.3675085887602948,-1.0,0.2649828224794104,2.481616357258223,0.1067783187777553,-0.0021015082285871234,-1.0
2021-09-29,0.559925956941634,1.0,0.1198519138832681,1.0856006786172305,0.11040147288405153,-0.005259376020738893,-1.0
2021-09-30,0.5069541233921907,1.0,0.013908246784381406,0.13256878620422838,0.10491343537652299,-0.004886983449795879,-1.0
2021-10-01,0.6281247310861755,1.0,0.256249462172351,2.521246526839185,0.10163601989909478,0.009080467581137563,1.0
2021-10-04,0.46306033334576413,-1.0,0.07387933330847174,0.7218929922276662,0.10234111440878502,0.007407660919946268,1.0
2021-10-05,0.5947131982199355,1.0,0.18942639643987103,1.780117292869069,0.10641231181714254,-0.009892144870289554,-1.0
2021-10-06,0.5399849340828665,1.0,0.07996986816573304,0.7368487459036391,0.10852955726709079,0.008180302016037588,1.0
2021-10-07,0.6163543094219356,1.0,0.23270861884387117,2.1217254824926832,0.10967894799023496,0.005893622760496431,1.0
2021-10-08,0.48781195500834357,-1.0,0.024376089983312865,0.22193688381249016,0.10983343356261466,0.0028359561343596074,1.0
2021-10-11,0.504512026126235,1.0,0.00902405225247005,0.08230183179815752,0.10964582507229285,0.0025632525445875576,1.0
2021-10-12,0.5622769660451296,1.0,0.12455393209025911,1.0995785788197734,0.11327424386890875,0.00943759784921161,1.0
2021-10-13,0.6642023895366664,1.0,0.3284047790733329,2.8381050985380076,0.1157126912750708,0.009734787740718787,1.0
2021-10-14,0.7460532905078671,1.0,0.4921065810157341,4.241512407749746,0.11602148802313934,0.007552396132719963,1.0
2021-10-18,0.5635638795194033,1.0,0.1271277590388067,1.1837133638760855,0.10739741808990406,-0.003155307734996393,-1.0
2021-10-19,0.570486317448164,1.0,0.14097263489632805,1.2663963830524783,0.11131793866666964,-0.008260625212080042,-1.0
2021-10-20,0.5686438357546008,1.0,0.13728767150920151,1.2091135942590898,0.11354406414835445,-0.004844908296702255,-1.0
2021-10-21,0.5106817202834159,1.0,0.021363440566831704,0.20914988159038128,0.10214416763893688,-0.003476668084567369,-1.0
2021-10-22,0.4722560740453355,-1.0,0.05548785190932903,0.5434887056612371,0.10209568539574264,0.000579633328010587,1.0
2021-10-25,0.625496601900097,1.0,0.2509932038001941,2.3878736957272197,0.10511159122415595,0.007889480889700096,1.0
2021-10-26,0.5314673954356315,1.0,0.06293479087126297,0.6108364323281963,0.10303051281893535,-0.0031448386638428527,-1.0
2021-10-27,0.5434120647166228,1.0,0.08682412943324569,0.687236051522867,0.12633814719243772,-0.0194223384240636,-1.0
2021-10-28,0.535707453461261,1.0,0.07141490692252206,0.5466073852683055,0.13065119288036625,-0.010393515763905459,-1.0
2021-10-29,0.5110567096507976,1.0,0.022113419301595272,0.15945230116217132,0.1386836009290626,0.014599655057507821,1.0
2021-11-01,0.6024165840468696,1.0,0.2048331680937392,1.5071384293759973,0.13590866247007355,-0.002270048271341696,-1.0
2021-11-02,0.5419135530986828,1.0,0.08382710619736566,0.6251032704801129,0.1341012120013097,-0.0033400508475575075,-1.0
2021-11-03,0.5717256617347285,1.0,0.143451323469457,1.1054633344353295,0.12976579050695689,0.004913376165984751,1.0
2021-11-04,0.5527328456963168,1.0,0.10546569139263351,0.8113484432949305,0.12998816016005596,0.008469704042186388,1.0
2021-11-08,0.5883054710089342,1.0,0.1766109420178683,1.371567249519821,0.1287657911631376,-0.001344921435271762,-1.0
2021-11-09,0.5355848532681561,1.0,0.07116970653631216,0.5533414697387561,0.12861806032703973,-0.0014991358050348014,-1.0
2021-11-10,0.32019149614400927,-1.0,0.35961700771198146,2.735027304964828,0.13148571023739963,-0.007970140510272006,-1.0
2021-11-11,0.5337716261261652,1.0,0.06754325225233049,0.49920826258134526,0.13530074983749776,0.012820606684330382,1.0
2021-11-12,0.5551731242341088,1.0,0.11034624846821761,0.8472840007018547,0.13023525568382194,0.0003700663573213969,1.0
2021-11-15,0.48042227863021136,-1.0,0.03915544273957727,0.3061531990505095,0.12789493254035006,-0.006087981951756416,-1.0
2021-11-16,0.5132353095696278,1.0,0.026470619139255636,0.20574575098484604,0.12865694194192762,-0.005586294529162039,-1.0
2021-11-17,0.4962553118393068,-1.0,0.007489376321386354,0.05845026226695744,0.12813246734771588,-0.007478195643460861,-1.0
2021-11-18,0.5344681156942205,1.0,0.06893623138844096,0.4811625189035819,0.1432701606632307,-0.019603372100156835,-1.0
2021-11-22,0.4299866671071143,-1.0,0.1400266657857714,0.9635499749660291,0.14532371898064567,0.004983697932798847,1.0
2021-11-23,0.49075683681710836,-1.0,0.01848632636578329,0.12702131860053445,0.14553719461786085,-0.0050446817378146935,-1.0
2021-11-24,0.5191192258813034,1.0,0.03823845176260687,0.26419100762092307,0.14473790045675466,0.006959452503032093,1.0
2021-11-29,0.5684261920512821,1.0,0.13685238410256417,0.9445478275298769,0.14488666440581635,-0.004148599194972014,-1.0
2021-11-30,0.5307779567029935,1.0,0.061555913405987095,0.45157328774232114,0.13631433717822658,0.01081664117042136,1.0
2021-12-01,0.42964631372803563,-1.0,0.14070737254392873,1.0052922883572237,0.13996662878401522,0.013674571102433752,1.0
2021-12-03,0.4928717561154468,-1.0,0.014256487769106374,0.10007087815317467,0.14246390190845046,-0.01654091957599968,-1.0
2021-12-06,0.4862541672711673,-1.0,0.02749166545766535,0.17864121974737343,0.15389318040115743,0.015636548581649423,1.0
2021-12-07,0.658010184882831,1.0,0.31602036976566206,1.9189890453344705,0.16468065335442353,0.017060948527881648,1.0
2021-12-08,0.5840039121030636,1.0,0.16800782420612714,1.023360366867712,0.1641726899394817,0.002696066593683266,1.0
2021-12-09,0.41990365064122276,-1.0,0.16019269871755448,0.9903682079666223,0.1617506473137447,-0.00031677089480919296,-1.0
2021-12-10,0.5303034616605622,1.0,0.060606923321124384,0.36830661217808475,0.16455562109707533,-0.008169055116863166,-1.0
2021-12-13,0.48149307101606936,-1.0,0.037013857967861274,0.22470179869092388,0.16472435104435296,-0.002495911181322197,-1.0
2021-12-14,0.46560107021754893,-1.0,0.06879785956490214,0.4205784633535414,0.16357913102904215,-0.005974060321640162,-1.0
2021-12-15,0.6113439465215155,1.0,0.22268789304303094,1.4203823457024252,0.15678024562668338,0.0015678167505297491,1.0
2021-12-16,0.43018929102805226,-1.0,0.1396214179438955,0.8443260262822112,0.16536434220639293,-0.01525945397337003,-1.0
2021-12-17,0.5406508303815745,1.0,0.08130166076314893,0.4507729456283666,0.18036055968225062,-0.021842546279377872,-1.0
2021-12-20,0.4205881730110231,-1.0,0.15882365397795384,0.8623119340129494,0.18418352769262356,0.00942870544420904,1.0
2021-12-21,0.6013118455539737,1.0,0.2026236911079473,1.080728058039793,0.1874881378350284,0.011007170994593363,1.0
2021-12-22,0.6188924141183706,1.0,0.23778482823674119,1.3633964008254467,0.17440623144727252,0.006909306212627531,1.0
2021-12-23,0.5449627004378581,1.0,0.08992540087571621,0.5149077828543783,0.17464370100839613,-0.004032754879180422,-1.0
2021-12-28,0.5349585261631596,1.0,0.06991705232631928,0.4029400836145324,0.17351724280973885,-0.0011402602889762914,-1.0
2021-12-29,0.4848235594726529,-1.0,0.030352881054694247,0.176450947204205,0.17201880486120114,-0.0005606259494814747,-1.0
2021-12-30,0.5984208202741215,1.0,0.19684164054824294,1.0307122159765085,0.19097633412809892,0.02451472011672462,1.0
2022-01-04,0.4842517670857871,-1.0,0.0314964658284258,0.1666699938322873,0.1889750224633674,0.0067395852346920915,1.0
2022-01-05,0.3359336949043504,-1.0,0.32813261019129925,1.7484383121202138,0.187671825718229,-0.010005417462796928,-1.0
2022-01-06,0.5052829101607527,1.0,0.010565820321505326,0.05976164794897712,0.1767993468072724,0.003764183651131514,1.0
2022-01-07,0.4435069576805976,-1.0,0.11298608463880477,0.655491521281621,0.17236849138474544,0.010700318921871732,1.0
2022-01-10,0.5279091655431639,1.0,0.05581833108632783,0.3442455896207528,0.1621468299646818,0.002913311252602302,1.0
2022-01-11,0.6394411485788158,1.0,0.2788822971576317,1.6945147757674606,0.16457944253175572,0.008673115731830494,1.0
2022-01-12,0.5886148864795923,1.0,0.17722977295918452,1.0765710051160953,0.16462432307479097,0.0024956237305924223,1.0
2022-01-13,0.4715258490600693,-1.0,0.05694830187986144,0.35339819782375625,0.16114485651186658,-0.00011232356375068253,-1.0
2022-01-14,0.5304408249693794,1.0,0.060881649938758775,0.3791730440937168,0.16056428822432642,0.0028675682661627455,1.0
2022-01-19,0.45587845522957116,-1.0,0.08824308954085769,0.5387118545835974,0.16380387546709188,-0.010112406160797005,-1.0
2022-01-20,0.38377688861309756,-1.0,0.2324462227738049,1.3911253888976243,0.1670922151438867,-0.007875745304668613,-1.0
2022-01-21,0.4492832997738059,-1.0,0.10143340045238824,0.5469354444698642,0.18545771987899967,-0.02656790518738339,-1.0
2022-01-25,0.39842046076769483,-1.0,0.20315907846461034,1.1910376937642475,0.17057317289642673,-0.00971173291462768,-1.0
2022-01-27,0.3838163963784249,-1.0,0.2323672072431502,1.3858046884591098,0.16767673625171642,-0.0004793161771092791,-1.0
2022-01-28,0.7150022602683637,1.0,0.43000452053672733,2.5237235677173624,0.170384952629996,0.0139107178709299,1.0
2022-01-31,0.7411953673276996,1.0,0.4823907346553993,2.7518161628543067,0.17529904110856084,0.013667938611870323,1.0
2022-02-01,0.6447867956266581,1.0,0.28957359125331616,1.625937863603991,0.17809634533724342,0.011557838585399605,1.0
2022-02-02,0.6210764157002198,1.0,0.24215283140043953,1.3100065657103395,0.18484856315902073,-0.012362248664229525,-1.0
2022-02-03,0.3037899052062019,-1.0,0.39242018958759617,2.118654004760254,0.18522146075097443,-0.0024998826581151823,-1.0
2022-02-04,0.5043638037875604,1.0,0.00872760757512081,0.050087171398313875,0.1742483620349664,-0.017281112927623465,-1.0
2022-02-07,0.5107603706593519,1.0,0.02152074131870374,0.12470365497281935,0.17257506464741906,0.0030876976246183574,1.0
2022-02-08,0.586947287742759,1.0,0.1738945754855179,0.9950421768147837,0.17476100967113728,0.01141215233034587,1.0
2022-02-09,0.6805932099838528,1.0,0.3611864199677055,2.0438451556009607,0.1767190723709714,0.008133901085124018,1.0
2022-02-10,0.35025048066793907,-1.0,0.29949903866412186,1.682255121287093,0.17803425584757632,-0.01312629691281364,-1.0
2022-02-11,0.45152688084654136,-1.0,0.09694623830691729,0.47126698811796286,0.20571404480097102,-0.03061622289529342,-1.0
2022-02-14,0.47409204029727353,-1.0,0.05181591940545294,0.22149138008106542,0.2339410201267806,0.03025912638397754,1.0
2022-02-15,0.7219403777987444,1.0,0.44388075559748885,1.9016087385386253,0.23342380932610168,-0.0017432697608654735,-1.0
2022-02-16,0.5332291115890494,1.0,0.0664582231780988,0.28479439423617364,0.23335509589766176,-0.001016014719190439,-1.0
2022-02-17,0.45135467840999194,-1.0,0.09729064318001612,0.4181396401727774,0.2326750057464419,-0.0016353356196504576,-1.0
2022-02-18,0.4994049086778011,-1.0,0.0011901826443978525,0.005154325326307304,0.23090949232933483,-0.004031556958107085,-1.0
2022-02-23,0.3992825577885248,-1.0,0.20143488442295043,0.7132205170865086,0.2824300193239082,-0.04778103847083648,-1.0
2022-02-24,0.6966643697230074,1.0,0.39332873944601476,1.3704892912110749,0.28699876895677,0.025261660109649586,1.0
2022-02-25,0.7006318458769546,1.0,0.4012636917539092,1.3980784470653667,0.28701085593314224,0.008134034290366632,1.0
2022-03-02,0.7525704574644598,1.0,0.5051409149289197,1.7549449451563957,0.28783861073425465,-0.00649757722841704,-1.0
2022-03-03,0.5313204160958768,1.0,0.06264083219175354,0.21832654578317423,0.2869134944953683,-0.015317032007332254,-1.0
2022-03-04,0.6131143476621052,1.0,0.2262286953242103,0.7797556118534554,0.29012769114475695,-0.02352668473994779,-1.0
2022-03-07,0.40068259817660185,-1.0,0.1986348036467963,0.6879388826784469,0.28873902703889065,0.009474776509483585,1.0
2022-03-08,0.5004671513688647,1.0,0.00093430273772932,0.003116091505476316,0.2998316115195422,0.020726290088294297,1.0
2022-03-09,0.7397232746321465,1.0,0.479446549264293,1.565088441908088,0.3063383106195408,0.01526738719047449,1.0
2022-03-10,0.5349194833964083,1.0,0.06983896679281654,0.23216950046220955,0.30081025567001335,0.0021421537513466316,1.0
2022-03-11,0.45994970662966767,-1.0,0.08010058674066467,0.26233837171923213,0.3053330941094366,0.014482565042708062,1.0
2022-03-14,0.36360645165244526,-1.0,0.2727870966951095,0.8937909553100304,0.30520234633666377,-0.012346456503312231,-1.0
2022-03-15,0.6735723603266922,1.0,0.3471447206533844,1.1135185860487944,0.31175476099163424,0.018745100484606647,1.0
2022-03-16,0.7389395069468854,1.0,0.47787901389377074,1.5167395257563876,0.3150699284740112,0.018361988356508263,1.0
2022-03-17,0.7195359615062924,1.0,0.4390719230125848,1.4858846660148006,0.2954952918318973,-0.009802202470463706,-1.0
2022-03-21,0.4138110041464381,-1.0,0.17237799170712376,0.6184601290184095,0.2787212685492174,0.011561223252155806,1.0
2022-03-22,0.6473589536280056,1.0,0.2947179072560111,1.0558026793292992,0.27914108670687526,-0.0040339354552280104,-1.0
2022-03-23,0.48953747046593965,-1.0,0.0209250590681207,0.07495405759479387,0.27917179856016366,-0.0013278937068936791,-1.0
2022-03-24,0.6587910269148003,1.0,0.3175820538296006,1.1358724428819968,0.2795930615446698,-0.004049875890900112,-1.0
2022-03-25,0.3873087800385195,-1.0,0.22538243992296103,0.807188303305543,0.2792191598911804,0.004022619949862971,1.0
2022-03-28,0.602805225618632,1.0,0.20561045123726407,0.973960942571807,0.2111074913274616,0.005998187274997013,1.0
2022-03-29,0.748924478882588,1.0,0.4978489577651759,2.526295272971233,0.1970668128510744,0.009982465582194733,1.0
2022-03-30,0.5617340606341608,1.0,0.12346812126832152,0.6270914711495328,0.19689012998692176,-0.001914477162001882,-1.0
2022-03-31,0.5287230242453224,1.0,0.05744604849064472,0.2925254829340261,0.19637963815822723,0.011777965258592316,1.0
2022-04-01,0.5719175378608446,1.0,0.1438350757216893,0.7444492368999042,0.19321005193135662,0.021671841339984343,1.0
2022-04-04,0.6658534346349775,1.0,0.33170686926995496,1.998279712518043,0.16599621524054275,-0.005317557796472028,-1.0
2022-04-05,0.28652169372659797,-1.0,0.42695661254680406,2.4634207709334404,0.17331858916859808,-0.008339180323571727,-1.0
2022-04-06,0.36903595805858824,-1.0,0.2619280838828235,1.5321486712636727,0.17095474401109695,-0.00943974110495216,-1.0
2022-04-07,0.4613490894686817,-1.0,0.07730182106263661,0.4642968508672956,0.16649223641779742,0.008208759390795572,1.0
2022-04-08,0.41009340824166174,-1.0,0.17981318351667652,1.0579205301289003,0.16996851691191542,-0.006151497975913078,-1.0
2022-04-11,0.34772634583294804,-1.0,0.30454730833410393,1.8032992119174018,0.16888340344267472,-0.008183810641252287,-1.0
2022-04-12,0.5723545108036637,1.0,0.14470902160732746,0.895903385846504,0.1615230212246576,-0.0031174816283502382,-1.0
2022-04-13,0.6667877221670871,1.0,0.3335754443341743,2.0355785146591243,0.16387255118480873,-0.017281188010147552,-1.0
2022-04-18,0.31691376371492064,-1.0,0.3661724725701587,2.3467853804917747,0.15603151255928924,-0.012519178806467801,-1.0
2022-04-19,0.5924664559662504,1.0,0.18493291193250072,1.175528470642505,0.15731895615545788,0.010490244596548015,1.0
2022-04-20,0.549512717321861,1.0,0.09902543464372204,0.6150670463645683,0.16099941498902343,0.014941678252146096,1.0
2022-04-21,0.34565198082712273,-1.0,0.30869603834575454,1.8497011416502005,0.16688968363308307,-0.012686452605167986,-1.0
2022-04-22,0.3548801963979104,-1.0,0.2902396072041792,1.6804138362167933,0.1727191248660576,-0.012695122564301942,-1.0
2022-04-25,0.6451565136703292,1.0,0.29031302734065845,1.6089602850680471,0.18043517297158168,0.014560121616207233,1.0
2022-04-26,0.40395640082314677,-1.0,0.19208719835370647,1.0498624580726836,0.1829641558060246,-0.009441443610115341,-1.0
2022-04-27,0.4719033457638851,-1.0,0.05619330847222981,0.30035866621783364,0.1870873551937932,0.012128508890934642,1.0
2022-04-28,0.6690563744347419,1.0,0.3381127488694837,1.8260528762245383,0.18516043717668781,-0.008263240381694681,-1.0
2022-04-29,0.3157141972275384,-1.0,0.3685716055449232,1.9905253832650667,0.18516297689223823,-0.0019559171203674675,-1.0
2022-05-02,0.49550450666316725,-1.0,0.008990986673665491,0.04634988397222405,0.1939807806003029,-0.022936183451936376,-1.0
2022-05-04,0.7063085484460758,1.0,0.41261709689215165,2.402299457912931,0.17175922657478557,0.00030284821366977077,1.0
2022-05-05,0.1609777364846508,-1.0,0.6780445270306984,3.82469492801405,0.1772806824576644,-0.0162684216398562,-1.0
2022-05-06,0.3344772987477803,-1.0,0.33104540250443937,1.8714684504297878,0.17689072045452536,-0.006666182687180999,-1.0
2022-05-09,0.26819570487065614,-1.0,0.4636085902586877,2.6361179662783165,0.175867922524428,-0.003790968888092272,-1.0
2022-05-10,0.6016105866629832,1.0,0.20322117332596634,1.196941275979843,0.16978374578953753,-0.0044919933245182175,-1.0
2022-05-11,0.3701247905538528,-1.0,0.25975041889229444,1.4365487523279212,0.18081559603972366,-0.022211752141785834,-1.0
2022-05-12,0.6403151844289199,1.0,0.28063036885783976,1.5502509718914395,0.1810225401861523,-0.0016352232651188903,-1.0
2022-05-13,0.6556443283167575,1.0,0.3112886566335149,1.6943768158383476,0.18371867091411706,0.0038112305721171857,1.0
2022-05-16,0.5258703371649871,1.0,0.0517406743299742,0.2486292645009579,0.20810371793451876,0.026321935902047233,1.0
2022-05-17,0.6680590914312708,1.0,0.3361181828625417,1.6408885561143745,0.20483912914748448,-0.0011685620062508173,-1.0
2022-05-18,0.3478781706469411,-1.0,0.3042436587061178,1.4051337513154531,0.2165229170684229,-0.026532725334179386,-1.0
2022-05-19,0.5170681095500416,1.0,0.03413621910008313,0.14384353730321958,0.23731493079264726,0.028891038794289337,1.0
2022-05-20,0.6150561684004328,1.0,0.2301123368008655,0.9805441111228788,0.2346782099760411,-0.0031630222318707046,-1.0
2022-05-23,0.5786802633896213,1.0,0.15736052677924262,0.6782285568725616,0.23201695827268226,-0.005522754266735541,-1.0
2022-05-24,0.48383257286450326,-1.0,0.032334854270993474,0.14472347468315558,0.22342508250153933,-0.006161219184365629,-1.0
2022-05-25,0.6142829126931092,1.0,0.2285658253862184,1.0094459707856898,0.22642700253517978,0.009007387318995308,1.0
2022-05-26,0.7218018375870752,1.0,0.44360367517415034,1.96534309498123,0.22571309625629868,0.011273847198922216,1.0
2022-05-27,0.7270589252073026,1.0,0.4541178504146053,1.916796454144086,0.23691500964163884,0.018893205092962884,1.0
2022-06-01,0.38228365597989095,-1.0,0.2354326880402181,0.9875471820706769,0.23840145799066098,0.006370004993115463,1.0
2022-06-02,0.698753083292071,1.0,0.39750616658414195,1.7759566523276498,0.22382650278268462,-0.002628050201467391,-1.0
2022-06-03,0.36724814707828923,-1.0,0.26550370584342153,1.1860178750029713,0.22386147075798193,-0.0008893953501298846,-1.0
2022-06-07,0.6185908365958619,1.0,0.23718167319172379,1.0985040414723253,0.21591333689936099,-0.0036609606157923524,-1.0
2022-06-08,0.39777783723277865,-1.0,0.2044443255344427,0.949797881935681,0.21525034896665243,0.00744972774168895,1.0
2022-06-09,0.35103127303343784,-1.0,0.2979374539331243,1.3287206180758626,0.22422881821806254,-0.016767698414100085,-1.0
2022-06-10,0.19650247288569608,-1.0,0.6069950542286078,2.4900732691752294,0.24376594124463605,-0.026379749115209128,-1.0
2022-06-13,0.10368300375295537,-1.0,0.7926339924940893,3.44810785357246,0.22987505790251594,-0.00268160945598539,-1.0
2022-06-14,0.35699407325779364,-1.0,0.2860118534844127,1.2434141611759513,0.23002138982711826,-0.0025393443813560568,-1.0
2022-06-15,0.6387497901311929,1.0,0.27749958026238586,1.1454991071579053,0.24225211397230095,-0.021128447854290244,-1.0
2022-06-16,0.25657480451178594,-1.0,0.4868503909764281,2.2066547604030995,0.22062825581628048,-0.00436829362663993,-1.0
2022-06-17,0.6252956145999794,1.0,0.2505912291999588,1.130965736266762,0.2215727861280243,0.0037042135956451006,1.0
2022-06-22,0.6117800778661742,1.0,0.22356015573234833,1.0934196404143055,0.20445961227442339,0.009300447519609234,1.0
2022-06-23,0.7247568824889136,1.0,0.44951376497782713,2.530181371382681,0.17766068870081797,0.009166472588529428,1.0
2022-06-24,0.7152598900283281,1.0,0.43051978005665625,2.384078990345553,0.18058117277156824,0.008458990377725017,1.0
2022-06-28,0.394713329128882,-1.0,0.21057334174223596,1.1704457523731264,0.1799086726704676,-0.0032239710103227903,-1.0
2022-06-29,0.6749424880578249,1.0,0.3498849761156497,1.9586420965271245,0.17863650369612297,-0.001193081241402827,-1.0
2022-06-30,0.6261962323338117,1.0,0.25239246466762344,1.4387535713183202,0.17542438795572055,-0.0017870563085186086,-1.0
2022-07-01,0.7144893199394458,1.0,0.4289786398788915,2.504631179406232,0.17127417537802458,0.005288188249805481,1.0
2022-07-06,0.505779989259623,1.0,0.01155997851924595,0.07260279876212726,0.15922221617269294,0.00894949203151052,1.0
2022-07-07,0.6235905586210662,1.0,0.24718111724213232,1.55803740857664,0.15864902593574245,0.005436047866567373,1.0
2022-07-08,0.4733221418230372,-1.0,0.05335571635392555,0.33632941789935633,0.1586412413376572,-0.00028356592763323363,-1.0
2022-07-12,0.47045343204738427,-1.0,0.059093135905231464,0.3707855403656437,0.15937281655308833,-0.005707292501522909,-1.0
2022-07-13,0.5145935302549689,1.0,0.0291870605099378,0.18334833341315943,0.15918912360205267,-0.0017536552323109689,-1.0
2022-07-14,0.42849616712905225,-1.0,0.1430076657418955,0.9004618711098165,0.15881590362692313,0.0069359576863876615,1.0
2022-07-15,0.6575777701342399,1.0,0.3151555402684798,2.0004093384599746,0.1575455254128657,0.014287304158276504,1.0
2022-07-18,0.5106513226339408,1.0,0.021302645267881504,0.17301600430357916,0.12312528747631481,0.003811764271124396,1.0
2022-07-19,0.6812489902634744,1.0,0.3624979805269488,2.8661126135423314,0.12647722870837394,0.01103388850696918,1.0
2022-07-20,0.6300164119276606,1.0,0.2600328238553211,2.070803621765847,0.12557097212027377,0.005108719746296009,1.0
2022-07-21,0.722325559472162,1.0,0.4446511189443241,4.964661301650359,0.08956323340657953,0.006877295960614926,1.0
2022-07-22,0.5739488071085442,1.0,0.14789761421708847,1.6295857920688845,0.09075779559253586,-0.005290199311757782,-1.0
2022-07-25,0.5208076661872402,1.0,0.04161533237448034,0.4099280641105605,0.10151862245580823,-0.00884795806776506,-1.0
2022-07-26,0.49252467870637473,-1.0,0.01495064258725054,0.14694500499134092,0.1017431153112795,0.0095821774414373,1.0
2022-07-27,0.7941766780901016,1.0,0.5883533561802032,5.275175001287099,0.11153248110947028,0.017293731123692924,1.0
2022-07-28,0.7501492615810995,1.0,0.500298523162199,4.323369529216818,0.11571958394517078,0.013505953826479233,1.0
2022-07-29,0.7559397860964872,1.0,0.5118795721929743,4.46401397219634,0.11466800403877866,0.010595531668439406,1.0
2022-08-01,0.6303413212537803,1.0,0.26068264250756057,2.2914192346562468,0.11376470903486484,0.000311327663805816,1.0
2022-08-02,0.4803965285760823,-1.0,0.039206942847835435,0.35164739394552447,0.11149504737666045,0.002461808358865669,1.0
2022-08-03,0.6682052421222598,1.0,0.3364104842445197,2.9750962890469,0.113075494558965,-0.0003537116074355806,-1.0
2022-08-04,0.6647230557458251,1.0,0.32944611149165026,2.923894366493139,0.11267373926602602,0.0008917270739845495,1.0
2022-08-05,0.4349055691571521,-1.0,0.13018886168569577,1.150796832829885,0.11312931872218732,0.007334364671648164,1.0
2022-08-08,0.6177262937560347,1.0,0.23545258751206943,2.08900815831378,0.11271022881122861,0.0005506610997998429,1.0
2022-08-10,0.7127306267170245,1.0,0.42546125343404895,3.99795913047147,0.10641961049358584,0.007085929368824795,1.0
2022-08-11,0.48646578424631526,-1.0,0.027068431507369484,0.26040641760812266,0.103946867961234,0.0022170219505635025,1.0
2022-08-12,0.6773852351559966,1.0,0.35477047031199316,3.276352398537623,0.10828214647189431,0.013905385813952842,1.0
2022-08-17,0.4482382236823055,-1.0,0.10352355263538904,0.9902787795517695,0.10453980714627346,0.0006826699360520383,1.0
2022-08-18,0.5707579182331299,1.0,0.14151583646625987,1.189787725951453,0.1189420880544822,-0.011029475746944017,-1.0
2022-08-19,0.3135244302006474,-1.0,0.3729511395987052,2.779691638115303,0.13416996852628407,-0.0150773300473388,-1.0
2022-08-22,0.32454957771920806,-1.0,0.3509008445615839,2.615950624034448,0.13413894029100876,0.00496268217550444,1.0
2022-08-23,0.5326198883499663,1.0,0.06523977669993264,0.4891842988358633,0.13336441266652885,0.001561611079505143,1.0
2022-08-24,0.5056464771069971,1.0,0.011292954213994122,0.08496957125143371,0.13290586321280953,-0.004686182219266755,-1.0
2022-08-25,0.6516963728870594,1.0,0.3033927457741188,2.410887541715793,0.12584276144137302,0.002080255529346653,1.0
2022-08-26,0.2872383740222942,-1.0,0.42552325195541163,3.0992043011310617,0.13730080711365686,-0.014009988924553851,-1.0
2022-08-29,0.35990533883487824,-1.0,0.2801893223302435,1.8394882191473787,0.15231917193800462,0.02578426378902554,1.0
2022-08-30,0.5067020241774576,1.0,0.013404048354915155,0.08656364890525187,0.1548461568387273,-0.012190795272107646,-1.0
2022-09-01,0.36346572834187835,-1.0,0.2730685433162433,1.8107521650012075,0.1508039303192335,-0.0001910505934481499,-1.0
2022-09-02,0.5064019163405898,1.0,0.012803832681179683,0.08390776201032588,0.15259413878306055,0.007203850071011875,1.0
2022-09-07,0.72509349439829,1.0,0.4501869887965799,2.889326561477988,0.15581035207259303,0.009892512965589573,1.0
2022-09-08,0.604636448208247,1.0,0.20927289641649405,1.3441267445563572,0.1556943177152291,0.0019439347917691308,1.0
2022-09-09,0.6287040321129316,1.0,0.25740806422586315,1.6455439259284026,0.1564273430626506,0.005775695663245095,1.0
2022-09-13,0.22783625329718765,-1.0,0.5443274934056247,3.488452455918912,0.15603695342960908,-0.0036690976717561608,-1.0
2022-09-14,0.6171824787533405,1.0,0.23436495750668107,1.4767251421874967,0.15870587613854295,-0.007017960667916379,-1.0
2022-09-15,0.40401589115811987,-1.0,0.19196821768376027,1.1162574519871546,0.17197485879446503,-0.019384853148544656,-1.0
2022-09-16,0.5256430384328702,1.0,0.05128607686574038,0.2965482642862813,0.17294343971013743,0.0052136885924867205,1.0
2022-09-19,0.5233866805202037,1.0,0.0467733610404073,0.2750659157114896,0.1700441907512337,0.011008809885230342,1.0
2022-09-20,0.389382490799342,-1.0,0.22123501840131599,1.294842153838505,0.17085867782839328,-0.005495005437451739,-1.0
2022-09-21,0.4227234428741475,-1.0,0.15455311425170504,0.9232200859145727,0.16740657683871724,-0.004997577656902563,-1.0
2022-09-22,0.2521836496876101,-1.0,0.4956327006247798,2.9165217554445793,0.16993965489869223,-0.017155677232420508,-1.0
2022-09-23,0.385096369198049,-1.0,0.22980726160390197,1.2832120141949273,0.17908752338800416,-0.017951321762256445,-1.0
2022-09-26,0.3013318982991079,-1.0,0.3973362034017842,2.223247609015649,0.17871882636487182,-0.0005230508522044985,-1.0
2022-09-27,0.4632692321992599,-1.0,0.07346153560148017,0.4078257614089535,0.18012970869639472,-0.00874917846539458,-1.0
2022-09-28,0.8004997931342258,1.0,0.6009995862684516,3.3492262361613614,0.17944430859268362,-0.0024023347691036756,-1.0
2022-09-29,0.33067945602853055,-1.0,0.3386410879429389,1.8243730859828846,0.18562052386367855,0.01642575596626905,1.0
2022-09-30,0.4528525346673898,-1.0,0.09429493066522043,0.5870362248953364,0.1606288107382682,-0.012109264448790458,-1.0
2022-10-03,0.7676259216773011,1.0,0.5352518433546023,2.9686548221606355,0.1803011381986934,0.02291367093271912,1.0
2022-10-04,0.8141445527535157,1.0,0.6282891055070314,3.4724983626760233,0.18093287307494965,0.0033286441360573793,1.0
2022-10-06,0.30336526101957184,-1.0,0.3932694779608563,2.2037616242350353,0.17845372822360817,-0.0009895331040011834,-1.0
2022-10-07,0.2913818620300556,-1.0,0.41723627593988877,2.400692969890694,0.17379826623930422,-0.00425364584114718,-1.0
2022-10-10,0.4862738937385248,-1.0,0.02745221252295038,0.15329097396449565,0.17908564224602488,-0.014932383199930399,-1.0
2022-10-11,0.38991045867491814,-1.0,0.22017908265016373,1.217459904495123,0.1808511983328694,0.008246145339619648,1.0
2022-10-12,0.5447643498504893,1.0,0.08952869970097854,0.49377636400545,0.18131426740383705,-0.006380083772817624,-1.0
2022-10-13,0.6151309877713972,1.0,0.23026197554279437,1.2374599537261322,0.18607630481249068,0.010070888003887335,1.0
2022-10-14,0.3339100645777428,-1.0,0.3321798708445144,1.8796365976187648,0.1767255815647235,0.007337586960815656,1.0
2022-10-17,0.7166417613090125,1.0,0.43328352261802494,2.4113329164261907,0.17968631360127144,0.010117285874136073,1.0
2022-10-18,0.6352466399778038,1.0,0.2704932799556077,1.5472029370488602,0.17482727926534797,0.0014468379208691928,1.0
2022-10-19,0.3647088146046704,-1.0,0.27058237079065917,1.5515847147460997,0.17439097473639206,0.0029521745492440132,1.0
2022-10-20,0.4151425469625586,-1.0,0.16971490607488282,0.9778394040489512,0.1735611240170342,0.0007032337856462956,1.0
2022-10-21,0.7159289356361405,1.0,0.4318578712722809,2.634885490404644,0.16390005290361204,0.008787356376761757,1.0
2022-10-24,0.5326535844492721,1.0,0.06530716889854427,0.4377349279277544,0.14919341531120137,-0.004196122026705051,-1.0
2022-10-25,0.7124516821910218,1.0,0.4249033643820437,2.8479686699635938,0.1491952382985573,0.004564907874966551,1.0
2022-10-27,0.6828505842879425,1.0,0.3657011685758851,2.5477973938647525,0.14353620482402377,0.002810605244745412,1.0
2022-10-28,0.6563967580820197,1.0,0.3127935161640394,2.137374559740314,0.146344736227254,0.012672230395564199,1.0
2022-10-31,0.4668329241956388,-1.0,0.06633415160872236,0.4769627303768551,0.13907617384761026,0.007395053222392978,1.0
2022-11-01,0.5940958027042386,1.0,0.18819160540847713,1.4514847788865841,0.12965454970381196,-0.003447197631545107,-1.0
2022-11-02,0.3542478486692756,-1.0,0.2915043026614488,2.6906838382514384,0.10833837053515923,-0.0016673473084335422,-1.0
2022-11-03,0.3537827230199993,-1.0,0.2924345539600014,2.6983757052173094,0.10837429102054959,0.003570168155688336,1.0
2022-11-04,0.6143126816521912,1.0,0.22862536330438243,2.1166302537470205,0.10801384082064043,0.004727586225111935,1.0
2022-11-07,0.5418398721012526,1.0,0.08367974420250524,0.7839890090247724,0.10673586394609919,-0.002516139235956394,-1.0
2022-11-09,0.42390664781314424,-1.0,0.1521867043737115,1.6489038117171955,0.0922956835276048,-0.007093725904609771,-1.0
2022-11-10,0.9357099149831275,1.0,0.871419829966255,8.305105715886036,0.10492579622429128,0.017833173247033374,1.0
2022-11-11,0.7122780483425304,1.0,0.4245560966850608,4.249467051026618,0.09990808061036581,-0.0011198455015547504,-1.0
2022-11-14,0.4530004736467396,-1.0,0.09399905270652076,0.9680612090998788,0.09710031950760925,0.004050924260950772,1.0
2022-11-15,0.6896234193471815,1.0,0.37924683869436304,3.92771072091685,0.09655671347553697,0.0003396111515991951,1.0
2022-11-16,0.5377823554062702,1.0,0.07556471081254035,0.7906188947758687,0.09557665685938618,-0.00357149639481924,-1.0
2022-11-17,0.4159564943101057,-1.0,0.16808701137978865,1.736442293956732,0.09679965292527998,-0.00197613371355454,-1.0
2022-11-18,0.4956875427725903,-1.0,0.008624914454819388,0.08340985341440876,0.10340402364655714,-0.008067729540576885,-1.0
2022-11-21,0.44559778909257913,-1.0,0.10880442181484173,1.0477193413239423,0.10384882432097882,0.00463933015368867,1.0
2022-11-22,0.6357469987665674,1.0,0.27149399753313475,2.698712509051317,0.10060130400054117,0.0012634580983039712,1.0
2022-11-23,0.5639065915675993,1.0,0.12781318313519852,1.2219249801892387,0.10459986104499162,0.011870949889830174,1.0
2022-11-28,0.4268449239707649,-1.0,0.1463101520584702,1.4028052083222489,0.1042982669229299,0.00297912654375021,1.0
2022-11-29,0.5101162788250431,1.0,0.020232557650086136,0.19091034638069865,0.1059793669314283,0.007535634625419174,1.0
2022-11-30,0.812664775305936,1.0,0.6253295506118719,6.319957766573125,0.098945210349237,0.002886735334004964,1.0
2022-12-02,0.570653163064726,1.0,0.14130632612945204,1.4569328324881725,0.0969889091511013,0.00026482378562620035,1.0
2022-12-05,0.38375724903117553,-1.0,0.23248550193764894,2.4025278775336667,0.09676703613375288,-0.0031175136590962937,-1.0
2022-12-06,0.5184878458223234,1.0,0.03697569164464687,0.3754376639064432,0.09848689995541042,-0.004411902750398933,-1.0
2022-12-07,0.596431025951694,1.0,0.1928620519033879,1.9623339136791211,0.09828197462163644,0.002631912360927746,1.0
2022-12-08,0.5145742237287515,1.0,0.029148447457503,0.28875932006105737,0.10094374599351336,-0.006058782405979346,-1.0
2022-12-09,0.4621373559835161,-1.0,0.07572528803296785,0.7557662163677015,0.10019670950219528,2.977743269738653e-05,1.0
2022-12-12,0.548869536567494,1.0,0.09773907313498809,1.0096160469540765,0.09680816131029052,0.0059927938646799905,1.0
2022-12-13,0.6966413777911322,1.0,0.39328275558226444,5.170167777063226,0.07606769693761428,0.002810661073194387,1.0
2022-12-14,0.49248930111726374,-1.0,0.01502139776547251,0.1651776730078612,0.09094084867485454,-0.013150934355333654,-1.0
2022-12-15,0.3964525530689649,-1.0,0.20709489386207025,2.195162533158711,0.09434148530408487,-0.00792295301794177,-1.0
2022-12-16,0.5035785172250932,1.0,0.007157034450186339,0.07221806349898853,0.09910310666647243,0.008289956688926514,1.0
2022-12-19,0.3955031818163772,-1.0,0.20899363636724555,2.122855474274524,0.09844930043514533,-0.0019081205394395617,-1.0
2022-12-20,0.44139723521279967,-1.0,0.11720552957440067,1.1171887032062493,0.10491113026656054,-0.01012771964355863,-1.0
2022-12-21,0.5776989301875001,1.0,0.15539786037500014,1.5269264798309228,0.1017716716735487,-0.003942502735851727,-1.0
2022-12-22,0.4052464459916663,-1.0,0.18950710801666737,1.6070723321316676,0.11792070850059351,-0.01768316025411787,-1.0
2022-12-23,0.44041591380270545,-1.0,0.1191681723945891,0.9445031223314633,0.12617022599187164,0.011669632893506865,1.0
2022-12-28,0.41075735503755917,-1.0,0.17848528992488166,1.5045028499240871,0.11863406568747113,0.00377983170092433,1.0
2022-12-29,0.7422482739252583,1.0,0.48449654785051655,4.092833869877289,0.1183767930128673,-0.00471107793689185,-1.0
2022-12-30,0.4934877600896777,-1.0,0.013024479820644586,0.11204937788436437,0.11623875175894263,0.005089583355357918,1.0
2023-01-04,0.6663045975940887,1.0,0.33260919518817733,2.888356394126392,0.11515517817141739,-0.0028154392892826285,-1.0
2023-01-05,0.48065582164207826,-1.0,0.038688356715843475,0.33193374374246903,0.1165544553549815,-0.007375503705446151,-1.0
2023-01-06,0.789830713056554,1.0,0.5796614261131079,4.4922040070671,0.1290371998246716,0.013536251708490266,1.0
2023-01-10,0.5612731518549846,1.0,0.12254630370996922,0.953536737791458,0.12851765312556898,-0.0010299775022909463,-1.0
2023-01-11,0.6901297505888456,1.0,0.38025950117769125,2.976161306204658,0.12776844466895385,-0.00209547554088918,-1.0
2023-01-12,0.6862222447358911,1.0,0.3724444894717822,2.8928499073197864,0.12874656529168169,0.005510095918388247,1.0
2023-01-13,0.5687142396936952,1.0,0.13742847938739033,1.0650274689991772,0.12903749751781896,-0.003438847072569362,-1.0
2023-01-18,0.6101149290202144,1.0,0.22022985804042872,1.7402825099168786,0.12654833728746007,-0.003165367099256078,-1.0
2023-01-19,0.46685999769725534,-1.0,0.06628000460548933,0.526301725498684,0.1259353739391361,-0.004428975305189153,-1.0
2023-01-20,0.5913699268659365,1.0,0.18273985373187296,1.514942983343826,0.12062490518852681,0.005042276095628795,1.0
2023-01-24,0.5336320325339482,1.0,0.0672640650678964,0.5373986997991812,0.1251660361162617,-0.01249297962501228,-1.0
2023-01-25,0.49758989392490055,-1.0,0.004820212150198899,0.03689583281514701,0.1306438094065744,-0.016074246906178757,-1.0
2023-01-27,0.533551865828443,1.0,0.0671037316568861,0.5092033740333816,0.13178178912162317,0.0025334426073457816,1.0
2023-01-30,0.4313639485654385,-1.0,0.13727210286912295,1.0672391937973613,0.12862355849272442,0.0007479862801675896,1.0
2023-01-31,0.6605631418717083,1.0,0.32112628374341656,2.501327746938174,0.128382329799244,-0.0025959245256645946,-1.0
2023-02-01,0.756404494763921,1.0,0.512808989527842,4.527888899749037,0.11325564758363771,-0.0003349392530399564,-1.0
2023-02-02,0.7043927837193376,1.0,0.4087855674386751,3.506239212205916,0.11658804282822782,0.013835596307890219,1.0
2023-02-03,0.37890210535298247,-1.0,0.24219578929403507,2.0796622370849547,0.11645919465918605,-0.005010133160870178,-1.0
2023-02-06,0.3370947268666788,-1.0,0.3258105462666424,2.814427938120567,0.11576439455195782,-0.0024261514654264627,-1.0
2023-02-07,0.5639130627335354,1.0,0.12782612546707073,1.07728222282783,0.11865611699368007,0.008475536424681795,1.0
2023-02-08,0.4116051141066875,-1.0,0.17678977178662503,1.49117999317455,0.11855696334166879,0.0012170079483646568,1.0
2023-02-09,0.387722998330583,-1.0,0.22455400333883402,1.9369965811122654,0.11592896215123429,-0.0020649578680046465,-1.0
2023-02-10,0.40153806237991235,-1.0,0.1969238752401753,1.878643759708645,0.1048223614628863,-0.00479375070002519,-1.0
2023-02-13,0.5561494856282472,1.0,0.11229897125649435,1.0139021418940428,0.11075918140059524,0.0089443537049958,1.0
2023-02-14,0.4828644549044719,-1.0,0.03427109019105623,0.305331630094193,0.11224218788103874,0.004796470794436125,1.0
2023-02-15,0.5031762565935609,1.0,0.006352513187121822,0.057593900103550054,0.11029836798168591,0.0011101336008929596,1.0
2023-02-16,0.3855138852398576,-1.0,0.22897222952028484,2.062266989975467,0.11102938205057955,-0.005081567689351307,-1.0
2023-02-17,0.4584068033869821,-1.0,0.08318639322603583,0.7421958591760786,0.11208145693292083,-0.005550518480140765,-1.0
2023-02-22,0.4633589513215434,-1.0,0.07328209735691316,0.6576588853558459,0.11142873454414243,-0.002452434977984641,-1.0
2023-02-23,0.5473065782567963,1.0,0.09461315651359259,0.8634628530908293,0.10957409015908187,-0.002595429723749043,-1.0
2023-02-24,0.3391363824965772,-1.0,0.32172723500684564,3.1637339291528384,0.10169225421968257,-0.004185411445805309,-1.0
2023-02-28,0.49859379119961095,-1.0,0.0028124176007781054,0.03175180562242108,0.08857504465170186,0.008492348770636093,1.0
2023-03-01,0.43395575138856307,-1.0,0.13208849722287386,1.4250278759024395,0.09269186901991307,-0.007392168719804415,-1.0
2023-03-02,0.45704057801897874,-1.0,0.08591884396204252,0.7958729933413675,0.10795547113783019,0.015728598629827895,1.0
2023-03-03,0.737766874113487,1.0,0.4755337482269739,4.36408110939869,0.10896537811885351,0.006655523618366965,1.0
2023-03-06,0.5564370653514842,1.0,0.11287413070296837,1.0371268017083752,0.10883349125395267,0.0024250512391459367,1.0
2023-03-08,0.5764690090524766,1.0,0.1529380181049531,1.4570177175020422,0.10496647794177474,-0.009282249899975281,-1.0
2023-03-09,0.45281964203008024,-1.0,0.09436071593983952,0.8594778351423541,0.10978842278604042,-0.010045664635585094,-1.0
2023-03-10,0.5868163211837308,1.0,0.17363264236746168,1.4257674768233708,0.12178187901600726,-0.014851035931626178,-1.0
2023-03-13,0.660085842803182,1.0,0.3201716856063641,2.69842887377253,0.1186511487177904,-0.006470680525861194,-1.0
2023-03-14,0.5703589027008521,1.0,0.1407178054017042,1.1855323839583476,0.11869587647354235,-0.004174683738684903,-1.0
2023-03-15,0.6096765614484208,1.0,0.2193531228968415,1.8439058147655691,0.11896113193001111,0.0007924286811309411,1.0
2023-03-16,0.6118090186280173,1.0,0.22361803725603457,1.8388652620814887,0.12160653739410572,0.006738129621978839,1.0
2023-03-17,0.6648573965337485,1.0,0.32971479306749707,2.8070067703019492,0.11746134585632997,-0.0065292432199922645,-1.0
2023-03-20,0.4845910201730804,-1.0,0.030817959653839155,0.2583072041106561,0.11930739508386713,0.007010642946744028,1.0
2023-03-21,0.5385176268464099,1.0,0.07703525369281983,0.6478186075841298,0.11891485176707516,-0.0017886663378635648,-1.0
2023-03-23,0.7181659540794253,1.0,0.4363319081588506,3.627253409469229,0.12029264539934596,-0.007720933328590696,-1.0
2023-03-24,0.5648249897131632,1.0,0.1296499794263264,1.0779039632437863,0.12027971307960006,0.0023988383407489433,1.0
2023-03-27,0.41113195275865055,-1.0,0.1777360944826989,1.4782249041779714,0.12023616567435418,-0.002001683861354908,-1.0
2023-03-28,0.44414931459763524,-1.0,0.11170137080472953,0.8992662773157438,0.12421389928926442,0.007609856589321451,1.0
2023-03-29,0.6587528685000941,1.0,0.31750573700018814,2.308962579810341,0.1375101267454357,0.016337198944623932,1.0
2023-03-31,0.6868171172517785,1.0,0.37363423450355704,2.783078776699756,0.13425212309175877,0.002206297973761151,1.0
2023-04-03,0.562805684293716,1.0,0.12561136858743205,0.9291295150089068,0.13519252866079484,0.009138954817361267,1.0
2023-04-05,0.6172403891648193,1.0,0.23448077832963854,1.9015819493824238,0.1233082688893796,0.002397874785437182,1.0
2023-04-06,0.5703292430669425,1.0,0.1406584861338851,1.1628385159338004,0.1209613236975827,0.0014148632219350699,1.0
2023-04-10,0.4738367454870904,-1.0,0.052326509025819146,0.42756329810836524,0.12238306996256043,0.005574768321964241,1.0
2023-04-11,0.5398517689038659,1.0,0.07970353780773176,0.6720708959117868,0.11859394342556578,0.005083967961446945,1.0
2023-04-12,0.49630184852557646,-1.0,0.007396302948847078,0.06624184344076732,0.11165605551815244,0.0008757724412713497,1.0
2023-04-13,0.6061059958089072,1.0,0.21221199161781445,2.1377384361659844,0.0992693905052364,-0.006795512150830185,-1.0
2023-04-17,0.45505760513193855,-1.0,0.0898847897361229,0.9361778703593877,0.0960125127734724,-0.0026373533282438855,-1.0
2023-04-18,0.5134692022545011,1.0,0.0269384045090022,0.28441922359319866,0.09471372633915869,-0.002344283016240789,-1.0
2023-04-19,0.48103247154591644,-1.0,0.03793505690816712,0.40015770140002704,0.09480026693337197,0.0003234746363958152,1.0
2023-04-20,0.4959684473720506,-1.0,0.008063105255898817,0.08650022258804008,0.09321484979639416,-2.260708945023282e-05,-1.0
2023-04-21,0.49341752309410725,-1.0,0.013164953811785507,0.14649568296926227,0.08986581409738728,0.006771973756565242,1.0
2023-04-24,0.5820771079507889,1.0,0.16415421590157786,1.8641173194170702,0.08806002400799037,0.0014568576938982503,1.0
2023-04-25,0.5369877236264483,1.0,0.07397544725289662,0.8505143377046012,0.08697730769894395,0.0024958627615121465,1.0
2023-04-26,0.5148481530180479,1.0,0.029696306036095743,0.3733144434532511,0.07954770182851098,0.005695152810193838,1.0
2023-04-27,0.5718377730083679,1.0,0.14367554601673582,1.7534838227436935,0.08193719505887728,0.008370013603697934,1.0
2023-04-28,0.655529659255575,1.0,0.3110593185111501,3.8976614018776132,0.0798066549242333,0.004575166931912511,1.0
2023-05-02,0.42816743815122593,-1.0,0.14366512369754814,1.7631336367806991,0.08148283300854375,-0.00318502836487633,-1.0
2023-05-03,0.5140446521707953,1.0,0.028089304341590626,0.40841685180822457,0.0687760659660052,0.009173717607303677,1.0
2023-05-04,0.5731916857157893,1.0,0.14638337143157854,1.776996249792531,0.08237686007985058,-0.010232406865540389,-1.0
2023-05-05,0.5529128172499508,1.0,0.10582563449990157,1.2521609700769458,0.08451440112639715,0.010814123118324304,1.0
2023-05-08,0.48501900651000784,-1.0,0.029961986979984312,0.3534715469333013,0.08476491881718,8.480038171931881e-05,1.0
2023-05-09,0.4969996121605288,-1.0,0.006000775678942416,0.07076877307784196,0.08479411777199918,0.0026908205008338015,1.0
2023-05-10,0.6269793531488029,1.0,0.25395870629760586,3.0139969517738985,0.08425977542815283,-0.0009882342854272697,-1.0
2023-05-11,0.5300106259557875,1.0,0.060021251911575035,0.7208048582434897,0.08326976604713686,0.0009728797753729701,1.0
2023-05-12,0.4597504641529169,-1.0,0.08049907169416615,0.9583570011410583,0.08399695687339971,0.004589120522186851,1.0
2023-05-15,0.5485258967082006,1.0,0.09705179341640124,1.1676753721171718,0.08311538954566772,-0.006106338807060685,-1.0
2023-05-16,0.4070644118230824,-1.0,0.1858711763538352,2.163926260453493,0.08589533744781223,-0.005728269488420423,-1.0
2023-05-17,0.5597237791702723,1.0,0.11944755834054455,1.3855294963803124,0.08621076538074475,-0.002849053652701161,-1.0
2023-05-18,0.5384885561275945,1.0,0.076977112255189,0.8890634134405055,0.08658225171734632,0.0040513721791914925,1.0
2023-05-19,0.4764851948316449,-1.0,0.04702961033671016,0.5359548093300378,0.08774920854894243,0.006097761825706316,1.0
2023-05-22,0.5631051247966115,1.0,0.1262102495932229,1.469757444848763,0.08587148174385323,0.001834600568861644,1.0
2023-05-23,0.4963793180698713,-1.0,0.0072413638602574215,0.08250814929673823,0.08776543798375673,-0.0034117947119577385,-1.0
2023-05-24,0.4360273910729278,-1.0,0.12794521785414437,1.458884630906498,0.0877007099421178,0.001955111686716471,1.0
2023-05-25,0.4695772228697984,-1.0,0.06084555426040317,0.6657317047980451,0.09139650976794193,0.009726420827874671,1.0
2023-05-26,0.6039935122717538,1.0,0.2079870245435076,2.335684051504489,0.08904758518582018,0.005367798508963517,1.0
2023-05-31,0.613735566236548,1.0,0.22747113247309603,2.546490345557101,0.08932730998567037,-0.0025169624936233204,-1.0
2023-06-01,0.6383257563586687,1.0,0.27665151271733746,3.1449778450949655,0.08796612451461759,0.002507044360454902,1.0
2023-06-02,0.6143297945549087,1.0,0.22865958910981732,2.7413526317114854,0.0834112278970328,0.003223787573137793,1.0
2023-06-06,0.5889337973652294,1.0,0.17786759473045888,2.3989681133723595,0.0741433759535973,0.006849851638528914,1.0
2023-06-07,0.49152030229397414,-1.0,0.016959395412051714,0.2418353898226959,0.07012784780790632,-0.0049048192636628185,-1.0
2023-06-08,0.591513732352025,1.0,0.18302746470404996,2.5326738613375923,0.07226649569770774,-0.00381819725413457,-1.0
2023-06-09,0.46836877361553897,-1.0,0.06326245276892206,0.8774137814766947,0.07210104753819895,0.0020524046550352004,1.0
2023-06-12,0.5404831575717682,1.0,0.08096631514353647,1.094117155938399,0.07400150404742857,0.0061635024393194016,1.0
2023-06-13,0.5263874233232495,1.0,0.05277484664649901,0.7127285616517111,0.07404620704998277,0.0021238341844009856,1.0
2023-06-14,0.5485997650573876,1.0,0.09719953011477522,1.29562004318671,0.07502163201775039,-0.0036149041015322014,-1.0
2023-06-15,0.6118340859660759,1.0,0.22366817193215183,3.0450373735801897,0.07345334210764544,0.0073790483520230765,1.0
2023-06-16,0.4507368310673757,-1.0,0.09852633786524856,1.3852921091449621,0.07112314956161957,-0.0037475183921172883,-1.0
2023-06-21,0.4647884587095443,-1.0,0.07042308258091134,0.9673777086598249,0.07279791745302185,-0.004539443817404343,-1.0
2023-06-22,0.4544704886756884,-1.0,0.0910590226486232,1.1893607992149888,0.07656131151180086,-0.005633615236065759,-1.0
2023-06-23,0.4580573807917341,-1.0,0.08388523841653184,1.1287058943631982,0.0743198372892868,0.0013768299134766515,1.0
2023-06-27,0.5698222995046764,1.0,0.1396445990093529,1.7745581414568017,0.07869260282151892,0.00822107281232487,1.0
2023-06-28,0.6647762596414963,1.0,0.3295525192829927,3.900437513645097,0.08449116749854407,0.01143527476356887,1.0
2023-06-30,0.4812533678777002,-1.0,0.037493264244599644,0.43436601383533335,0.08631721417047424,0.00695709243369369,1.0
2023-07-03,0.516328158593248,1.0,0.032656317186495976,0.39900328571074156,0.08184473250220364,0.003438946519135566,1.0
2023-07-06,0.3890315012554266,-1.0,0.22193699748914675,2.5050897773764618,0.08859442862825365,-0.00848835445771845,-1.0
2023-07-07,0.49766014027539923,-1.0,0.004679719449201536,0.053490206090423494,0.08748740734501226,0.0012466303397029588,1.0
2023-07-10,0.6022829171231096,1.0,0.2045658342462191,2.324057137723799,0.08802100039871336,0.004313930032438185,1.0
2023-07-12,0.6977699177102694,1.0,0.39553983542053883,4.505709842045164,0.08778635315784147,0.0015192303855748879,1.0
2023-07-13,0.6993958702801062,1.0,0.3987917405602124,4.501335954575954,0.08859408508596428,0.007765114931427508,1.0
2023-07-14,0.4798198396406019,-1.0,0.04036032071879625,0.46012036264978523,0.08771687583302197,0.007511013251041421,1.0
2023-07-17,0.6278164497399548,1.0,0.2556328994799095,3.0103843463385487,0.0849170305415749,0.001917706853032497,1.0
2023-07-18,0.606196913846034,1.0,0.21239382769206805,2.4938947558360303,0.08516551357872643,0.004248282371482448,1.0
2023-07-19,0.5728731777235717,1.0,0.14574635544714343,1.695607589740462,0.08595523889430813,0.007361412439498949,1.0
2023-07-20,0.35410833056898927,-1.0,0.29178333886202146,2.9243189982064868,0.09977821812222777,-0.011719737128305097,-1.0
2023-07-21,0.5109762031916284,1.0,0.021952406383256795,0.21990819325007477,0.09982532282593491,-0.0036794322929856182,-1.0
2023-07-24,0.4901027106544138,-1.0,0.019794578691172404,0.20251775166309482,0.09774243753259881,0.0004193703428323481,1.0
2023-07-25,0.4948315446867192,-1.0,0.010336910626561613,0.1071997636283571,0.09642661771529534,0.004964339187534694,1.0
2023-07-26,0.5605726583149708,1.0,0.12114531662994166,1.2381863348195303,0.09784094140208628,-0.0059863783008722304,-1.0
2023-07-27,0.3466459316684955,-1.0,0.306708136663009,3.251236256949633,0.09433585025001165,-0.0007044597937843067,-1.0
2023-07-28,0.6148930956246459,1.0,0.22978619124929178,2.417808663780354,0.09503903046240664,0.005484562836559181,1.0
2023-07-31,0.5632176406339248,1.0,0.12643528126784953,1.3586446184388388,0.09305986241871769,-0.0010251191770254131,-1.0
2023-08-01,0.42758619202201037,-1.0,0.14482761595597926,1.5147357712366625,0.09561246172838377,-0.010489749274959825,-1.0
2023-08-02,0.36439533038658506,-1.0,0.2712093392268299,2.800270653014049,0.09685111649294181,-0.007420685416911321,-1.0
2023-08-03,0.4155963171545262,-1.0,0.16880736569094756,1.7001376326369095,0.09929041181749958,0.006983389270114548,1.0
2023-08-04,0.5966662209575536,1.0,0.19333244191510723,2.043406559994076,0.09461281259450773,0.004114401867602702,1.0
2023-08-07,0.5099371826116935,1.0,0.019874365223387036,0.20939419612211355,0.09491363940095453,-0.0013497354646058168,-1.0
2023-08-08,0.4954736394690785,-1.0,0.009052721061842961,0.09587993349468506,0.09441726471728085,0.003152707884763739,1.0
2023-08-09,0.4912806382788749,-1.0,0.01743872344225017,0.18141577922009114,0.09612572576222132,-0.004556268458015711,-1.0
2023-08-10,0.5181640659884926,1.0,0.036328131976985256,0.385052047762101,0.09434602981109214,-0.005874136161590715,-1.0
2023-08-11,0.3941206796567857,-1.0,0.21175864068642858,2.359198386072644,0.08975872564873319,0.00032169565781225984,1.0
2023-08-14,0.5201756265582169,1.0,0.04035125311643384,0.4495723430977115,0.08975474967699196,-0.0035658545458565616,-1.0
2023-08-17,0.3188373641535775,-1.0,0.362325271692845,4.1267314019621555,0.08779957705039115,-0.0028452826260957353,-1.0
2023-08-18,0.548431128826305,1.0,0.09686225765260992,1.147517169285344,0.08441029053441895,0.0043215209131937105,1.0
2023-08-21,0.5026726198224241,1.0,0.005345239644848121,0.07096231138427929,0.07532504988320159,0.00014693555773015454,1.0
2023-08-22,0.4874369405140792,-1.0,0.025126118971841582,0.33303423898203954,0.07544605338070548,0.0024515199000461063,1.0
2023-08-23,0.6827275722579585,1.0,0.3654551445159171,4.821035258725517,0.07580428785590927,-0.002946964680621278,-1.0
2023-08-24,0.4270993448078802,-1.0,0.1458013103842396,1.9428401312757895,0.07504544920456085,-0.006236153774081932,-1.0
2023-08-25,0.6277885120075117,1.0,0.25557702401502347,3.4620066542267143,0.07382337746318111,0.002089194238900971,1.0
2023-08-28,0.6204900227601355,1.0,0.24098004552027108,3.235173346524811,0.07448752190640087,0.0018957584743610756,1.0
2023-08-29,0.7338243153411539,1.0,0.4676486306823078,6.596773191466776,0.07089051224123218,0.0002480956863764039,1.0
2023-08-30,0.5742486858989455,1.0,0.14849737179789102,2.0576162014766406,0.07216961632170393,-0.004840350603388277,-1.0
2023-08-31,0.6346225005127637,1.0,0.2692450010255274,3.695182435202782,0.07286379109743521,0.009426710188917609,1.0
2023-09-01,0.5604370104285015,1.0,0.12087402085700294,1.733995298377654,0.06970839019580621,0.004810833701642592,1.0
2023-09-06,0.45661164079812405,-1.0,0.0867767184037519,1.2675614224787255,0.0684595766839128,0.005915032360780392,1.0
2023-09-07,0.517020598138991,1.0,0.03404119627798208,0.4938791207551646,0.06892617008374737,0.004709190366575022,1.0
2023-09-08,0.5295531225733193,1.0,0.05910624514663865,0.7892277096933195,0.07489124421341761,0.008900143420050854,1.0
2023-09-12,0.5327360519673902,1.0,0.06547210393478031,0.8705459076982515,0.07520810029179328,0.003841345269944396,1.0
2023-09-13,0.5594436612915394,1.0,0.11888732258307888,1.642121762462685,0.07239860362412098,0.001649208239910216,1.0
2023-09-14,0.579467750953663,1.0,0.15893550190732597,2.3330634435666044,0.06812309470005574,0.004439613877174287,1.0
2023-09-15,0.47574154695886817,-1.0,0.04851690608226367,0.6934279046261539,0.06996676331971449,-0.002924316846098174,-1.0
2023-09-18,0.4974011440215154,-1.0,0.005197711956969164,0.06314078193548227,0.0823194106509518,-0.011518249945432046,-1.0
2023-09-20,0.404141713121535,-1.0,0.19171657375692996,2.1906071100306184,0.08751755295555957,-0.007991939166498319,-1.0
2023-09-21,0.30291139851057236,-1.0,0.3941772029788553,4.486562872393593,0.08785727831973092,-0.003449417659114995,-1.0
2023-09-22,0.49602010917783107,-1.0,0.00795978164433786,0.09058985369425819,0.08786614968164333,1.5288066889551644e-05,1.0
2023-09-25,0.4324224815207913,-1.0,0.13515503695841735,1.5423042478910152,0.08763189049322251,-0.0005007261720755274,-1.0
2023-09-26,0.37148759267357156,-1.0,0.25702481465285687,2.9522325748496216,0.08706116748472942,0.002631619198663282,1.0
2023-09-27,0.44465095359219453,-1.0,0.11069809281561094,1.2087702662917146,0.09157909976989456,-0.009783629666773708,-1.0
2023-09-28,0.5532758507670411,1.0,0.10655170153408222,1.1404254964729101,0.09343153223391061,0.005877516917168757,1.0
2023-09-29,0.49689437574768897,-1.0,0.006211248504622069,0.06479256511558219,0.0958635993735075,-0.005578424654468894,-1.0
2023-10-03,0.20062933549690437,-1.0,0.5987413290061913,6.139746487726288,0.0975189008541493,-0.004744307271330683,-1.0
2023-10-04,0.5537609229520283,1.0,0.10752184590405656,1.101057422568943,0.09765325922165886,0.005641584105285702,1.0
2023-10-05,0.5234676826044428,1.0,0.04693536520888553,0.5000635919912018,0.09385879308268322,0.0055127073660514725,1.0
2023-10-06,0.5194906016213209,1.0,0.03898120324264176,0.40619090646265765,0.09596769061649443,-0.00718194675884698,-1.0
2023-10-09,0.43603671054430065,-1.0,0.1279265789113987,1.2885937839456194,0.09927611052079806,0.00909680297624016,1.0
2023-10-10,0.7243170122059618,1.0,0.44863402441192357,4.471195371286883,0.10033872089172417,0.006170692128707245,1.0
2023-10-11,0.5772854723302739,1.0,0.15457094466054788,1.632462858598477,0.09468573440822545,-0.0008757409120068171,-1.0
2023-10-12,0.38725694798112215,-1.0,0.2254861040377557,2.41316306330666,0.09344006108264445,-0.0021698099802970328,-1.0
2023-10-13,0.5246732001520211,1.0,0.04934640030404225,0.5306239726788525,0.09299692973711154,-0.0009772027556287366,-1.0
2023-10-16,0.5531750364948357,1.0,0.10635007298967136,1.1472091925076073,0.09270329568856392,0.004041709427698992,1.0
2023-10-17,0.4169796208874598,-1.0,0.16604075822508035,1.7471372414862167,0.09503589888784948,-0.007086812741337156,-1.0
2023-10-18,0.3440652552892446,-1.0,0.3118694894215108,3.5848978108414995,0.0869953638506377,-0.0023588102112444,-1.0
2023-10-19,0.3869557707280267,-1.0,0.22608845854394655,2.699850699540849,0.08374109671412436,-0.004180896084593599,-1.0
2023-10-20,0.4466549382438978,-1.0,0.10669012351220442,1.123137766342425,0.09499290889277824,-0.013350307425555652,-1.0
2023-10-23,0.4859674979136527,-1.0,0.02806500417269464,0.2854139284176531,0.09833088500021078,-0.008277236732921023,-1.0
2023-10-25,0.29852698025467056,-1.0,0.4029460394906589,3.74203593907137,0.10768096460095855,-0.013853064912347501,-1.0
2023-10-26,0.5360132789196727,1.0,0.0720265578393453,0.6263827518724001,0.11498809254252546,0.010075700327460302,1.0
2023-10-27,0.5220032910057336,1.0,0.04400658201146723,0.38907365864385857,0.11310604312009974,0.004916740769664862,1.0
2023-10-30,0.5432915902338147,1.0,0.08658318046762936,0.784411061280115,0.11037985661029621,-0.0032026069828995363,-1.0
2023-10-31,0.5629573117245759,1.0,0.12591462344915172,1.1446727116676427,0.1100005461523671,-0.004740624572936891,-1.0
2023-11-01,0.6356309789764377,1.0,0.27126195795287544,2.38693881951832,0.11364428603478643,0.007588523257266999,1.0
2023-11-02,0.773013222723687,1.0,0.546026445447374,4.821555743945902,0.11324694236564246,0.005087980838331285,1.0
2023-11-03,0.7599639639851913,1.0,0.5199279279703826,4.446871205209529,0.11691994302899637,0.00941990339899168,1.0
2023-11-06,0.46250564717004566,-1.0,0.07498870565990867,0.6560781388451857,0.1142984367561799,-0.000260191958478706,-1.0
2023-11-07,0.6392268379609651,1.0,0.27845367592193027,2.5490743386985817,0.10923717354751353,0.0018962926582819506,1.0
2023-11-08,0.5546100267588219,1.0,0.10922005351764374,1.0265297082066247,0.1063973625356193,-0.002478937369815082,-1.0
2023-11-09,0.42070282032293976,-1.0,0.15859435935412047,1.485045629104444,0.10679426695445089,0.001549283945833313,1.0
2023-11-10,0.6034635752684736,1.0,0.2069271505369472,1.9360583868977597,0.10688063538647542,0.0009369804014345284,1.0
2023-11-13,0.5343510811490385,1.0,0.06870216229807702,0.5924341261952032,0.1159659095590994,0.011926753508604282,1.0
2023-11-15,0.727915803313574,1.0,0.45583160662714794,3.9218890093865406,0.11622756420086677,0.004561522280999375,1.0
2023-11-16,0.6198900223813706,1.0,0.23978004476274117,2.1132448013789835,0.11346534230500618,-0.0016897597201204206,-1.0
2023-11-17,0.6053436906004692,1.0,0.21068738120093844,1.8588186935202404,0.11334477210466266,-0.0019157289123818977,-1.0
2023-11-20,0.5970378749867095,1.0,0.19407574997341892,1.7159601061510819,0.1131003857710498,0.0045394734754240496,1.0
2023-11-21,0.5183864039577473,1.0,0.03677280791549453,0.3666208455731991,0.10030201053625719,0.0014380348265852216,1.0
2023-11-22,0.5739564329392136,1.0,0.14791286587842722,1.5739890062484756,0.09397325222173576,-0.0004971574875239915,-1.0
2023-11-28,0.6875905465370842,1.0,0.37518109307416836,4.766674764106404,0.07870918651705044,0.010402389113554511,1.0
2023-11-29,0.6423947060875478,1.0,0.28478941217509557,3.840265369213182,0.074158784561663,0.0018187545137213768,1.0
2023-11-30,0.569399520252657,1.0,0.1387990405053141,1.846540702048653,0.07516706257886592,0.0066929416105065975,1.0
2023-12-04,0.577108664236879,1.0,0.15421732847375802,2.0778554252886434,0.07421947003475232,0.008135565760247543,1.0
2023-12-05,0.6353625895053032,1.0,0.27072517901060644,3.980843314173958,0.06800699189708828,0.003960643244200535,1.0
2023-12-06,0.5663796499368943,1.0,0.13275929987378854,1.9264851086901833,0.06891270494379868,-0.0017455990623970186,-1.0
2023-12-07,0.603253659898889,1.0,0.20650731979777803,3.0125378717075213,0.06854928588191612,0.003265370504707432,1.0
2023-12-08,0.46342297763941637,-1.0,0.07315404472116727,1.1332153179275104,0.064554408649325,0.001320935183362959,1.0
2023-12-11,0.541180365964959,1.0,0.082360731929918,1.2022637305593542,0.06850471309784884,-0.004319607014175553,-1.0
2023-12-12,0.523968504786859,1.0,0.04793700957371794,0.6978305343429675,0.06869434227158368,0.0009542158562574343,1.0
2023-12-13,0.7415325964315984,1.0,0.4830651928631968,6.496279665727353,0.0743602827648755,0.012250087289956912,1.0
2023-12-14,0.6832043459154307,1.0,0.36640869183086133,4.4864434684616805,0.08167019029808396,0.012932779200891975,1.0
2023-12-15,0.598687564267568,1.0,0.19737512853513595,2.3651102616423527,0.0834528232092135,-0.0017710126840955187,-1.0
2023-12-18,0.5395700645366768,1.0,0.07914012907335355,1.0191208245943506,0.07765529578384818,0.0016083748565725031,1.0
2023-12-19,0.6255035004620951,1.0,0.25100700092419026,2.5482383135137643,0.0985021689663228,-0.01412146609423337,-1.0
2023-12-20,0.44910705738071005,-1.0,0.1017858852385799,1.0399191001589763,0.09787865731384252,0.004959794076523361,1.0
2023-12-21,0.6038603987014743,1.0,0.2077207974029487,2.148718033736256,0.09667196632671131,0.004438926556610712,1.0
2023-12-22,0.5479145469923786,1.0,0.09582909398475725,0.9918102698203277,0.0966203888997008,0.004306875934107168,1.0
2023-12-26,0.5708985768317871,1.0,0.14179715366357426,1.4221705095606985,0.09970474898074964,0.0099527499207277,1.0
2023-12-27,0.6132866392423112,1.0,0.2265732784846224,2.287095372993235,0.09906595114487715,0.005723881307796219,1.0
2023-12-28,0.5008382950517628,1.0,0.0016765901035256103,0.017186293602648627,0.09755390791573737,-0.0021717930740454694,-1.0
2023-12-29,0.4541234613921906,-1.0,0.09175307721561876,0.937531273661389,0.09786668433714298,0.00048317180721269004,1.0
2024-01-03,0.4326226615668854,-1.0,0.13475467686622922,1.3778499428424302,0.09780069126267667,0.006564470186349425,1.0
2024-01-04,0.4753452446727492,-1.0,0.04930951065450162,0.5148374866052408,0.09577684597064008,0.002410182228605562,1.0
2024-01-05,0.49784783628632445,-1.0,0.004304327427351096,0.04134768969423116,0.10410079642132065,-0.00911070868564301,-1.0
2024-01-09,0.4946972552311837,-1.0,0.010605489537632629,0.10265010690798099,0.10331688740606716,0.0034277152411805734,1.0
2024-01-10,0.5369386012418174,1.0,0.07387720248363472,0.7153751835634182,0.10327056931949818,0.0013183031833516878,1.0
2024-01-11,0.5502408773243281,1.0,0.10048175464865627,0.9268178069987938,0.1084158654374959,0.011426492637705898,1.0
2024-01-12,0.6079643230034609,1.0,0.21592864600692185,2.004903447964059,0.10770027166454986,0.009267074694848665,1.0
2024-01-17,0.4641500497675337,-1.0,0.07169990046493258,0.6432221709400306,0.11146988350875323,-0.0050852715087356115,-1.0
2024-01-18,0.5781391419682504,1.0,0.1562782839365009,1.4552801468249705,0.10738707889161962,0.00746195718645537,1.0
2024-01-19,0.6222147304255401,1.0,0.2444294608510802,1.9916535605921206,0.12272689672917365,-0.01774084294273448,-1.0
2024-01-24,0.5385455192125992,1.0,0.07709103842519838,0.6211780074245665,0.12410458436032125,-0.004724053755400193,-1.0
2024-01-25,0.6162418829078398,1.0,0.23248376581567953,1.6841154099961466,0.1380450320897019,0.018030591452244726,1.0
2024-01-29,0.6916447548656458,1.0,0.3832895097312916,2.897574120596603,0.13227944955981774,-0.009913698102483215,-1.0
2024-01-30,0.5033730039333666,1.0,0.0067460078667331835,0.050142362595413256,0.13453709633040448,0.009460025419002926,1.0
2024-01-31,0.5461583001336606,1.0,0.09231660026732125,0.6845591458017489,0.13485555022305773,-0.0013003033741542103,-1.0
2024-02-01,0.6964023978033775,1.0,0.3928047956067551,2.8902913560056636,0.13590491311215247,0.007205988175093214,1.0
2024-02-02,0.5036582706768963,1.0,0.0073165413537925605,0.054541769829745596,0.13414565344380003,-0.0037568550808078083,-1.0
2024-02-05,0.4164922520346437,-1.0,0.16701549593071263,1.238121458527996,0.1348942745320621,0.007243402101531293,1.0
2024-02-06,0.6319753533534378,1.0,0.2639507067068756,1.9651467456956409,0.1343160287062633,5.014315737827957e-05,1.0
2024-02-07,0.5392267740258115,1.0,0.07845354805162308,0.5595771011804019,0.14020149839249849,-0.009692017110872975,-1.0
2024-02-08,0.5235152095801534,1.0,0.04703041916030681,0.338524166031156,0.13892780451005787,0.0029722318898448563,1.0
2024-02-09,0.5846665821445881,1.0,0.16933316428917622,1.1918967390878266,0.14207033104123518,-0.0076414194307357075,-1.0
2024-02-12,0.533568915934089,1.0,0.0671378318681779,0.48432079855864635,0.13862264859981682,0.005884480011507653,1.0
2024-02-13,0.26360472260770573,-1.0,0.47279055478458853,3.4040914458325764,0.13888891127275604,0.004451992284961959,1.0
2024-02-14,0.6514246488354071,1.0,0.30284929767081414,2.17768979691738,0.13906907131562596,0.0032371361888359207,1.0
2024-02-15,0.6239345016061276,1.0,0.24786900321225525,1.834777426014846,0.13509486202401622,0.005930843022260657,1.0
2024-02-16,0.41866466104440925,-1.0,0.1626706779111815,1.2180147776343575,0.1335539444169326,0.007089158036650556,1.0
2024-02-20,0.477625558008516,-1.0,0.044748883982967946,0.33291219962579943,0.13441647387289102,-0.006392700010330099,-1.0
2024-02-21,0.4581804638251464,-1.0,0.08363907234970724,0.6225323191610991,0.13435298019935107,0.0073633218581414805,1.0
2024-02-22,0.6232319278144857,1.0,0.24646385562897133,2.140301373534809,0.11515380902733555,-0.0002137959201901074,-1.0
2024-02-23,0.5105986965389991,1.0,0.021197393077998283,0.18481546111511185,0.114694912157785,-0.004080928508836235,-1.0
2024-02-26,0.444746571747354,-1.0,0.11050685650529202,1.130529718613004,0.09774785632426178,0.003448994348646428,1.0
2024-02-27,0.5412652565986656,1.0,0.08253051319733129,0.8282304913321791,0.09964679405196,-0.011135927809948543,-1.0
2024-02-28,0.45244199846179206,-1.0,0.09511600307641588,1.0058861178761296,0.09455941521217912,0.0014418556686905948,1.0
2024-02-29,0.5828094928043618,1.0,0.16561898560872357,1.5174170894131074,0.10914532778379354,0.016192168700068565,1.0
2024-03-01,0.6991163236295049,1.0,0.39823264725900986,3.7141194114374634,0.10722128266330651,0.0029925402887358565,1.0
2024-03-04,0.5140470600825728,1.0,0.028094120165145675,0.2640606162476511,0.10639269333067605,-0.00220029050703785,-1.0
2024-03-05,0.5173499937244359,1.0,0.034699987448871816,0.3299602956560096,0.10516413006565878,0.005266971542034149,1.0
2024-03-06,0.6329963074007372,1.0,0.2659926148014744,2.531319777491125,0.10508060544808309,0.0008676673462120199,1.0
2024-03-07,0.6588409759829918,1.0,0.3176819519659837,3.117584810864497,0.10190001916191382,-0.007153178801771132,-1.0
2024-03-11,0.4728531916126454,-1.0,0.05429361677470923,0.5332168442600549,0.10182277127807636,0.0001365188668460693,1.0
2024-03-12,0.546010610380811,1.0,0.092021220761622,0.8118812547936876,0.11334320162990598,-0.015132725270416536,-1.0
2024-03-13,0.49836820914322794,-1.0,0.003263581713544128,0.028652348532781386,0.11390276471788124,0.006771215952804832,1.0
2024-03-14,0.41726033764550774,-1.0,0.16547932470898452,1.4345421884127167,0.11535340406550403,-0.005567468627318717,-1.0
2024-03-15,0.5167228227697501,1.0,0.033445645539500246,0.290944492820125,0.11495541714954491,0.0014688778023679294,1.0
2024-03-18,0.4917026209947066,-1.0,0.016594758010586852,0.13892981225340165,0.11944706281124723,-0.010802196640288697,-1.0
2024-03-19,0.54462227267799,1.0,0.08924454535598003,0.7677676786585422,0.11623899759873943,0.0009923428906801757,1.0
2024-03-20,0.6294883977061624,1.0,0.25897679541232477,2.1916364372498007,0.1181659471482892,0.0079146856998078,1.0
2024-03-21,0.582327179584464,1.0,0.164654359168928,1.4210137947859662,0.11587104908698534,0.0038524885010076115,1.0
2024-03-22,0.5410305330981231,1.0,0.0820610661962462,0.7031662384671811,0.1167022273070584,-0.00416580634029895,-1.0
2024-03-26,0.4804901679501058,-1.0,0.03901966409978841,0.33169745757801433,0.11763630744926977,0.005405716783151604,1.0
2024-03-27,0.6466742312770418,1.0,0.29334846255408364,2.413463552072431,0.12154667191977543,0.009187001078543977,1.0
2024-03-28,0.5592376616425946,1.0,0.11847532328518917,1.0301908652323581,0.11500327491106924,0.005661349690890161,1.0
2024-04-02,0.306414409535541,-1.0,0.387171180928918,3.3605343252700055,0.11521119662951526,-0.0008306302403686683,-1.0
2024-04-03,0.5338325585644652,1.0,0.06766511712893042,0.6697083416811357,0.1010366945095443,0.003565912488363576,1.0
2024-04-04,0.4849076971799214,-1.0,0.030184605640157236,0.30010028020933643,0.10058173094374259,-4.224679746289706e-05,-1.0
2024-04-05,0.48153404195364996,-1.0,0.03693191609270008,0.35962328046578873,0.10269612146595566,0.006778164752814453,1.0
2024-04-08,0.463994755161763,-1.0,0.07201048967647405,0.7100555524653072,0.10141528986915772,-0.0010390218270411866,-1.0
2024-04-09,0.5492953360839201,1.0,0.09859067216784023,0.9602657076037727,0.102670199911503,0.0049044741142307835,1.0
2024-04-10,0.26322562496143376,-1.0,0.4735487500771325,4.452175046974225,0.10636346169698883,-0.010301592814249916,-1.0
2024-04-12,0.4275352139331004,-1.0,0.1449295721337992,1.27334786786677,0.11381773652835231,-0.010963897188301042,-1.0
2024-04-15,0.2905400612956659,-1.0,0.4189198774086682,4.127414992928292,0.10149691226262073,-0.005594325260972033,-1.0
2024-04-16,0.4338801296965656,-1.0,0.13223974060686883,1.3013904143911454,0.10161419597418588,-0.0068652458503182245,-1.0
2024-04-18,0.49101861931788454,-1.0,0.017962761364230917,0.17493003523501297,0.1026854041394236,0.0068717686886063944,1.0
2024-04-19,0.49530000001174934,-1.0,0.009399999976501316,0.08805422647123688,0.10675239966558389,0.008551965982977361,1.0
2024-04-22,0.5700944101898563,1.0,0.1401888203797126,1.4334833706506804,0.09779591675073196,0.0014147135985376202,1.0
2024-04-23,0.6134233006024488,1.0,0.22684660120489752,2.3196152534048387,0.09779492563343062,0.0015379287654238016,1.0
2024-04-24,0.46189644069249086,-1.0,0.07620711861501828,0.7821708112865257,0.09743027675715964,0.0074969296067168845,1.0
2024-04-25,0.5204015830304033,1.0,0.040803166060806584,0.40468581054083685,0.1008267772133541,-0.006663626980883297,-1.0
2024-04-26,0.6204177226847026,1.0,0.24083544536940527,2.3130076138613704,0.10412220172822989,0.00996662256880243,1.0
2024-04-29,0.6310011108651516,1.0,0.2620022217303033,2.5290216974062547,0.1035982498683229,-0.00170251731563964,-1.0
2024-04-30,0.3806144422083008,-1.0,0.23877111558339836,2.4072434670293363,0.09918860258786134,0.0019177127972140884,1.0
2024-05-02,0.7629709319182985,1.0,0.5259418638365969,5.176564571619105,0.10160056086619913,-0.007609859296553445,-1.0
2024-05-03,0.6974676005423968,1.0,0.3949352010847935,3.8832599475845533,0.10170197370651152,-0.0014749338156797576,-1.0
2024-05-06,0.6242639122629186,1.0,0.2485278245258371,2.409586462511263,0.10314127689231048,-0.006246985595782073,-1.0
2024-05-07,0.551064436294363,1.0,0.10212887258872594,0.9901618166089834,0.10314361842237833,0.0,1.0
2024-05-08,0.5088594823774377,1.0,0.017718964754875444,0.15779917231641288,0.11228807157078145,-0.01546911781190452,-1.0
2024-05-09,0.5618361452788722,1.0,0.12367229055774431,1.0819961002473126,0.11430012597039531,0.0044494691449390444,1.0
2024-05-10,0.4568053069051472,-1.0,0.0863893861897056,0.7661657141163207,0.11275548435281431,0.0022149680905385605,1.0
2024-05-13,0.5559987948954138,1.0,0.11199758979082763,1.0188794516813486,0.10992231672354359,0.005148324587705533,1.0
2024-05-14,0.59270036711402,1.0,0.18540073422803993,1.8004550071254997,0.10297437786242702,-0.0007786004689536163,-1.0
2024-05-15,0.6548274844588183,1.0,0.30965496891763666,2.924398056547849,0.10588673734900975,0.009157377676264788,1.0
2024-05-16,0.5276834951670637,1.0,0.0553669903341274,0.5409662025749246,0.10234833538692095,0.0027785403439750667,1.0
2024-05-17,0.5024940592558074,1.0,0.004988118511614736,0.04973614177615915,0.1002916256364255,0.002802051667603722,1.0
2024-05-21,0.5552056108267713,1.0,0.11041122165354267,1.1437161353763043,0.09653725976088925,0.0030516154749500313,1.0
2024-05-22,0.48944601825265355,-1.0,0.021107963494692905,0.1891011302495341,0.11162261942506244,0.01636661960848307,1.0
2024-05-23,0.4890572072596275,-1.0,0.02188558548074504,0.19575247178299238,0.1118023454897009,-0.0004593757337192361,-1.0
2024-05-24,0.5748255992335471,1.0,0.1496511984670943,1.365868244430006,0.10956488598177024,-0.0010737589261899938,-1.0
2024-05-29,0.3667877575786441,-1.0,0.26642448484271175,2.3666514347174807,0.11257445052296693,-0.009515599658179275,-1.0
2024-05-30,0.5430164044730837,1.0,0.0860328089461675,0.8021330883136993,0.10725503061721556,0.0018697799732139142,1.0
2024-05-31,0.6081271731745354,1.0,0.2162543463490707,1.3819709545562917,0.15648255532150696,0.03254231769535276,1.0
2024-06-04,0.49257697652186855,-1.0,0.014846046956262904,0.07707864029501421,0.1926090924728366,0.033624236760035675,1.0
2024-06-05,0.7652316379101403,1.0,0.5304632758202805,2.8100443959996992,0.18877398398951747,0.008888049244237806,1.0
2024-06-06,0.5850156162904366,1.0,0.17003123258087327,0.8686477120101319,0.1957424514333954,0.020539931466807104,1.0
2024-06-07,0.45825200397821575,-1.0,0.0834959920435685,0.43355913047360667,0.19258270942733935,-0.0013289382574128705,-1.0
2024-06-10,0.5151551031577924,1.0,0.030310206315584898,0.15746496175799943,0.19248857636130662,0.0002429314342191624,1.0
2024-06-11,0.5919930806923641,1.0,0.18398616138472823,1.0448843411507962,0.17608280087927514,0.002497312914139238,1.0
2024-06-12,0.7014969043447508,1.0,0.4029938086895015,2.2854347150204237,0.17633135877429787,0.0032564994745150067,1.0
2024-06-13,0.5568591618268962,1.0,0.11371832365379242,0.645626198711188,0.17613647630904575,0.0028505279152657437,1.0
2024-06-14,0.5229082152023199,1.0,0.045816430404639785,0.2598421780432159,0.17632407005540024,0.003933450786960613,1.0
2024-06-18,0.5504914743813214,1.0,0.1009829487626428,0.5708121143235834,0.1769110119225629,-0.0017786131162043084,-1.0
2024-06-21,0.552164412615179,1.0,0.10432882523035802,0.5879079930580873,0.1774577424737445,0.00156375661610908,1.0
2024-06-24,0.5018131526302038,1.0,0.003626305260407525,0.020476827977395265,0.17709311541859257,0.007793879853915442,1.0
2024-06-25,0.5757640987926826,1.0,0.1515281975853653,0.8580728278741264,0.17659130165067233,0.006218040121837909,1.0
2024-06-27,0.621020402305666,1.0,0.24204080461133204,1.356235737304288,0.17846514286109486,-0.0014099020825968367,-1.0
2024-06-28,0.5041678981380254,1.0,0.008335796276050855,0.0473822481812122,0.1759265673543141,0.012142586440705205,1.0
2024-07-08,0.5388122632597157,1.0,0.0776245265194313,0.44529345545067817,0.17432218140477296,0.004631820986013446,1.0
2024-07-09,0.4728514036779546,-1.0,0.05429719264409083,0.30740145563798643,0.17663284167409513,-0.004450911197766749,-1.0
2024-07-10,0.5664445182725372,1.0,0.13288903654507433,0.7880619934889298,0.1686276430572985,-0.0003494426502141934,-1.0
2024-07-12,0.5664300803858628,1.0,0.1328601607717257,0.7902502849568318,0.1681241542089204,0.003450669707641296,1.0
2024-07-15,0.5725540797179551,1.0,0.14510815943591027,1.0470193557205723,0.13859166847593277,0.0010697158254551198,1.0
2024-07-16,0.6464146344058038,1.0,0.29282926881160765,3.253436989510899,0.09000612882797208,0.007632129743428306,1.0
2024-07-18,0.465924376510426,-1.0,0.06815124697914798,0.6684360060388188,0.10195627758446957,-0.010884676251089243,-1.0
2024-07-19,0.41592505582813616,-1.0,0.16814988834372768,2.1454468129099946,0.07837523043307523,-0.0008825762723847497,-1.0
2024-07-22,0.5790811358288228,1.0,0.15816227165764563,2.0193190319638203,0.07832455850417568,-0.0012321559717249908,-1.0
2024-07-23,0.5713044461430492,1.0,0.1426088922860984,1.7876452434412047,0.07977471638140982,-0.002677831825905974,-1.0
2024-07-24,0.3151825865473292,-1.0,0.36963482690534155,4.619977816485101,0.08000792245936827,-0.0003031269840456652,-1.0
2024-07-25,0.5279449490162981,1.0,0.05588989803259614,0.5693087406669393,0.09817150877943961,0.01756732976027453,1.0
2024-07-26,0.6782362152714023,1.0,0.35647243054280464,3.621033203010148,0.09844494942671908,5.03324972633834e-05,1.0
2024-07-29,0.5163322070595661,1.0,0.032664414119132124,0.33231734795700113,0.09829283460506734,0.0008536433743000504,1.0
2024-07-30,0.543616507119641,1.0,0.08723301423928209,0.8949542455757746,0.09747203800699349,0.00377553501085659,1.0
2024-07-31,0.6689860584222,1.0,0.3379721168444001,3.468459529774658,0.09744156272924936,0.0023946791656728195,1.0
2024-08-01,0.545175310735598,1.0,0.09035062147119599,0.8449429447630245,0.10693103248117662,-0.011722935491954689,-1.0
2024-08-02,0.44905592106526754,-1.0,0.10188815786946492,0.7056511485076676,0.1443888500499731,-0.02678645789462286,-1.0
2024-08-05,0.311484262237356,-1.0,0.37703147552528804,2.607952673330865,0.1445699070312289,-0.0026209626510589334,-1.0
2024-08-06,0.48510227917794085,-1.0,0.029795441644118292,0.20515133461324675,0.14523640170457064,0.012710162480444431,1.0
2024-08-07,0.37857239673034,-1.0,0.24285520653932002,1.663228746213344,0.14601431528418807,-0.007428747813561065,-1.0
2024-08-08,0.581897580304047,1.0,0.16379516060809407,1.0863643146553505,0.15077369386903888,0.010386864037815746,1.0
2024-08-09,0.48423631869791106,-1.0,0.03152736260417788,0.20908387905066717,0.15078810832918338,-0.0008412844977941925,-1.0
2024-08-12,0.46032756333302915,-1.0,0.07934487333394169,0.5190884560475236,0.1528542436448972,-0.008543146999630324,-1.0
2024-08-13,0.6017545894100799,1.0,0.20350917882015973,1.3324037864451592,0.1527383672205858,0.00019677699987563635,1.0
2024-08-14,0.49021440474177685,-1.0,0.01957119051644629,0.12065134720319844,0.1622127806288388,0.016459762490292462,1.0
2024-08-16,0.4767822536525235,-1.0,0.04643549269495295,0.2947524114373198,0.15754067106191474,0.0012835584110202358,1.0
2024-08-19,0.5774579189552407,1.0,0.15491583791048136,0.9775577707856866,0.15847230981139027,0.005135759339910173,1.0
2024-08-20,0.49582720588005386,-1.0,0.008345588239892288,0.05262927222447733,0.15857312645890703,0.0028887826964991703,1.0
2024-08-21,0.5985585702800682,1.0,0.1971171405601364,1.2466524246594817,0.15811715973197438,0.001667357653657442,1.0
2024-08-22,0.3644147189834421,-1.0,0.27117056203311585,1.715554933645111,0.15806579941858723,0.00046955607782672715,1.0
2024-08-23,0.6551030858744077,1.0,0.3102061717488154,2.1000583219246827,0.14771312230248657,0.007551387144671073,1.0
2024-08-26,0.4806499490767258,-1.0,0.038700101846548374,0.26200371273715645,0.14770821925478791,0.0002858944102370753,1.0
2024-08-27,0.47505875232673145,-1.0,0.049882495346537103,0.3376337103421,0.14774145418120352,0.0013830024432652799,1.0
2024-08-28,0.4394732576162452,-1.0,0.12105348476750954,0.8190179511055063,0.1478032131092025,0.00397565940632294,1.0
2024-08-29,0.5427543871749457,1.0,0.08550877434989146,0.5777377459398202,0.148006210345132,0.003337760073577778,1.0
2024-08-30,0.6109757585426103,1.0,0.22195151708522065,1.576241026003163,0.14081064597589993,0.001695950113232314,1.0
2024-09-04,0.5486076448088429,1.0,0.09721528961768588,1.0130521672757211,0.09596276752372508,-0.0021270784221717465,-1.0
2024-09-05,0.5245387629046279,1.0,0.04907752580925573,0.45890623791750607,0.10694456024822659,-0.011650350298901935,-1.0
2024-09-06,0.40172020581220885,-1.0,0.1965595883755823,1.9785575014566954,0.09934489557713994,0.003390048695012693,1.0
2024-09-10,0.5877381128254211,1.0,0.1754762256508422,1.8145067227900922,0.09670739901201338,-0.004897963449619458,-1.0
2024-09-11,0.5763378222776679,1.0,0.1526756445553359,1.3799942643455614,0.11063498486911444,0.01887963282727112,1.0
2024-09-12,0.6451147337046945,1.0,0.29022946740938904,2.619513556200094,0.11079517673136241,-0.0012761636040355961,-1.0
2024-09-13,0.6413289168875158,1.0,0.2826578337750316,2.726203901374575,0.1036818389235351,0.0010746751326089488,1.0
2024-09-16,0.5281475057835698,1.0,0.056295011567139674,0.5443265148246765,0.10342140247434368,0.0013709866056039743,1.0
2024-09-17,0.538114362858099,1.0,0.07622872571619799,0.8448697953424386,0.09022541240843072,-0.0016129951842196455,-1.0
2024-09-18,0.4842735639326683,-1.0,0.03145287213466341,0.34863520269444365,0.09021714356891788,0.0015072376499098983,1.0
2024-09-19,0.6130561799484121,1.0,0.2261123598968242,2.239324576780533,0.10097346416029826,0.014760441377741573,1.0
2024-09-20,0.5781256334946836,1.0,0.1562512669893672,1.5354656645501001,0.1017614855198665,0.005742385099666292,1.0
2024-09-23,0.5074515989790522,1.0,0.014903197958104464,0.14603700574726008,0.10205083212878784,5.2030021699067674e-05,1.0
2024-09-24,0.559062703881246,1.0,0.11812540776249203,1.1598131995129108,0.10184864925843352,0.0024575565157058943,1.0
2024-09-25,0.4681995860562161,-1.0,0.06360082788756782,0.6218385251826748,0.10227868700943558,0.008148714241454025,1.0
2024-09-26,0.5873594747143495,1.0,0.17471894942869892,1.6978696598177263,0.1029048068668921,-0.0014152231703233875,-1.0
2024-09-27,0.6024625145619328,1.0,0.20492502912386557,1.7353018661570405,0.11809186235573399,-0.014060900852023384,-1.0
2024-09-30,0.48184553408735065,-1.0,0.03630893182529871,0.30794380391449894,0.11790765511028088,-0.0005404401234794243,-1.0
2024-10-01,0.4803957988522351,-1.0,0.0392084022955298,0.27640068204336526,0.14185349328978242,-0.021196375260987388,-1.0
2024-10-03,0.39582931021869444,-1.0,0.20834137956261112,1.4321841556867811,0.14547108256668592,-0.009326695880144675,-1.0
2024-10-04,0.4719157162832976,-1.0,0.056168567433404815,0.3787418211785735,0.14830305050183992,-0.008748875168602677,-1.0
2024-10-07,0.3959669524131667,-1.0,0.2080660951736666,1.4221008186362791,0.14630896237946842,0.00876764730346924,1.0
2024-10-08,0.5592934377807982,1.0,0.11858687556159642,0.812941292112166,0.14587384933232586,-0.0012473907279866303,-1.0
2024-10-09,0.49123329763115625,-1.0,0.017533404737687497,0.12111372123270392,0.1447681118145102,0.0006604768849507447,1.0
2024-10-10,0.45838142169012536,-1.0,0.08323715661974929,0.656193110268159,0.1268485683821546,-0.0013680536120755926,-1.0
2024-10-11,0.5914191122833223,1.0,0.18283822456664467,1.4119978527260817,0.12948902451490774,0.006557345754428789,1.0
2024-10-14,0.5409258148024031,1.0,0.08185162960480619,0.631434822828424,0.1296279942847676,-0.0028096049048969007,-1.0
2024-10-15,0.5069895539880495,1.0,0.013979107976098915,0.1077191963231095,0.1297736007439921,-0.0034340754096676696,-1.0
2024-10-16,0.5710198347199412,1.0,0.14203966943988244,1.0691392614202422,0.13285422635326036,-0.008868227322834543,-1.0
2024-10-17,0.4483400231180016,-1.0,0.10331995376399683,0.7714375692013422,0.13393171124782324,0.004210173941240125,1.0
2024-10-18,0.5758626963280534,1.0,0.15172539265610685,1.2623496155303997,0.12019284577700497,-0.00293518237799828,-1.0
2024-10-21,0.39926917338829165,-1.0,0.2014616532234167,1.6504048956310533,0.12206801722215278,-0.012469180337869368,-1.0
2024-10-22,0.4521507915783806,-1.0,0.09569841684323876,0.786357723645386,0.12169832375982956,-0.001495564743491773,-1.0
2024-10-23,0.4017836231644885,-1.0,0.19643275367102297,1.6346398543796852,0.12016882687934063,-0.0014773427748562273,-1.0
2024-10-24,0.5649208657784138,1.0,0.12984173155682766,1.138798210147288,0.1140164520806846,-0.008959220549493163,-1.0
2024-10-25,0.5014411149946092,1.0,0.002882229989218388,0.02406327757416327,0.11977711599491488,0.0065485676346082045,1.0
2024-10-28,0.5462081268390686,1.0,0.09241625367813722,0.7898273901805789,0.11700816510935132,0.0052466588480091225,1.0
2024-10-29,0.577394161641768,1.0,0.1547883232835361,1.3223792596627069,0.11705289700552111,-0.005149825253829232,-1.0
2024-10-30,0.49609270598542454,-1.0,0.007814588029150915,0.08154679616903972,0.09582949173075941,-0.005566773640794054,-1.0
2024-10-31,0.3650806330189785,-1.0,0.26983873396204305,2.8639812661889317,0.09421805133562011,0.004090004961616156,1.0
2024-11-01,0.4442611379873457,-1.0,0.11147772402530864,1.1234801728965373,0.09922535948088758,-0.0127137736646451,-1.0
2024-11-04,0.5003459353504106,1.0,0.0006918707008212177,0.0069417077855095785,0.09966865823212244,0.00908305881860727,1.0
2024-11-05,0.6368551156272995,1.0,0.2737102312545989,2.4988041359309863,0.10953648880232142,0.011181870759630508,1.0
2024-11-06,0.6953781926798563,1.0,0.3907563853597127,3.3800291679912524,0.11560740039173649,-0.011628025706147627,-1.0
2024-11-07,0.5773366305069096,1.0,0.15467326101381929,1.3377952150182562,0.1156180402481919,-0.002113709312467793,-1.0
2024-11-08,0.5371805315650628,1.0,0.07436106313012569,0.6658931337593181,0.11167116667853032,-0.00028567088740283353,-1.0
2024-11-11,0.5486661601413084,1.0,0.09733232028261685,0.8400429938106329,0.115865879484447,-0.010680930776533315,-1.0
2024-11-12,0.32088601851751414,-1.0,0.3582279629649717,2.9240596533806134,0.1225104838578827,-0.013582562322921432,-1.0
2024-11-13,0.4413053878859917,-1.0,0.11738922422801656,0.9737171913120612,0.12055782241025992,-0.0011185324376894457,-1.0
2024-11-14,0.4377072090533456,-1.0,0.12458558189330882,1.056320129402059,0.11794301597171285,-0.0033527151631265184,-1.0
2024-11-18,0.49485694496022914,-1.0,0.010286110079541722,0.08598963044741545,0.11962035452439702,0.002758581406631766,1.0
2024-11-19,0.5593850339478331,1.0,0.11877006789566624,1.0309063291745255,0.1152093692069663,-0.007168807933116472,-1.0
2024-11-21,0.5163574063228386,1.0,0.032714812645677105,0.22089458542909546,0.14810146922400763,0.023869464111237804,1.0
2024-11-22,0.6527078196754671,1.0,0.3054156393509342,1.952483042240344,0.1564242212318987,0.013161295867362366,1.0
2024-11-25,0.7470941575075954,1.0,0.4941883150151909,3.2274035097091947,0.15312256850700387,-0.0011312238174179257,-1.0
2024-11-26,0.4913759247804831,-1.0,0.017248150439033827,0.11367287479977266,0.15173497168445257,0.003323085437806128,1.0
2024-11-27,0.5802007889359215,1.0,0.16040157787184306,1.0089943207446688,0.15897173509704374,-0.014861029054492936,-1.0
2024-12-02,0.5410588852942776,1.0,0.08211777058855518,0.510068199530502,0.16099370763388388,0.007460011144599932,1.0
2024-12-03,0.5437654157455559,1.0,0.08753083149111185,0.547493365682436,0.15987560211256072,0.00042109681465385407,1.0
2024-12-04,0.6085647369579247,1.0,0.21712947391584936,1.3306129625227308,0.1631800380962696,0.009847825562885104,1.0
2024-12-06,0.5902662466445786,1.0,0.18053249328915721,1.1544509985208833,0.15637952023988957,-0.0023827399277279726,-1.0
2024-12-09,0.4712190664618585,-1.0,0.05756186707628297,0.37578601417868207,0.15317724690231005,-0.0003635086213900074,-1.0
2024-12-10,0.515752312951774,1.0,0.03150462590354808,0.21334636516546518,0.14766891331433754,0.0012901233029631864,1.0
2024-12-11,0.5660634787106684,1.0,0.13212695742133684,0.9289681425845784,0.14222980462358242,-0.003778196379659149,-1.0
2024-12-12,0.43799125342016987,-1.0,0.12401749315966026,0.8531438399721535,0.1453652799787058,0.008945547808588916,1.0
2024-12-13,0.49115236707592913,-1.0,0.01769526584814174,0.12096616530101138,0.14628277092283581,-0.004039468921733236,-1.0
2024-12-16,0.5413212908862496,1.0,0.08264258177249917,0.5531888264132044,0.149393078505113,-0.013468730047733413,-1.0
2024-12-17,0.4335327443901632,-1.0,0.1329345112196736,0.9355705248553449,0.14208924681570909,-0.005635699812006956,-1.0
2024-12-18,0.20212469247538306,-1.0,0.5957506150492339,4.047242344577445,0.14719914557314054,-0.010213311567061067,-1.0
2024-12-19,0.40620758207813135,-1.0,0.1875848358437373,1.1968368256940383,0.15673384359221904,-0.01520556915080562,-1.0
2024-12-20,0.5713684080142533,1.0,0.14273681602850652,0.9000576646406238,0.15858630134047985,0.0070354729729729115,1.0
2024-12-23,0.4530599190711507,-1.0,0.09388016185769865,0.5999931999247081,0.1564687097611764,-0.0010861087115143775,-1.0
2024-12-24,0.5322286322742502,1.0,0.06445726454850043,0.4989899419597074,0.12917547855845407,0.0009503186263191132,1.0
2024-12-26,0.5291643250493941,1.0,0.05832865009878829,0.4906093001277985,0.11889022503975016,0.002661079652128029,1.0
2024-12-27,0.3926929623026141,-1.0,0.21461407539477184,1.781034088680069,0.12049970113363924,-0.007075847935867907,-1.0
2024-12-30,0.5186980326561578,1.0,0.03739606531231554,0.30906342700830897,0.12099802837981917,0.0041446569188701154,1.0
