date,P_up_can,P_up_ens,sign_can,sign_ens,fP,fP_vol,vol20d,ret,ret_sign
2021-01-04,0.5685726300538384,0.5763563050194879,1.0,1.0,0.1371452601076768,1.2872916040061488,0.1065378346917438,0.005604592,1.0
2021-01-05,0.5441869213104767,0.5406782025096643,1.0,1.0,0.08837384262095349,0.7962675620243279,0.11098510957332386,0.009665868,1.0
2021-01-06,0.44971431981405985,0.4484683644401616,-1.0,-1.0,0.1005713603718803,0.8598423384381404,0.11696488516088081,0.013013333,1.0
2021-01-07,0.5577987128066941,0.5566879957683948,1.0,1.0,0.11559742561338826,1.0467764123694072,0.11043182120595392,0.004527746,1.0
2021-01-08,0.5676010071910855,0.5614511236010319,1.0,1.0,0.13520201438217105,1.2009268363795105,0.11258139154402677,-0.004874214,-1.0
2021-01-11,0.5264398248416191,0.5245640662667391,1.0,1.0,0.05287964968323822,0.4712502704638818,0.11221139381243303,-0.001922368,-1.0
2021-01-12,0.5368552183210802,0.5462048421521833,1.0,1.0,0.07371043664216037,0.65826808489631,0.11197631836240579,0.0044589853,1.0
2021-01-13,0.5614697623979766,0.5547498671650122,1.0,1.0,0.12293952479595327,1.0953971792385708,0.11223282944859382,-0.0064355135,-1.0
2021-01-14,0.5337133449399395,0.5446494674756812,1.0,1.0,0.06742668987987899,0.5687288388028298,0.11855683285168322,-0.009861203,-1.0
2021-01-15,0.5731889327746071,0.5714286392044193,1.0,1.0,0.14637786554921428,1.1635319195596359,0.12580477001835427,0.012789704,1.0
2021-01-19,0.5377142937529878,0.5253433482976544,1.0,1.0,0.0754285875059757,0.5709830158068826,0.13210303182027938,0.013867285,1.0
2021-01-20,0.5570777975140323,0.5476399255129325,1.0,1.0,0.1141555950280646,0.8973903247501633,0.1272084085148187,-0.0020542424,-1.0
2021-01-21,0.5716053442645971,0.5732758645603528,1.0,1.0,0.14321068852919416,1.140304649732908,0.12558984878535592,-0.0027098858,-1.0
2021-01-22,0.5390088098652542,0.545799302697598,1.0,1.0,0.07801761973050847,0.6269918511235583,0.12443163270894556,0.0026388671,1.0
2021-01-25,0.5655872052420367,0.5671173793717372,1.0,1.0,0.1311744104840733,1.0542785176943241,0.12442102184814299,0.001198697,1.0
2021-01-26,0.548186180607803,0.5460914630122125,1.0,1.0,0.096372361215606,0.579095128749448,0.1664188773677331,-0.031102782,-1.0
2021-01-27,0.5975208879205829,0.6186419494141839,1.0,1.0,0.19504177584116578,1.1534288884731072,0.16909735640431142,0.010019879,1.0
2021-01-28,0.534545391466617,0.5158639483893519,1.0,1.0,0.0690907829332339,0.38255946545589237,0.1806014206207108,-0.017394079,-1.0
2021-01-29,0.5645571781541464,0.5654894571814116,1.0,1.0,0.12911435630829282,0.6743932405149052,0.191452625191962,0.018351603,1.0
2021-02-01,0.5492291299901867,0.5384431716041485,1.0,1.0,0.09845825998037339,0.5050019053643495,0.19496611583938,0.018898014,1.0
2021-02-02,0.5197482596517007,0.5021436410909368,1.0,1.0,0.03949651930340137,0.2024476459882096,0.19509497929998956,-0.0026086504,-1.0
2021-02-03,0.5299826257358509,0.5364341359894126,1.0,1.0,0.05996525147170173,0.30751274882349217,0.19500086321988852,0.009494168,1.0
2021-02-04,0.5203705229152821,0.5201483609395696,1.0,1.0,0.04074104583056415,0.21332187969767932,0.19098390604987417,0.0057517425,1.0
2021-02-05,0.5003334598829846,0.504348383621843,1.0,1.0,0.0006669197659692205,0.0034847224733664233,0.1913838967282067,0.0059506944,1.0
2021-02-08,0.5062084160985627,0.5090743259307855,1.0,1.0,0.012416832197125416,0.06533042087480329,0.190062026707597,0.0004609475,1.0
2021-02-09,0.5181219542779784,0.5149987831331228,1.0,1.0,0.036243908555956716,0.1901635345718022,0.19059336816371433,-0.0037114774,-1.0
2021-02-10,0.5348224184041981,0.5320139946851714,1.0,1.0,0.06964483680839617,0.3658407366220277,0.19036927776676352,0.0031343936,1.0
2021-02-11,0.5208699985453555,0.5135906911467822,1.0,1.0,0.04173999709071108,0.22085488014138258,0.18899286746116173,0.0067870407,1.0
2021-02-12,0.5009400649412826,0.49385487683634705,1.0,-1.0,0.0018801298825652513,0.010145653187566647,0.18531383320586234,-0.004197405,-1.0
2021-02-16,0.524749975749496,0.5171434732863883,1.0,1.0,0.049499951498992,0.27300515366371697,0.18131508081332848,0.004189552,1.0
2021-02-17,0.5104452180576519,0.48910386062991834,1.0,-1.0,0.020890436115303723,0.11746061611911912,0.17785055796164326,-0.0066142613,-1.0
2021-02-18,0.550150237617554,0.5494134885505961,1.0,1.0,0.10030047523510799,0.5639803850212277,0.1778439071623613,-0.0020230992,-1.0
2021-02-19,0.5069639243245094,0.5108442784117023,1.0,1.0,0.013927848649018859,0.07737192088010798,0.18001166948667102,-0.007672569,-1.0
2021-02-22,0.5001210802828007,0.4902974461245215,1.0,-1.0,0.0002421605656013348,0.0013464059885459011,0.17985701761685174,0.0010085077,1.0
2021-02-23,0.5383493929680988,0.5300198214375218,1.0,1.0,0.07669878593619761,0.4114415229084503,0.18641479205603617,0.014285714,1.0
2021-02-24,0.4986969197404562,0.4883128586772222,-1.0,-1.0,0.0026061605190875747,0.014740376338497532,0.176804204942926,-0.026742734,-1.0
2021-02-25,0.5741577182713191,0.5715790303623886,1.0,1.0,0.14831543654263823,0.8440606631271306,0.17571656045804765,-0.006332923,-1.0
2021-02-26,0.6185550346132299,0.6061696442083165,1.0,1.0,0.23711006922645983,1.2723948079224816,0.18634944731785272,0.027231308,1.0
2021-03-01,0.5193900693868876,0.526229299461895,1.0,1.0,0.038780138773775175,0.21643320470927493,0.17917832351956717,-0.005819767,-1.0
2021-03-02,0.5464266474238552,0.5459151070465582,1.0,1.0,0.09285329484771032,0.5180749116681891,0.17922754558549242,-0.01761308,-1.0
2021-03-03,0.5348328377368528,0.5378871436773424,1.0,1.0,0.0696656754737055,0.3659514611823679,0.1903686222446544,-0.018375115,-1.0
2021-03-04,0.5843373423308605,0.5823890725384531,1.0,1.0,0.16867468466172109,0.7968415618741611,0.21167907490292098,0.026741544,1.0
2021-03-05,0.49294768629652597,0.47145560184811935,-1.0,-1.0,0.014104627406948067,0.0669881180590682,0.21055416715112094,-0.0016147936,-1.0
2021-03-08,0.4771269464037394,0.4628373755662213,-1.0,-1.0,0.045746107192521146,0.21533884470246167,0.21243778499754434,0.009600083,1.0
2021-03-09,0.6132612422840843,0.6139847806458322,1.0,1.0,0.2265224845681686,1.0601665153161322,0.2136668922245876,0.006098034,1.0
2021-03-10,0.49703387061429943,0.4978577775617058,-1.0,-1.0,0.005932258771401133,0.02729560417316773,0.2173338510393807,0.011942368,1.0
2021-03-11,0.5282498997759402,0.5418635406409309,1.0,1.0,0.056499799551880336,0.2601870843835441,0.21715066943366595,7.613827e-05,1.0
2021-03-12,0.4813131342161644,0.47905801290081407,-1.0,-1.0,0.03737373156767121,0.17263282548416653,0.21649261351572466,0.0047455905,1.0
2021-03-15,0.5327697689254588,0.5314866117218509,1.0,1.0,0.0655395378509176,0.3037092498496504,0.21579697649433655,0.0008335017,1.0
2021-03-16,0.5397718847159108,0.5324638354050892,1.0,1.0,0.07954376943182151,0.3685090955343195,0.21585293387802837,0.0044416403,1.0
2021-03-17,0.5043220443183661,0.503449479623046,1.0,1.0,0.008644088636732272,0.0389335575060887,0.22202154620420828,-0.015451873,-1.0
2021-03-18,0.5082997033925838,0.4902698639451657,1.0,-1.0,0.01659940678516758,0.07429708128332851,0.2234193658545819,-0.007043332,-1.0
2021-03-19,0.5547394397328935,0.5541565607079582,1.0,1.0,0.10947887946578705,0.48762707295220636,0.22451353819011063,0.0106399385,1.0
2021-03-22,0.5584860514594386,0.5386783320082162,1.0,1.0,0.11697210291887727,0.5138812943382068,0.2276247534355532,-0.00963788,-1.0
2021-03-23,0.5818746590436729,0.5690259413067914,1.0,1.0,0.16374931808734572,0.7379158866776495,0.22190783671103942,-0.0034407498,-1.0
2021-03-24,0.5210437603627134,0.4980429783596619,1.0,-1.0,0.042087520725426764,0.21069588103492992,0.19975483392790835,0.0056427303,1.0
2021-03-25,0.49248842780529206,0.49513658653205717,-1.0,-1.0,0.015023144389415877,0.07421420917292396,0.2024294883262984,0.013656162,1.0
2021-03-26,0.5149495516119091,0.5065960464010777,1.0,1.0,0.02989910322381828,0.1666535238063928,0.1794087670090499,0.001415464,1.0
2021-03-29,0.5456776135651256,0.5268377129128566,1.0,1.0,0.09135522713025113,0.5114947927096949,0.1786044128548947,-0.0039375047,-1.0
2021-03-30,0.5282521023299804,0.529063739932538,1.0,1.0,0.056504204659960866,0.3424593969686009,0.16499534006112138,0.0050933785,1.0
2021-03-31,0.5494779448226944,0.5553911314293307,1.0,1.0,0.09895588964538882,0.6630955727255011,0.14923322325717467,0.011521783,1.0
2021-04-01,0.5507926042766375,0.5451054961100014,1.0,1.0,0.10158520855327491,0.792587907359217,0.12816901142453896,0.01380823,1.0
2021-04-05,0.5355701705712314,0.5222648420987561,1.0,1.0,0.0711403411424627,0.5577298262645407,0.12755340989907832,-4.9170252e-05,-1.0
2021-04-06,0.533711932022109,0.5363900922327075,1.0,1.0,0.06742386404421796,0.5387287229155358,0.125153646308903,0.0022373565,1.0
2021-04-07,0.5296909194849466,0.5278919946241964,1.0,1.0,0.05938183896989324,0.4761295802171289,0.12471781094300714,0.0046119126,1.0
2021-04-08,0.5320554924336075,0.5314322621352107,1.0,1.0,0.064110984867215,0.5355278016375562,0.11971551182062654,0.0028325845,1.0
2021-04-09,0.5240373111634188,0.5185046858070554,1.0,1.0,0.04807462232683757,0.4023698665039378,0.11947868448634706,0.002410636,1.0
2021-04-12,0.5125974377970122,0.5028290940136746,1.0,1.0,0.025194875594024335,0.21152907323974623,0.11910833441542365,0.0023562561,1.0
2021-04-13,0.5519118607256587,0.5507188285888115,1.0,1.0,0.10382372145131735,0.8657513236088593,0.1199232604329511,-0.0019872044,-1.0
2021-04-14,0.48894840701957315,0.4877820177485893,-1.0,-1.0,0.0221031859608537,0.17999678644610373,0.12279766987657881,0.009712981,1.0
2021-04-15,0.5398695236080556,0.5364922334931163,1.0,1.0,0.07973904721611125,0.7697895791631334,0.1035855113845507,0.0022365446,1.0
2021-04-16,0.5155328255491004,0.5136871790643511,1.0,1.0,0.03106565109820081,0.3144091660387022,0.09880644222177917,-0.0024715057,-1.0
2021-04-19,0.522604219918339,0.5163988842390391,1.0,1.0,0.045208439836678105,0.43207689370160873,0.1046305426086935,-0.009429424,-1.0
2021-04-20,0.5669451038719427,0.5668962009598981,1.0,1.0,0.1338902077438855,1.3941976330810073,0.09603387967888341,0.0076250606,1.0
2021-04-21,0.5241987083013416,0.5262074512593208,1.0,1.0,0.04839741660268326,0.4920143532834172,0.09836586327148202,-0.0056634694,-1.0
2021-04-22,0.5424643197095302,0.5377717179199462,1.0,1.0,0.08492863941906048,0.8481639485842887,0.10013233828296872,0.008870792,1.0
2021-04-23,0.5371832729506191,0.5341386119398909,1.0,1.0,0.07436654590123815,0.8048773511182391,0.09239487954024123,0.004084084,1.0
2021-04-26,0.5432565412444146,0.5419999817265154,1.0,1.0,0.08651308248882916,0.9289811316903888,0.09312684567813405,-0.00074171554,-1.0
2021-04-27,0.5318321855537205,0.5295007827196131,1.0,1.0,0.06366437110744094,0.7083164265438503,0.08988125747426758,0.0019873576,1.0
2021-04-28,0.5342956490769759,0.5295540553216638,1.0,1.0,0.06859129815395182,0.7658465840077958,0.08956271345496215,0.0021028987,1.0
2021-04-29,0.5539152427212906,0.5506082687003835,1.0,1.0,0.10783048544258111,1.2363926612744534,0.08721378638031643,-0.0048169787,-1.0
2021-04-30,0.5612340308861774,0.5554717056997304,1.0,1.0,0.12246806177235481,1.6277138621529508,0.07523930625642537,0.0006709319,1.0
2021-05-03,0.5360342201494276,0.5327605546871524,1.0,1.0,0.07206844029885517,0.9205863691349961,0.07828536540962726,-0.004860995,-1.0
2021-05-04,0.5342485295583576,0.5220053847412631,1.0,1.0,0.06849705911671511,0.875759059159613,0.07821450249392288,0.00026469032,1.0
2021-05-05,0.5494768358467544,0.5409700311527639,1.0,1.0,0.09895367169350888,1.2149024507598716,0.08144989059131244,0.008251341,1.0
2021-05-06,0.5500474810480512,0.5378828081729844,1.0,1.0,0.10009496209610247,1.1815711482991664,0.08471344467084012,0.00787364,1.0
2021-05-07,0.5346853824363574,0.5276326999004286,1.0,1.0,0.06937076487271487,0.7330225799191233,0.09463660025366308,-0.010558212,-1.0
2021-05-10,0.5307125519319331,0.5244790609592587,1.0,1.0,0.06142510386386624,0.6119657998384865,0.100373425900725,-0.008876448,-1.0
2021-05-11,0.5755646435169868,0.5829079147737689,1.0,1.0,0.15112928703397355,1.2339454747058782,0.12247647090727129,-0.01957755,-1.0
2021-05-12,0.5694352800085375,0.5657360255170786,1.0,1.0,0.13887056001707498,1.108843546755647,0.12523909294813937,0.011966317,1.0
2021-05-13,0.5327716837302633,0.5215468124894501,1.0,1.0,0.06554336746052658,0.4760995697909895,0.13766735283818993,0.0156691,1.0
2021-05-14,0.5529726943095717,0.5364235886519217,1.0,1.0,0.10594538861914349,0.7689336211825595,0.13778222944161006,-0.0028986202,-1.0
2021-05-17,0.5413158154067623,0.5345303197800992,1.0,1.0,0.08263163081352465,0.5809530957333203,0.14223459935129723,-0.013526175,-1.0
2021-05-18,0.579332958506981,0.5865931942604756,1.0,1.0,0.15866591701396193,1.1385421047409388,0.1393588487885254,-0.0019240136,-1.0
2021-05-19,0.5604404259538551,0.5544895166862273,1.0,1.0,0.12088085190771025,0.8168610824219574,0.147982141038356,0.014689734,1.0
2021-05-20,0.5540137820487807,0.5437644271706801,1.0,1.0,0.10802756409756142,0.7469667557957946,0.144621649168941,-0.0009378833,-1.0
2021-05-21,0.5338317875054279,0.5250165847781241,1.0,1.0,0.06766357501085585,0.45470025547341925,0.14880918626361164,0.010518968,1.0
2021-05-24,0.5500453840096367,0.5390077140086812,1.0,1.0,0.1000907680192733,0.6720550093680198,0.14893240378253506,-0.0016912413,-1.0
2021-05-25,0.5576428049581902,0.5536642897793008,1.0,1.0,0.11528560991638037,0.774816469924247,0.14879086130893904,-0.00023860653,-1.0
2021-05-26,0.5265211425175002,0.5330148742862191,1.0,1.0,0.0530422850350003,0.35435960734995997,0.14968490746355462,0.005059666,1.0
2021-05-27,0.4977386152925755,0.48627663145658256,-1.0,-1.0,0.0045227694148489705,0.03037771303847169,0.14888446043061682,-0.0025645897,-1.0
2021-05-28,0.5494962540997478,0.5538555815139703,1.0,1.0,0.09899250819949557,0.6640546108851222,0.14907284216812813,-0.0017855442,-1.0
2021-06-01,0.5216950073058424,0.5153952461513424,1.0,1.0,0.04339001461168479,0.2928693084103982,0.14815487101462438,0.0031958788,1.0
2021-06-02,0.5317469995500919,0.5232924187182904,1.0,1.0,0.06349399910018372,0.4241682549953658,0.14969059648482513,-0.005372893,-1.0
2021-06-03,0.5292746174513624,0.5187246580316213,1.0,1.0,0.05854923490272479,0.3873092212124222,0.15116922524964385,0.010158472,1.0
2021-06-04,0.5523490000815938,0.5381991799226331,1.0,1.0,0.10469800016318764,0.7043674163834895,0.14864117465959742,-0.00080450525,-1.0
2021-06-07,0.5314470916289199,0.5317191283192568,1.0,1.0,0.0628941832578398,0.4389300541423319,0.14328976260405513,0.0002368097,1.0
2021-06-08,0.5317287634548262,0.5307652829955087,1.0,1.0,0.06345752690965245,0.45612666102838983,0.1391225997765186,-0.0012547943,-1.0
2021-06-09,0.5512896177937148,0.5443418526221907,1.0,1.0,0.10257923558742954,0.8821963434515636,0.11627710355961318,0.003935048,1.0
2021-06-10,0.5628356307591487,0.5577214172429701,1.0,1.0,0.12567126151829733,1.1391436991183892,0.11032081520141608,0.0021250974,1.0
2021-06-11,0.5318873237091843,0.5303816733365556,1.0,1.0,0.06377464741836869,0.6568932365395379,0.09708525506264691,0.0016234302,1.0
2021-06-14,0.5584643214490733,0.5545403042291037,1.0,1.0,0.11692864289814664,1.2117371847592957,0.09649670272467029,-0.0015502272,-1.0
2021-06-15,0.5322108308095967,0.528004728087577,1.0,1.0,0.0644216616191935,0.7200792750344855,0.08946467958838039,-0.009636226,-1.0
2021-06-16,0.565845995848267,0.5594678248471519,1.0,1.0,0.131691991696534,1.4717494809397123,0.08947989681807032,0.004662781,1.0
2021-06-17,0.5873215576259879,0.5724545209307251,1.0,1.0,0.17464311525197584,1.6369849767361553,0.10668583874250444,-0.02062466,-1.0
2021-06-18,0.6198793947686818,0.6239339006451183,1.0,1.0,0.23975878953736363,1.911102500624007,0.12545574581116312,0.01839942,1.0
2021-06-21,0.4823753976715919,0.46986917175123377,-1.0,-1.0,0.035249204656816246,0.29108562896214946,0.12109565416367492,0.0047957078,1.0
2021-06-22,0.555467551038315,0.5460852398840166,1.0,1.0,0.11093510207663004,0.9177978579907725,0.12087095334858079,-0.00028353377,-1.0
2021-06-23,0.5413580270774834,0.5376741184627682,1.0,1.0,0.08271605415496674,0.6776169924339026,0.12206903764007244,0.0054123043,1.0
2021-06-24,0.5336288743837088,0.5272122885228516,1.0,1.0,0.06725774876741752,0.5537322030170767,0.12146259220784987,0.0034790784,1.0
2021-06-25,0.5186454224882743,0.5136375755009147,1.0,1.0,0.037290844976548554,0.3085799040617699,0.12084664129354279,0.0007496252,1.0
2021-06-28,0.5829633158522559,0.5786496514615694,1.0,1.0,0.16592663170451183,1.3764497330674048,0.12054681527290209,0.0024578653,1.0
2021-06-29,0.5441663852670663,0.5332319532789747,1.0,1.0,0.08833277053413258,0.7342822558972686,0.12029811400820636,0.0014010508,1.0
2021-06-30,0.5302434919594783,0.5251178544567612,1.0,1.0,0.06048698391895657,0.5117848855712053,0.11818829673222334,0.003567681,1.0
2021-07-01,0.516866015428335,0.5057994764910145,1.0,1.0,0.03373203085666998,0.29221816808540707,0.1154344066889471,0.0067382315,1.0
2021-07-02,0.550677860853077,0.5409366567530325,1.0,1.0,0.10135572170615403,0.8736749488010891,0.11601079079266338,-0.002538774,-1.0
2021-07-06,0.5680516924361694,0.5632417759521594,1.0,1.0,0.13610338487233875,1.1646627621751562,0.11686076802021929,0.0053218566,1.0
2021-07-07,0.5286944456912983,0.5166586013945152,1.0,1.0,0.05738889138259662,0.46606533490192603,0.12313486347289258,-0.00971276,-1.0
2021-07-08,0.5584637811687547,0.5645222033713171,1.0,1.0,0.11692756233750945,0.9032537774892334,0.12945150659932136,0.012527309,1.0
2021-07-09,0.48057635843157154,0.4733649337465101,-1.0,-1.0,0.038847283136856925,0.29965158300450845,0.12964150813871203,0.0035119937,1.0
2021-07-12,0.5272119424528329,0.5197384481245098,1.0,1.0,0.05442388490566574,0.4133627920315841,0.13166130564917256,-0.0049636303,-1.0
2021-07-13,0.5561517853341249,0.5471882823172278,1.0,1.0,0.11230357066824981,0.85487657208231,0.13136816978701446,0.002804533,1.0
2021-07-14,0.5481411369662818,0.533200873363356,1.0,1.0,0.0962822739325635,0.7544094552935711,0.12762601695533654,-0.005639227,-1.0
2021-07-15,0.5490870590727591,0.5478681512422339,1.0,1.0,0.09817411814551824,0.7572547216964538,0.12964477517628661,-0.005740369,-1.0
2021-07-16,0.5444168557410811,0.5372382709379508,1.0,1.0,0.08883371148216224,0.7766778753722611,0.11437651863017768,-0.0128222965,-1.0
2021-07-19,0.5981984063508334,0.5987071391738292,1.0,1.0,0.19639681270166687,1.8245750980867974,0.1076397528978684,0.014679977,1.0
2021-07-20,0.5042799549174125,0.5022569713909281,1.0,1.0,0.008559909834825019,0.07869725329645834,0.10877012190729464,0.006851852,1.0
2021-07-21,0.5256512381663355,0.5200890125944065,1.0,1.0,0.05130247633267104,0.47137121913675967,0.10883667532061726,0.0035405555,1.0
2021-07-22,0.5704111683458409,0.5522831040543708,1.0,1.0,0.14082233669168187,1.2882978681612214,0.10930883312931086,0.006323024,1.0
2021-07-23,0.546006932698643,0.5431743043115475,1.0,1.0,0.09201386539728595,0.8420005435485689,0.10928005462977275,0.0033465375,1.0
2021-07-26,0.5317215869391813,0.5320220116685284,1.0,1.0,0.06344317387836251,0.5694386483445272,0.11141353693291559,-0.0045152362,-1.0
2021-07-27,0.5439227269485759,0.5371346765105925,1.0,1.0,0.08784545389715182,0.7887003635239085,0.11138000939248824,0.0004330583,1.0
2021-07-28,0.5378816460126736,0.5369077063898944,1.0,1.0,0.07576329202534726,0.6773223913512765,0.11185706096944092,-0.0016631354,-1.0
2021-07-29,0.5423343095956548,0.5467667689219471,1.0,1.0,0.08466861919130952,0.759172267333743,0.1115275449782572,0.0019169329,1.0
2021-07-30,0.5319855239366337,0.5202488627437144,1.0,1.0,0.06397104787326735,0.5821858807784079,0.10988079578250037,-0.0019815962,-1.0
2021-08-02,0.5621656848722439,0.5591895513336751,1.0,1.0,0.12433136974448789,1.1267949855323245,0.1103407197767665,0.005089349,1.0
2021-08-03,0.5408035283577304,0.5334456383720888,1.0,1.0,0.08160705671546076,0.7438400849941135,0.10971048530694144,-0.0024296094,-1.0
2021-08-04,0.5637541862885921,0.5545476186933946,1.0,1.0,0.12750837257718417,1.2325249629289543,0.1034529737021919,0.0045068627,1.0
2021-08-05,0.5287588933094659,0.527584347608533,1.0,1.0,0.05751778661893181,0.60710803117408,0.09474061232182805,0.0024019396,1.0
2021-08-06,0.5094605649406301,0.5035676100336641,1.0,1.0,0.018921129881260157,0.20066008517793377,0.09429443760318347,-0.0006103488,-1.0
2021-08-09,0.5548057323794481,0.5464310103525803,1.0,1.0,0.10961146475889616,1.1914720868197513,0.0919966703135014,0.0006785795,1.0
2021-08-10,0.5298405548750673,0.5212260515845413,1.0,1.0,0.05968110975013463,0.6490353389888162,0.0919535596368552,0.0026446655,1.0
2021-08-11,0.5309184383739959,0.5267749636049766,1.0,1.0,0.061836876747991765,0.6953429046576028,0.08893004636099819,0.0029983993,1.0
2021-08-12,0.5473647188791608,0.5360178893396771,1.0,1.0,0.09472943775832166,1.114682805078254,0.08498331303466314,0.0012362328,1.0
2021-08-13,0.5679424780494563,0.5602647311984488,1.0,1.0,0.1358849560989126,2.0701138093486335,0.06564129734570928,0.002895948,1.0
2021-08-16,0.5519258200866725,0.5497958916193506,1.0,1.0,0.10385164017334492,1.7539639259948179,0.05920967850832056,-0.00837176,-1.0
2021-08-17,0.5609061839789943,0.5617919403408306,1.0,1.0,0.12181236795798855,1.8316952218789009,0.06650253082662785,-0.009390519,-1.0
2021-08-18,0.5684586386077012,0.5674459704382926,1.0,1.0,0.13691727721540237,2.0901629467650578,0.06550555181705285,0.0006380458,1.0
2021-08-19,0.5813988634339778,0.5745140551990678,1.0,1.0,0.16279772686795568,2.275780946469087,0.07153488437476338,0.0102705415,1.0
2021-08-20,0.5385874717603348,0.5269232182031095,1.0,1.0,0.07717494352066967,0.9848570959229525,0.07836156518560256,0.009850551,1.0
2021-08-23,0.5474926839322645,0.5412318313542153,1.0,1.0,0.09498536786452894,1.2501304277565721,0.07598036633264371,-0.00046651787,-1.0
2021-08-24,0.5464513070053832,0.5476111498832081,1.0,1.0,0.0929026140107665,1.2205924303265452,0.07611272338131103,0.0024766019,1.0
2021-08-25,0.5334008638035915,0.5285733569777558,1.0,1.0,0.06680172760718306,0.8411934658015731,0.07941303674241895,-0.0057473825,-1.0
2021-08-26,0.5599473126952056,0.5563609674615241,1.0,1.0,0.11989462539041118,1.4180547888336816,0.08454865519619438,0.009119018,1.0
2021-08-27,0.5253591803260325,0.5221695603088155,1.0,1.0,0.05071836065206492,0.6017393189688749,0.08428626658296919,0.004351784,1.0
2021-08-30,0.5631865874757235,0.5552594995498256,1.0,1.0,0.12637317495144695,1.5154591252729515,0.08338936553546814,0.00019896099,1.0
2021-08-31,0.531278501746513,0.528666265460832,1.0,1.0,0.06255700349302606,0.7565700503403077,0.08268501173802442,-0.0010167094,-1.0
2021-09-01,0.542859645400509,0.5415971960152739,1.0,1.0,0.08571929080101803,1.0452536230241578,0.08200812598287152,0.0025443605,1.0
2021-09-02,0.5272923218231607,0.5220386091378846,1.0,1.0,0.05458464364632132,0.6635998629119599,0.08225535702614074,-0.00083861145,-1.0
2021-09-03,0.5477237080996598,0.5450976052203444,1.0,1.0,0.09544741619931951,1.138966334657973,0.08380178877541801,-0.0036223081,-1.0
2021-09-07,0.5597106858987618,0.5532034522311237,1.0,1.0,0.11942137179752366,1.4166961696982463,0.08429568340186887,-0.001551728,-1.0
2021-09-08,0.5534864418680571,0.5423643820804287,1.0,1.0,0.10697288373611413,1.2514146052456696,0.08548156884833057,-0.003574521,-1.0
2021-09-09,0.5586526960137478,0.5502785487722577,1.0,1.0,0.11730539202749557,1.3057688447443034,0.08983626198438391,-0.0077094473,-1.0
2021-09-10,0.5601497416809877,0.5549937297499636,1.0,1.0,0.12029948336197549,1.322402020835148,0.0909704321882401,0.004221494,1.0
2021-09-13,0.5378819454474303,0.5238125969145486,1.0,1.0,0.07576389089486057,0.8179708586640169,0.0926241932611205,-0.00559009,-1.0
2021-09-14,0.5796489443644673,0.56984148926726,1.0,1.0,0.1592978887289347,1.7412307194238963,0.09148580193992902,0.007780176,1.0
2021-09-15,0.5392125495935817,0.5274532375752907,1.0,1.0,0.07842509918716334,0.9195842178325452,0.08528321568198599,-0.0037261813,-1.0
2021-09-16,0.5656917565703731,0.5645868899189898,1.0,1.0,0.13138351314074614,1.3446687215713728,0.097706974984301,-0.012541712,-1.0
2021-09-17,0.5577249088618824,0.5641297357943482,1.0,1.0,0.11544981772376484,1.1397383002395407,0.10129502333956888,-0.013290694,-1.0
2021-09-20,0.5779510936136973,0.5706821414427703,1.0,1.0,0.15590218722739468,1.6556359900941173,0.09416453143092895,-0.005861395,-1.0
2021-09-21,0.5897040030354563,0.5861528130365323,1.0,1.0,0.17940800607091267,1.6353783934366246,0.10970427809915004,0.014104046,1.0
2021-09-22,0.5402976197900241,0.5161997863537915,1.0,1.0,0.08059523958004822,0.6858984984987974,0.11750315791103824,0.01121751,1.0
2021-09-23,0.5213856393500805,0.5156578032742359,1.0,1.0,0.042771278700161064,0.36842609789584324,0.11609188096184439,0.001555736,1.0
2021-09-24,0.5476792381374516,0.5397673963361895,1.0,1.0,0.09535847627490313,0.8556941766761109,0.1114399032669791,-0.0042322325,-1.0
2021-09-27,0.5317363013621798,0.5368900190733343,1.0,1.0,0.0634726027243595,0.5161889224539978,0.12296389938514442,-0.016797414,-1.0
2021-09-28,0.5424685475910641,0.5461725809688958,1.0,1.0,0.08493709518212822,0.6882663032814897,0.1234073130954812,0.001655553,1.0
2021-09-29,0.5525114123438299,0.539804663025905,1.0,1.0,0.10502282468765989,0.8124394963706054,0.12926848726191456,-0.0127863735,-1.0
2021-09-30,0.6006908507016578,0.6023682637245431,1.0,1.0,0.20138170140331568,1.468237974968931,0.137158760934226,0.011231252,1.0
2021-10-01,0.5315150927861279,0.516451501397401,1.0,1.0,0.0630301855722557,0.43931649104689663,0.14347329739899814,-0.014003864,-1.0
2021-10-04,0.5527573013107326,0.5502705583082419,1.0,1.0,0.10551460262146528,0.709618981422821,0.14869191127033174,0.00841904,1.0
2021-10-05,0.5534986851961866,0.5435293776384186,1.0,1.0,0.10699737039237323,0.6972427369959372,0.15345784863012019,0.008603145,1.0
2021-10-06,0.5465763578938773,0.5288155255573544,1.0,1.0,0.09315271578775453,0.5938600544010927,0.15685970978751712,0.007933596,1.0
2021-10-07,0.5222318599176838,0.5220546248639903,1.0,1.0,0.04446371983536768,0.28568972565939077,0.15563639795845816,-0.0050730244,-1.0
2021-10-08,0.5436047073925419,0.5402091852580753,1.0,1.0,0.0872094147850837,0.5599085383062534,0.15575653668167985,-0.00674517,-1.0
2021-10-11,0.5439016883602973,0.5449514123044892,1.0,1.0,0.08780337672059457,0.5648540750912302,0.15544435384734254,-0.0046040514,-1.0
2021-10-12,0.5507502102480819,0.5451884351048971,1.0,1.0,0.10150042049616381,0.652236307245886,0.15561908984299958,0.00800185,1.0
2021-10-13,0.5348981049992408,0.5200900824323624,1.0,1.0,0.06979620999848168,0.4152706491094241,0.1680740262962585,0.01684027,1.0
2021-10-14,0.5159204019808559,0.5025883729249215,1.0,1.0,0.03184080396171174,0.19532992938120233,0.16301036949423048,0.006024368,1.0
2021-10-15,0.5191834987117232,0.5046962941774492,1.0,1.0,0.0383669974234464,0.24808393300311726,0.15465329398403366,0.003184785,1.0
2021-10-18,0.5404047927152932,0.5352198604497385,1.0,1.0,0.08080958543058636,0.5246332094235068,0.1540306331720479,0.008428536,1.0
2021-10-19,0.49818373816891987,0.49789923309032236,-1.0,-1.0,0.0036325236621602697,0.024641487359434215,0.14741495142619812,0.00117501,1.0
2021-10-20,0.4975345668131633,0.5036853382055698,-1.0,1.0,0.004930866373673348,0.03449807729664253,0.14293162866074385,0.002125822,1.0
2021-10-21,0.5212028635881809,0.5121553693330763,1.0,1.0,0.04240572717636182,0.2964856228819344,0.1430279376253212,-0.00055242516,-1.0
2021-10-22,0.5022051726456093,0.48868364542911885,1.0,-1.0,0.0044103452912185315,0.030610787232550066,0.1440781400920254,0.008534159,1.0
2021-10-25,0.507150311197175,0.5064348037665465,1.0,1.0,0.014300622394350038,0.1127449689292782,0.12684044822718807,0.000657664,1.0
2021-10-26,0.5360075754970351,0.5299956504720449,1.0,1.0,0.0720151509940703,0.5600180642070153,0.12859433578458518,-0.0035271437,-1.0
2021-10-27,0.5646300137991099,0.5621830494561912,1.0,1.0,0.12926002759821986,1.1148875594108512,0.11593996767398297,0.004726833,1.0
2021-10-28,0.5211054928241288,0.5265650170432659,1.0,1.0,0.04221098564825754,0.37535227340533867,0.11245698678018762,0.005908096,1.0
2021-10-29,0.5231119281417793,0.5199156744738993,1.0,1.0,0.04622385628355863,0.4914320204663817,0.094059512523606,0.00030454644,1.0
2021-11-01,0.5174073511807972,0.5331517659096842,1.0,1.0,0.03481470236159434,0.3773462140241113,0.09226196280153956,0.0034359777,1.0
2021-11-02,0.5326183554322056,0.5342474088704212,1.0,1.0,0.06523671086441118,0.7061751132079246,0.09238035955141771,0.0087555805,1.0
2021-11-03,0.5103925924607989,0.5176775071020498,1.0,1.0,0.020785184921597866,0.22901396661934137,0.09075946427383723,0.0037167533,1.0
2021-11-04,0.5567457138832285,0.5615820490033736,1.0,1.0,0.11349142776645693,1.3216352891826308,0.08587197140948472,0.001284274,1.0
2021-11-05,0.5264881431985502,0.5359293565208588,1.0,1.0,0.05297628639710039,0.6761236197299242,0.07835295920923696,-4.275423e-05,-1.0
2021-11-08,0.5259300731911942,0.5282915157861564,1.0,1.0,0.05186014638238845,0.6824578756537218,0.0759902526331196,-0.0027577656,-1.0
2021-11-09,0.5434809724799003,0.5480426273493088,1.0,1.0,0.0869619449598007,1.0882685204507176,0.07990853665764816,-0.004651861,-1.0
2021-11-10,0.5192032738400305,0.5090605980694629,1.0,1.0,0.03840654768006102,0.6237303409611568,0.061575564242838096,0.0014860762,1.0
2021-11-11,0.5483612536626665,0.5478688395544349,1.0,1.0,0.09672250732533305,1.5789645909074574,0.06125691980828082,0.0055913976,1.0
2021-11-12,0.5583250202464649,0.5519547729506669,1.0,1.0,0.11665004049292982,1.8881335227007332,0.06178060984059902,-6.41574e-05,-1.0
2021-11-15,0.5471727859597824,0.545342801822109,1.0,1.0,0.09434557191956472,1.6359963031279035,0.05766857280739754,0.0038069165,1.0
2021-11-16,0.5586817388495752,0.5545739236154219,1.0,1.0,0.11736347769915034,1.9751193619229435,0.059420954480891325,-0.002087994,-1.0
2021-11-17,0.5751319877327653,0.5705597948827152,1.0,1.0,0.1502639754655306,2.5134851178540973,0.05978311723358018,0.003693661,1.0
2021-11-18,0.5743422725389026,0.5708738175618421,1.0,1.0,0.14868454507780515,2.4467375914145983,0.060768488455618226,-0.0019783024,-1.0
2021-11-19,0.5878277400162537,0.5873122220427002,1.0,1.0,0.17565548003250742,3.08406335957753,0.056955859705998244,-0.002259309,-1.0
2021-11-22,0.5264930802937481,0.5174906758101023,1.0,1.0,0.05298616058749617,0.9272815146376435,0.05714139638403309,-0.000128175,-1.0
2021-11-23,0.5405178506752348,0.5408701268969291,1.0,1.0,0.08103570135046967,1.4630032464339189,0.055389966869858136,0.004636257,1.0
2021-11-24,0.5638614516515058,0.5485732118362416,1.0,1.0,0.12772290330301161,1.085849719412439,0.11762484349318926,-0.027901834,-1.0
2021-11-26,0.6512869411621148,0.6690475899073837,1.0,1.0,0.30257388232422966,2.230798166338087,0.13563480860346616,0.0197331,1.0
2021-11-29,0.5546465358835027,0.5387334132118212,1.0,1.0,0.10929307176700531,0.7180844428889218,0.15220086279450495,-0.01870763,-1.0
2021-11-30,0.6109140611285209,0.626248428701331,1.0,1.0,0.22182812225704174,1.413581133512358,0.15692634614177414,-0.011849585,-1.0
2021-12-01,0.5841328980308513,0.5848142117364927,1.0,1.0,0.16826579606170267,1.0685215724994381,0.1574753382546155,0.009403071,1.0
2021-12-02,0.5396247058124067,0.5391812438460398,1.0,1.0,0.07924941162481347,0.5034938894506028,0.15739895415868504,-0.0059180674,-1.0
2021-12-03,0.5692874915956309,0.573031370038483,1.0,1.0,0.1385749831912617,0.8435738751268006,0.16427130720523087,0.011972747,1.0
2021-12-06,0.5259009497681164,0.5191855149400896,1.0,1.0,0.05180189953623282,0.2796601498595559,0.18523160901632751,0.023182848,1.0
2021-12-07,0.5384075971523001,0.53410282813955,1.0,1.0,0.07681519430460026,0.41535319133736315,0.1849394585299057,-0.0008091993,-1.0
2021-12-08,0.5437647957538163,0.5648598715647957,1.0,1.0,0.08752959150763262,0.47219581496477153,0.18536714797898585,-0.0057329186,-1.0
2021-12-09,0.5445245390635247,0.5414734896485043,1.0,1.0,0.08904907812704943,0.47301891497793663,0.18825690750908558,0.009581378,1.0
2021-12-10,0.5350237093441379,0.5333678960133471,1.0,1.0,0.0700474186882758,0.36963536819616905,0.18950410246213495,-0.007537155,-1.0
2021-12-13,0.5391320279804509,0.5394299728140973,1.0,1.0,0.0782640559609018,0.40836871396233954,0.19165046999197752,-0.008000855,-1.0
2021-12-14,0.5396023063161878,0.5390483048755218,1.0,1.0,0.07920461263237555,0.397259324369802,0.199377604938595,0.015526946,1.0
2021-12-15,0.5260578591119028,0.5232812833640177,1.0,1.0,0.052115718223805674,0.2585163238618721,0.20159546385802557,-0.0083880145,-1.0
2021-12-16,0.5071303440544342,0.5059308229730941,1.0,1.0,0.014260688108868491,0.06953934752933681,0.20507365420494178,-0.011585575,-1.0
2021-12-17,0.5589306603348355,0.5636246993820029,1.0,1.0,0.11786132066967103,0.5660077699426628,0.20823269030672584,-0.011028058,-1.0
2021-12-20,0.5577810103565067,0.5592741223444332,1.0,1.0,0.11556202071301347,0.537893302475533,0.21484190299668215,0.013692328,1.0
2021-12-21,0.5337014371504447,0.5251672676501806,1.0,1.0,0.06740287430088943,0.3078016079318399,0.2189815535850457,0.011432647,1.0
2021-12-22,0.5300407282702531,0.5172494299778523,1.0,1.0,0.06008145654050612,0.2740979270058054,0.21919704828425643,0.005363248,1.0
2021-12-23,0.5226402876715269,0.5179373116403851,1.0,1.0,0.04528057534305385,0.22944897967156178,0.1973448537791253,0.0137510365,1.0
2021-12-27,0.5253799229841952,0.518109183550084,1.0,1.0,0.05075984596839045,0.272669132674596,0.18615912065472906,0.0012369491,1.0
2021-12-28,0.5075360085718655,0.5085900145703393,1.0,1.0,0.015072017143731076,0.08816396188156551,0.17095439930408268,-0.0010888457,-1.0
2021-12-29,0.5164080719553286,0.5183579865878034,1.0,1.0,0.032816143910657125,0.19850956823968932,0.16531265571558468,-0.0052824654,-1.0
2021-12-30,0.542342519982063,0.5437516892297765,1.0,1.0,0.08468503996412591,0.5186190769939178,0.16328948108694247,0.0016648052,1.0
2021-12-31,0.5080142542599156,0.4988947560160537,1.0,-1.0,0.016028508519831286,0.09972998059878002,0.16071905783592783,0.0047967685,1.0
2022-01-03,0.5149164878196811,0.5143131584468673,1.0,1.0,0.02983297563936227,0.18947809871779236,0.15744814752334696,-0.0015912898,-1.0
2022-01-04,0.5026620436097724,0.48878012538478277,1.0,-1.0,0.005324087219544804,0.03564394307108909,0.14936863772131842,-0.01654643,-1.0
2022-01-05,0.5321680345342393,0.516443433327139,1.0,1.0,0.06433606906847866,0.4305806028220083,0.14941701657441744,0.001364751,1.0
2022-01-06,0.5354718459797176,0.5195128699152776,1.0,1.0,0.07094369195943528,0.47076521531253096,0.15069867027523962,-0.007857919,-1.0
2022-01-07,0.5517707887175497,0.5414383277634108,1.0,1.0,0.1035415774350994,0.7073333758850335,0.14638299416529799,0.00017171066,1.0
2022-01-10,0.5607870291146119,0.5456435709264407,1.0,1.0,0.12157405822922374,0.8259101406819639,0.14720010354738905,0.008476758,1.0
2022-01-11,0.5640307190189272,0.5548285697768992,1.0,1.0,0.1280614380378544,0.8896935560315714,0.14393881710132345,0.0017875002,1.0
2022-01-12,0.5588991502855101,0.558580187155896,1.0,1.0,0.11779830057102014,0.8370877725949784,0.14072395324309245,-0.012936253,-1.0
2022-01-13,0.540098484176135,0.5340585354882302,1.0,1.0,0.08019696835227008,0.5819038583591596,0.13781824471555804,0.0013557717,1.0
2022-01-14,0.5534892450164057,0.5535119149913255,1.0,1.0,0.10697849003281146,0.7108862378472093,0.15048608952787793,-0.020395005,-1.0
2022-01-18,0.5714113177346578,0.5674932415679745,1.0,1.0,0.14282263546931562,0.9636945835555873,0.14820321490483648,-0.008204993,-1.0
2022-01-19,0.5854458229727585,0.5762253899278398,1.0,1.0,0.17089164594551698,1.1491576001239698,0.14871036481600208,-0.016457263,-1.0
2022-01-20,0.6123277098974732,0.5992665512679173,1.0,1.0,0.2246554197949464,1.4959061443318609,0.15018015712161384,-0.017924612,-1.0
2022-01-21,0.5939110820319392,0.5848466879706522,1.0,1.0,0.18782216406387842,1.2787451589100984,0.14688005874756407,-0.0011221288,-1.0
2022-01-24,0.5886516636327676,0.5868721859125527,1.0,1.0,0.1773033272655351,1.3471156872301855,0.13161700138025248,-0.0059379158,-1.0
2022-01-25,0.5580422098021091,0.5272984097335721,1.0,1.0,0.11608441960421811,0.890673906894731,0.13033324396909515,-0.0014760488,-1.0
2022-01-26,0.5982711061667636,0.5750404314183816,1.0,1.0,0.1965422123335272,1.4961550067906408,0.13136487291856494,0.001039381,1.0
2022-01-27,0.5888201851769758,0.5526329394474414,1.0,1.0,0.17764037035395153,1.1169643629498023,0.1590385300071878,0.020535301,1.0
2022-01-28,0.5767170927420228,0.5695133218566973,1.0,1.0,0.15343418548404553,0.895227606032315,0.171391257876946,0.015057653,1.0
2022-01-31,0.5635740258187466,0.5707957251827793,1.0,1.0,0.1271480516374932,0.7089477736144548,0.17934755756301987,0.013698325,1.0
2022-02-01,0.4918956646877935,0.48652558532072565,-1.0,-1.0,0.016208670624413002,0.09023541263912031,0.17962649197645444,-0.005317396,-1.0
2022-02-02,0.5638687917370204,0.5763561396086047,1.0,1.0,0.12773758347404085,0.7431410538103703,0.17188874550676628,-0.003092624,-1.0
2022-02-03,0.4318446093463791,0.414604593851693,-1.0,-1.0,0.13631078130724184,0.7925316289863565,0.17199412152368299,-0.0058277384,-1.0
2022-02-04,0.5579695889577888,0.5613110181830697,1.0,1.0,0.11593917791557762,0.6791181220407144,0.17072019454757953,-0.0011812954,-1.0
2022-02-07,0.5033893726445928,0.49561194200411507,1.0,-1.0,0.00677874528918565,0.03896191458606569,0.17398388557655725,0.007698659,1.0
2022-02-08,0.5106744107226429,0.49913450879991406,1.0,-1.0,0.021348821445285715,0.1208799666352813,0.17661174170985106,0.011515125,1.0
2022-02-09,0.5214532858935205,0.5169481321308791,1.0,1.0,0.04290657178704094,0.22771594078998858,0.18842146772066168,-0.020316126,-1.0
2022-02-10,0.5284173136054582,0.5240707565904718,1.0,1.0,0.056834627210916366,0.29811293216342855,0.1906479762500174,-0.015642459,-1.0
2022-02-11,0.5117054001909208,0.5047312715056903,1.0,1.0,0.023410800381841623,0.1231600851218641,0.19008431472483286,-0.0033598184,-1.0
2022-02-14,0.5434861916728365,0.5375790123649467,1.0,1.0,0.08697238334567303,0.46758591681218525,0.18600300013014964,0.012915129,1.0
2022-02-15,0.5369823736116464,0.5301879259572345,1.0,1.0,0.07396474722329272,0.4008654686180067,0.18451264330222295,0.0025186085,1.0
2022-02-16,0.5302944998668804,0.5107503242347329,1.0,1.0,0.06058899973376075,0.3221703097491587,0.18806512549506887,-0.019358022,-1.0
2022-02-17,0.5489163214433029,0.5491946948406055,1.0,1.0,0.09783264288660587,0.5395150293543807,0.18133441621390764,-0.011208198,-1.0
2022-02-18,0.5634414374364071,0.5618572660842872,1.0,1.0,0.12688287487281413,0.6997851284099054,0.18131690674982645,-0.00032386417,-1.0
2022-02-22,0.5387477750274744,0.5207981510593158,1.0,1.0,0.07749555005494879,0.36828089074998693,0.21042511843916936,-0.030753922,-1.0
2022-02-23,0.5934000098747455,0.6076397044264451,1.0,1.0,0.186800019749491,0.8473888169755045,0.22044192229986775,0.016855676,1.0
2022-02-24,0.5789000562015355,0.5724744732108069,1.0,1.0,0.157800112403071,0.6508284041467335,0.24246039570131292,0.027681904,1.0
2022-02-25,0.4862541979228206,0.46362457080409075,-1.0,-1.0,0.027491604154358806,0.11908337749317378,0.23086013122137644,-0.0025359835,-1.0
2022-02-28,0.5712775909319407,0.5844927655232262,1.0,1.0,0.1425551818638815,0.6301895901503779,0.2262099915516924,-0.011429488,-1.0
2022-03-01,0.555621957909578,0.5681904601951991,1.0,1.0,0.11124391581915605,0.492826437714649,0.22572635578363043,0.013160334,1.0
2022-03-02,0.48502521303773544,0.49667684238168713,-1.0,-1.0,0.029949573924529127,0.12850461081601522,0.23306225149702245,-0.018454995,-1.0
2022-03-03,0.5609672888538386,0.5699163722167034,1.0,1.0,0.12193457770767724,0.5199545043151108,0.2345100902016238,0.004822814,1.0
2022-03-04,0.49967761613648476,0.4803648348953445,-1.0,-1.0,0.0006447677270304819,0.0025567254384048933,0.2521849696276906,-0.028380634,-1.0
2022-03-07,0.5426918901868217,0.546170836027424,1.0,1.0,0.08538378037364347,0.33873596497198705,0.2520658837649689,-0.0037943872,-1.0
2022-03-08,0.5313466238099057,0.513223566804267,1.0,1.0,0.06269324761981143,0.2348804677411836,0.2669155431387064,0.023356091,1.0
2022-03-09,0.5255468860448732,0.5052410340119182,1.0,1.0,0.051093772089746414,0.1952445944166425,0.2616910969668885,-0.0050327717,-1.0
2022-03-10,0.509687868762681,0.4997949319594017,1.0,-1.0,0.019375737525362036,0.07562892796369171,0.256194792747347,-0.011998588,-1.0
2022-03-11,0.5331021887139016,0.5155560932406882,1.0,1.0,0.06620437742780316,0.26272136221037645,0.2519946488964587,-0.004905346,-1.0
2022-03-14,0.5031359826647995,0.4803085339653008,1.0,-1.0,0.006271965329599061,0.023919581870568026,0.26221049195330765,0.017971236,1.0
2022-03-15,0.5398355741169436,0.5295540323695148,1.0,1.0,0.07967114823388721,0.2898619357860943,0.27485895316962594,0.025505407,1.0
2022-03-16,0.5118694833968571,0.49147847041862097,1.0,-1.0,0.023738966793714233,0.08618281643013345,0.27544895580151874,0.005180516,1.0
2022-03-17,0.5029760116174609,0.5102793355525799,1.0,1.0,0.005952023234921722,0.02186891837036226,0.2721681582107038,0.01591754,1.0
2022-03-18,0.5008800620948108,0.4946961031487236,1.0,-1.0,0.0017601241896216813,0.006542223554069086,0.2690406671485464,-0.0040180474,-1.0
2022-03-21,0.4880997119714024,0.48650491398752704,-1.0,-1.0,0.02380057605719521,0.08724640703832,0.2727972058120585,0.014379085,1.0
2022-03-22,0.4773069002590992,0.4782373586153552,-1.0,-1.0,0.04538619948180156,0.1811436470480558,0.25055363641740636,-0.012753288,-1.0
2022-03-23,0.5256491157995522,0.5196585716171952,1.0,1.0,0.051298231599104405,0.20664528910331573,0.24824292787752353,0.013255615,1.0
2022-03-24,0.49436511177878945,0.491225260093153,-1.0,-1.0,0.011269776442421109,0.04882168905352281,0.23083544754189367,0.005930302,1.0
2022-03-25,0.46182042803771334,0.43455847414790433,-1.0,-1.0,0.07635914392457333,0.33085977639788056,0.23079004875088366,0.0064252596,1.0
2022-03-28,0.5108099899767533,0.5024128664366052,1.0,1.0,0.02161997995350662,0.09518865661991924,0.22712769274424668,0.011605713,1.0
2022-03-29,0.47943935258137144,0.48958357157262905,-1.0,-1.0,0.04112129483725713,0.1820733283647711,0.22585018468423615,-0.004814574,-1.0
2022-03-30,0.49419041279826126,0.49033083961380697,-1.0,-1.0,0.011619174403477484,0.052982141716396404,0.2193035997992073,-0.012377963,-1.0
2022-03-31,0.5159463814378878,0.5229692295339632,1.0,1.0,0.03189276287577569,0.14539270750715222,0.2193560008792519,0.00019858782,1.0
2022-04-01,0.4866772276169433,0.47538702675674527,-1.0,-1.0,0.02664554476611336,0.14280757599411167,0.18658355189231715,0.006750645,1.0
2022-04-04,0.5384397525526776,0.537261680216704,1.0,1.0,0.07687950510535524,0.3992739860800685,0.1925482445278521,-0.011131806,-1.0
2022-04-05,0.5089941089848178,0.4899092983519965,1.0,-1.0,0.017988217969635567,0.09585140055852606,0.18766776348408296,-0.013450927,-1.0
2022-04-06,0.5318358225740553,0.5187281743418561,1.0,1.0,0.06367164514811052,0.3401172918229857,0.18720496334320005,0.009074573,1.0
2022-04-07,0.5223852446839218,0.5003810238178152,1.0,1.0,0.04477048936784356,0.24722855318229045,0.18108947688915478,-0.004451963,-1.0
2022-04-08,0.5297451134520352,0.5161806491704682,1.0,1.0,0.059490226904070465,0.308429188675056,0.1928813130807347,-0.016926035,-1.0
2022-04-11,0.5508595816138401,0.5495584281358898,1.0,1.0,0.10171916322768015,0.5520693582533748,0.1842506955095227,6.823299e-05,1.0
2022-04-12,0.5453686032292663,0.5466217304337875,1.0,1.0,0.09073720645853256,0.5554996958063491,0.16334339540334178,0.007550603,1.0
2022-04-13,0.5728575255451696,0.5775287829501643,1.0,1.0,0.1457150510903391,0.8657142583586909,0.16831772109956988,-0.0117376195,-1.0
2022-04-14,0.5284953657272902,0.5160840122019652,1.0,1.0,0.056990731454580335,0.3586249369047948,0.15891458063807154,0.0052533005,1.0
2022-04-18,0.5448289673070089,0.5243935620653748,1.0,1.0,0.08965793461401783,0.5574514877024594,0.16083540288598688,0.007497955,1.0
2022-04-19,0.5688435027552321,0.5691125949063723,1.0,1.0,0.1376870055104642,0.904817330109229,0.15217105257460387,0.0029092056,1.0
2022-04-20,0.5115248297321524,0.49621876499249035,1.0,-1.0,0.023049659464304817,0.14591497036564885,0.15796637868304117,-0.017449575,-1.0
2022-04-21,0.5647096216954313,0.5554829272448307,1.0,1.0,0.12941924339086253,0.7257551743860444,0.17832355587453477,-0.029133769,-1.0
2022-04-22,0.596281349357132,0.6078249919433638,1.0,1.0,0.1925626987142639,1.061419192496514,0.18142002714436156,0.009853378,1.0
2022-04-25,0.5624331157626344,0.5515193315642044,1.0,1.0,0.12486623152526888,0.6305312936421981,0.19803336136417934,-0.027544351,-1.0
2022-04-26,0.5868534735386226,0.5782126239209592,1.0,1.0,0.1737069470772452,0.8865677722848672,0.19593194396133615,0.0095295245,1.0
2022-04-27,0.5338865021984792,0.5025552185723672,1.0,1.0,0.06777300439695844,0.3374390554819912,0.20084516980452316,0.007941603,1.0
2022-04-28,0.6137436169291476,0.6038587382171072,1.0,1.0,0.22748723385829517,1.0706792164011523,0.21247001937979373,-0.024910947,-1.0
2022-04-29,0.5468157878864339,0.5481496515852834,1.0,1.0,0.09363157577286785,0.43954109354681614,0.2130212104113424,0.0018144429,1.0
2022-05-02,0.5886031008118767,0.5795686916845862,1.0,1.0,0.17720620162375345,0.8317096618202007,0.2130625743074053,0.0068099494,1.0
2022-05-03,0.5412249495062076,0.5297871403055017,1.0,1.0,0.08244989901241517,0.345655070596333,0.2385323000474736,0.02695961,1.0
2022-05-04,0.5288538559576949,0.5178554743517101,1.0,1.0,0.0577077119153897,0.2229089466070684,0.2588846827090959,-0.032534566,-1.0
2022-05-05,0.5271815226703765,0.5190822723376247,1.0,1.0,0.05436304534075309,0.21312018472462868,0.25508163579623044,-0.008521835,-1.0
2022-05-06,0.5392132674624941,0.5298101202749975,1.0,1.0,0.07842653492498819,0.2928268240346207,0.26782565150423476,-0.02734356,-1.0
2022-05-09,0.5718366778965469,0.5590410773264034,1.0,1.0,0.14367335579309382,0.5429952817306589,0.26459411458451654,-0.0020276867,-1.0
2022-05-10,0.596215885327406,0.5909740198591458,1.0,1.0,0.19243177065481198,0.7256977780099286,0.265167920428963,-0.012065419,-1.0
2022-05-11,0.550934648798112,0.5114579005667952,1.0,1.0,0.1018692975962241,0.3893731990063271,0.26162380424793635,0.0,1.0
2022-05-12,0.5376673905861615,0.5373918137505402,1.0,1.0,0.07533478117232306,0.27394442903170585,0.27500023066212437,0.019271296,1.0
2022-05-13,0.5407822632655892,0.5229512908784744,1.0,1.0,0.0815645265311784,0.2989511558518081,0.272835628612222,-0.0025408529,-1.0
2022-05-16,0.511918632853669,0.5107819888271757,1.0,1.0,0.023837265707338018,0.08424905249477331,0.28293808655968977,0.019429598,1.0
2022-05-17,0.49429994553574347,0.4822561244575865,-1.0,-1.0,0.011400108928513064,0.03690134924342287,0.3089347452666644,-0.0400294,-1.0
2022-05-18,0.5539125300096346,0.5580016920331945,1.0,1.0,0.10782506001926917,0.35223759213030115,0.3061145727437919,-0.0034195886,-1.0
2022-05-19,0.5177573196831105,0.5137886691398253,1.0,1.0,0.0355146393662209,0.12103031490696282,0.29343589986956037,0.00025606883,1.0
2022-05-20,0.5261912677475562,0.5117730382401325,1.0,1.0,0.0523825354951124,0.17848413004823815,0.29348567562256206,0.009932927,1.0
2022-05-23,0.5114548299060342,0.4998831302359289,1.0,-1.0,0.022909659812068384,0.08164948811068957,0.280585467737538,0.0026869455,1.0
2022-05-24,0.4792739616635309,0.4518726901042166,-1.0,-1.0,0.041452076672938154,0.14921740724439905,0.2777965214543967,0.0028567095,1.0
2022-05-25,0.5235424638573247,0.5318016026448001,1.0,1.0,0.04708492771464945,0.16278736149781253,0.2892419121571803,0.02200711,1.0
2022-05-26,0.4803442376062082,0.47933687440495626,-1.0,-1.0,0.039311524787583596,0.13347283345263483,0.29452828542471887,0.027823,1.0
2022-05-27,0.4676884059325792,0.46647192040045704,-1.0,-1.0,0.06462318813484158,0.21893919790248584,0.29516499902235116,-0.005111591,-1.0
2022-05-31,0.4882583205429201,0.49554234644058015,-1.0,-1.0,0.023483358914159758,0.07862885450699247,0.2986608295568058,-0.014714041,-1.0
2022-06-01,0.5132341920750623,0.5144213547671624,1.0,1.0,0.026468384150124535,0.08989809342570425,0.2944265349965311,0.023330966,1.0
2022-06-02,0.4631075764483575,0.4568449090343563,-1.0,-1.0,0.07378484710328503,0.2652068532920343,0.2782162157100682,-0.018421052,-1.0
2022-06-03,0.48687440468221127,0.485056256254593,-1.0,-1.0,0.02625119063557746,0.09481897359218222,0.2768558827527939,0.0038995857,1.0
2022-06-06,0.4854209144598426,0.4706608229652596,-1.0,-1.0,0.02915817108031482,0.11327143797733503,0.25741856553590503,0.0064336006,1.0
2022-06-07,0.5027328075959189,0.4981729993256859,1.0,-1.0,0.005465615191837747,0.021100990962486188,0.25902173038008686,-0.006947292,-1.0
2022-06-08,0.5135457616737231,0.5062608877390233,1.0,1.0,0.027091523347446245,0.10043516383810829,0.2697414163740017,-0.023246774,-1.0
2022-06-09,0.5374234217897048,0.5291801235401259,1.0,1.0,0.07484684357940963,0.2574123145258231,0.2907663672473647,-0.029370803,-1.0
2022-06-10,0.5412051671012209,0.5235396760009168,1.0,1.0,0.08241033420244182,0.2676534131900001,0.30789943315215973,-0.036511313,-1.0
2022-06-13,0.5588519850779087,0.5278219788099058,1.0,1.0,0.11770397015581735,0.38217675983323257,0.30798306576040596,-0.0010105307,-1.0
2022-06-14,0.5609982766598354,0.5204787690874811,1.0,1.0,0.12199655331967074,0.40001186910131686,0.3049823336336325,0.016104989,1.0
2022-06-15,0.5706537855026472,0.5374708387781235,1.0,1.0,0.14130757100529445,0.4710983741984295,0.29995342532380476,-0.03678185,-1.0
2022-06-16,0.6257965659829308,0.6151779967434831,1.0,1.0,0.2515931319658615,0.8387596293270455,0.2999585616295338,-0.0036445726,-1.0
2022-06-17,0.6075006556384632,0.6042685458143816,1.0,1.0,0.21500131127692645,0.685689277390472,0.3135550144449641,0.022766357,1.0
2022-06-21,0.52620517786275,0.5107639776100484,1.0,1.0,0.05241035572550001,0.16874686125128302,0.3105856626717051,-0.005338031,-1.0
2022-06-22,0.5768401689940741,0.5781604604685366,1.0,1.0,0.15368033798814817,0.48963210249484146,0.3138689992038814,0.01100169,1.0
2022-06-23,0.5368865541097882,0.5355327140956244,1.0,1.0,0.0737731082195765,0.21747888629497025,0.33921963403618316,0.03413223,1.0
2022-06-24,0.46396491251311783,0.4619847889208087,-1.0,-1.0,0.07207017497376433,0.21941726870602257,0.3284617268220792,-0.0013859302,-1.0
2022-06-27,0.4836603713124532,0.4908838082863718,-1.0,-1.0,0.032679257375093584,0.10376754400253317,0.3149275401015159,-0.020278085,-1.0
2022-06-28,0.5067468558103202,0.505917729534114,1.0,1.0,0.013493711620640392,0.042845547274152865,0.314938482038731,-0.003043022,-1.0
2022-06-29,0.5372858528592966,0.539421050960273,1.0,1.0,0.07457170571859328,0.23848229921787784,0.3126928328146671,-0.007025576,-1.0
2022-06-30,0.511985629913231,0.519146346717317,1.0,1.0,0.023971259826462088,0.07974514242081347,0.30059836999182027,0.0098047005,1.0
2022-07-01,0.48589853419504625,0.4753445843047663,-1.0,-1.0,0.0282029316099075,0.09519296948439794,0.2962711612282453,-0.00031490278,-1.0
2022-07-05,0.5495522537691214,0.5554739912024709,1.0,1.0,0.09910450753824285,0.33316814563654995,0.2974609332740803,0.006903793,1.0
2022-07-06,0.4864202911474518,0.47194701475075834,-1.0,-1.0,0.027159417705096445,0.09038107046456179,0.3004989602966209,0.011940143,1.0
2022-07-07,0.4839890964990328,0.4818085742474474,-1.0,-1.0,0.032021807001934355,0.10652875864504502,0.3005930737316799,0.0016488046,1.0
2022-07-08,0.48555147895337836,0.4769674610029976,-1.0,-1.0,0.028897042093243286,0.09889477545697094,0.2921998857848297,-0.010185185,-1.0
2022-07-11,0.511322327253069,0.5044917256284026,1.0,1.0,0.022644654506138062,0.08198625422806084,0.27620062313308663,-0.010913626,-1.0
2022-07-12,0.5312038642553857,0.5363922444827682,1.0,1.0,0.062407728510771365,0.2536436028728331,0.24604495364332188,-0.011034048,-1.0
2022-07-13,0.5651813735772039,0.5720187649644306,1.0,1.0,0.13036274715440777,0.5277380240100877,0.24702170626976822,0.006534906,1.0
2022-07-14,0.5188674586055589,0.4995643896490341,1.0,-1.0,0.03773491721111788,0.15263906563460752,0.2472166417832312,0.016336765,1.0
2022-07-15,0.5028977818291761,0.4959149644821178,1.0,-1.0,0.00579556365835221,0.028026961091751394,0.2067853036003215,-0.0068555404,-1.0
2022-07-18,0.5269902900675781,0.5291738581453942,1.0,1.0,0.053980580135156275,0.24041812169116264,0.22452791726115756,0.02771604,1.0
2022-07-19,0.4839610541784902,0.47567284929154513,-1.0,-1.0,0.03207789164301955,0.15072235115771476,0.2128277020403794,0.0024169954,1.0
2022-07-20,0.5409504588737251,0.5514060041632816,1.0,1.0,0.08190091774745012,0.387460247274038,0.2113788919603003,0.007614213,1.0
2022-07-21,0.5315978457045435,0.5435023574181992,1.0,1.0,0.06319569140908698,0.29782004388785893,0.21219421830749133,-0.0068513853,-1.0
2022-07-22,0.5098967863313039,0.5145228276470399,1.0,1.0,0.019793572662607728,0.11253251538791195,0.1758920307999613,-5.072537e-05,-1.0
2022-07-25,0.4864588957557668,0.49205613244267077,-1.0,-1.0,0.02708220848846643,0.15388013796018535,0.1759954783473981,-0.00197839,-1.0
2022-07-26,0.480550351974645,0.4742117494694484,-1.0,-1.0,0.038899296050709964,0.23106557075864143,0.16834743455286144,0.01829826,1.0
2022-07-27,0.5488241762657741,0.5660049939694258,1.0,1.0,0.09764835253154813,0.5563424784161539,0.1755184195345685,0.018019367,1.0
2022-07-28,0.4772280723164603,0.47443474053953,-1.0,-1.0,0.04554385536707939,0.2651729721025847,0.1717514986763444,0.008776661,1.0
2022-07-29,0.524158156117611,0.5411036308457515,1.0,1.0,0.048316312235221925,0.2807762701255818,0.17208118126795993,-0.0023330417,-1.0
2022-08-01,0.5278364098004527,0.5290791162476162,1.0,1.0,0.05567281960090531,0.31986191346021886,0.1740526685363849,-0.004530839,-1.0
2022-08-02,0.5052602520107007,0.5156221056937487,1.0,1.0,0.010520504021401367,0.059477016612559,0.17688351939259656,0.012944746,1.0
2022-08-03,0.5398446078292196,0.5351732543636711,1.0,1.0,0.07968921565843923,0.4566932012252621,0.17449179327531272,0.0011354028,1.0
2022-08-04,0.5263827705814746,0.5386212277169269,1.0,1.0,0.05276554116294929,0.29963218155939286,0.1761010479192808,-0.003498866,-1.0
2022-08-05,0.488324011633952,0.4841378731159473,-1.0,-1.0,0.02335197673209599,0.13814035816367293,0.16904528873761754,0.002494128,1.0
2022-08-08,0.5152530500957268,0.5133597806654234,1.0,1.0,0.0305061001914535,0.18630781983684302,0.16374031008558243,-0.005362319,-1.0
2022-08-09,0.528228716370278,0.5240018933387217,1.0,1.0,0.056457432740556035,0.34729962805468356,0.1625611667273845,0.019597843,1.0
2022-08-10,0.5136320226381742,0.523544219929077,1.0,1.0,0.027264045276348403,0.16699314047064556,0.16326446223784227,0.0010718113,1.0
2022-08-11,0.4990806485711682,0.5010453816918427,-1.0,1.0,0.0018387028576636322,0.011286367242235149,0.16291361234312415,0.015940994,1.0
2022-08-12,0.5168585975408209,0.5201107635436915,1.0,1.0,0.033717195081641727,0.21499095632183468,0.15683076003982302,0.0031381734,1.0
2022-08-15,0.5390073751055867,0.5566079866172993,1.0,1.0,0.07801475021117343,0.5832954675726262,0.13374825375522023,0.002731475,1.0
2022-08-16,0.5144439968485772,0.5115960819356051,1.0,1.0,0.028887993697154446,0.20461055379061968,0.1411852573680821,-0.008335079,-1.0
2022-08-17,0.5354572931878085,0.5337016937649673,1.0,1.0,0.0709145863756171,0.5046699909963648,0.1405167488473233,0.0038034418,1.0
2022-08-18,0.5227547595677126,0.5259134771959468,1.0,1.0,0.045509519135425114,0.30360645107033607,0.1498964168086204,-0.014150391,-1.0
2022-08-19,0.5415983281883213,0.5332829010717817,1.0,1.0,0.08319665637664264,0.49920176164490154,0.16665938057290577,-0.01727165,-1.0
2022-08-22,0.5580781686363968,0.5451862278662101,1.0,1.0,0.11615633727279362,0.6907880928613291,0.16815046245464335,-0.0051180534,-1.0
2022-08-23,0.5758970491951516,0.572154977975963,1.0,1.0,0.15179409839030322,0.9635139615696027,0.1575421887431964,0.004173744,1.0
2022-08-24,0.5532767561263036,0.5401654573068138,1.0,1.0,0.10655351225260712,0.7023006425000388,0.15172065324232029,0.013194143,1.0
2022-08-25,0.5688691551228469,0.5582530805689168,1.0,1.0,0.13773831024569372,0.6870961766449132,0.20046438173804013,-0.03668193,-1.0
2022-08-26,0.6046131182814661,0.604444694449277,1.0,1.0,0.20922623656293227,1.044104165162027,0.20038827881743382,-0.0006932409,-1.0
2022-08-29,0.5493529513262237,0.5314752477203063,1.0,1.0,0.0987059026524475,0.48203983244650833,0.20476710845965376,-0.013081611,-1.0
2022-08-30,0.6011929421532755,0.5963707944940526,1.0,1.0,0.2023858843065509,1.0036261706153031,0.20165465013977482,-0.012953758,-1.0
2022-08-31,0.604491324862329,0.6038068553500849,1.0,1.0,0.20898264972465808,1.0179155494113226,0.2053045066906741,0.008825474,1.0
2022-09-01,0.5522516284549445,0.5149774983027469,1.0,1.0,0.10450325690988893,0.5046408417041248,0.20708442177805353,-0.009807135,-1.0
2022-09-02,0.5867604947749376,0.5860285010774753,1.0,1.0,0.17352098954987527,0.8397833443785141,0.20662590025322586,-0.006110602,-1.0
2022-09-06,0.5725435410910186,0.557346451317602,1.0,1.0,0.14508708218203714,0.6571815317064426,0.22077169728933635,0.01934112,1.0
2022-09-07,0.554709932416036,0.542332866409603,1.0,1.0,0.10941986483207189,0.5234496752131556,0.20903607359678789,0.007187555,1.0
2022-09-08,0.5373654782189288,0.5376986921939477,1.0,1.0,0.07473095643785754,0.3456150942993066,0.21622596255341697,0.013548918,1.0
2022-09-09,0.5450517178285061,0.5389770382564862,1.0,1.0,0.09010343565701229,0.42289148488399125,0.21306514526233533,0.012752338,1.0
2022-09-12,0.5127845629572004,0.5118617933124255,1.0,1.0,0.02556912591440086,0.09978627495887979,0.2562389058509044,-0.04246682,-1.0
2022-09-13,0.5544882175864367,0.5551866174925103,1.0,1.0,0.10897643517287348,0.4247694615371306,0.25655430778501825,0.0035794978,1.0
2022-09-14,0.5421407693332194,0.5297607426740755,1.0,1.0,0.08428153866643884,0.3217598133402835,0.2619392950023415,-0.019351412,-1.0
2022-09-15,0.5604290322504963,0.5511466914987084,1.0,1.0,0.12085806450099268,0.4639181570346839,0.2605159178797931,-0.00069646863,-1.0
2022-09-16,0.5315830542040473,0.5116751605767595,1.0,1.0,0.06316610840809456,0.24221041873789317,0.2607902200790522,0.0061177076,1.0
2022-09-19,0.5371638344550752,0.5055401134076208,1.0,1.0,0.07432766891015041,0.2872465691006384,0.25875911814323294,-0.013931293,-1.0
2022-09-20,0.5717201333643782,0.560798604535331,1.0,1.0,0.14344026672875643,0.5337338330484426,0.26874868679298725,-0.024041213,-1.0
2022-09-21,0.5977689407101576,0.5905639160214375,1.0,1.0,0.19553788142031525,0.7315455270576803,0.2672942068373793,-0.00026659557,-1.0
2022-09-22,0.5165113647163768,0.47579309964728217,1.0,-1.0,0.03302272943275364,0.12581895502877027,0.26246227704881614,-0.01816,-1.0
2022-09-23,0.5933014353412502,0.5729129308901296,1.0,1.0,0.18660287068250048,0.7871055305751907,0.23707478023453507,-0.008392406,-1.0
2022-09-26,0.5839629061910135,0.546366964705429,1.0,1.0,0.16792581238202708,0.7098346656741232,0.23657031771271628,-0.0041906326,-1.0
2022-09-27,0.5672868958973717,0.5552714509725079,1.0,1.0,0.13457379179474338,0.543171402243757,0.24775566467387616,0.017685728,1.0
2022-09-28,0.5550789675396431,0.5521960030688436,1.0,1.0,0.11015793507928628,0.4418869659427436,0.24928984914562907,-0.015648648,-1.0
2022-09-29,0.5414348915579236,0.5242379492422997,1.0,1.0,0.08286978311584714,0.33648781090214236,0.24627870737328844,-0.011806375,-1.0
2022-09-30,0.5401601621719658,0.5303802534588895,1.0,1.0,0.08032032434393166,0.3079498926759142,0.2608227060772533,0.020310633,1.0
2022-10-03,0.523186424398041,0.523253676357706,1.0,1.0,0.046372848796081945,0.16478270859958286,0.2814181729999754,0.02685039,1.0
2022-10-04,0.4779224816963715,0.4891263745154998,-1.0,-1.0,0.04415503660725695,0.16311221776184032,0.2707034286771062,0.0012464199,1.0
2022-10-05,0.5051549816971697,0.4840189734550802,1.0,-1.0,0.010309963394339317,0.038018187506317844,0.2711850319699226,-0.014143822,-1.0
2022-10-06,0.5341685385929851,0.5379787551821298,1.0,1.0,0.06833707718597015,0.24757288680691272,0.276028114658887,-0.027565084,-1.0
2022-10-07,0.5136465865119538,0.5115224180146025,1.0,1.0,0.027293173023907658,0.10195947157098699,0.2676864895764529,-0.0029009532,-1.0
2022-10-10,0.5034177505691768,0.49076371270031016,1.0,-1.0,0.006835501138353628,0.029528136117167512,0.2314911144824851,-0.0073704626,-1.0
2022-10-11,0.5248284622923373,0.49644328801407056,1.0,-1.0,0.04965692458467452,0.21615051717452125,0.22973308245467308,-0.0018423403,-1.0
2022-10-12,0.5473109360477625,0.5265993566522942,1.0,1.0,0.09462187209552497,0.3895954215054707,0.24287213573991215,0.022764137,1.0
2022-10-13,0.49564675105589173,0.47330762637847024,-1.0,-1.0,0.008706497888216536,0.03413952129409808,0.255026947015853,-0.02493711,-1.0
2022-10-14,0.534954204688856,0.5320399748391165,1.0,1.0,0.06990840937771203,0.23934591528726917,0.2920810630664248,0.03696018,1.0
2022-10-17,0.4569704263248218,0.436773618004898,-1.0,-1.0,0.08605914735035636,0.293818427521511,0.29289908082451976,0.011682622,1.0
2022-10-18,0.4821979627425263,0.4791428279741955,-1.0,-1.0,0.035604074514947404,0.12400358026870291,0.2871213430918451,-0.017669072,-1.0
2022-10-19,0.5547664243110885,0.5611534607838842,1.0,1.0,0.10953284862217694,0.37953286239510764,0.2885991161106603,-0.009143106,-1.0
2022-10-20,0.5247721370838512,0.5175453840352826,1.0,1.0,0.04954427416770235,0.1634838245475518,0.3030530653709513,0.031087799,1.0
2022-10-21,0.4454011866485412,0.4458841184110973,-1.0,-1.0,0.10919762670291755,0.3614586704351343,0.3021026624467531,0.009082435,1.0
2022-10-24,0.5010811685282273,0.49705689929960106,1.0,-1.0,0.002162337056454522,0.007171762455388931,0.30150706606710337,0.006123634,1.0
2022-10-25,0.5363589554467585,0.5423144777386948,1.0,1.0,0.07271791089351698,0.24505439798736955,0.2967419131864141,0.007030799,1.0
2022-10-26,0.41880213561973617,0.41467098158558385,-1.0,-1.0,0.16239572876052766,0.5458958649938033,0.29748481198400556,-0.016568542,-1.0
2022-10-27,0.49810153929879586,0.5264238770535989,-1.0,1.0,0.003796921402408282,0.012133307126838019,0.3129337585141779,0.033642385,1.0
2022-10-28,0.44183982866832916,0.42542277809363016,-1.0,-1.0,0.11632034266334168,0.37508907793962093,0.3101139156125097,-0.008739108,-1.0
2022-10-31,0.4856470227504938,0.4888846582981845,-1.0,-1.0,0.028705954499012365,0.09640108874594404,0.2977762478872432,-0.0053258874,-1.0
2022-11-01,0.4881458876834102,0.4886109463724512,-1.0,-1.0,0.023708224633179564,0.07529008504771872,0.314891723367736,-0.027681751,-1.0
2022-11-02,0.5234472017693182,0.5232008265002649,1.0,1.0,0.0468944035386365,0.1499575580470794,0.312717839296329,-0.009784004,-1.0
2022-11-03,0.4983669501763007,0.4835577802202569,-1.0,-1.0,0.003266099647398546,0.010912218690757423,0.2993066524743415,0.0150639815,1.0
2022-11-04,0.5001339306141309,0.4880830909430044,1.0,-1.0,0.00026786122826183423,0.0008921709555497281,0.30023531543546655,0.010797872,1.0
2022-11-07,0.5116642937930785,0.4938872215529275,1.0,-1.0,0.02332858758615708,0.07831337700006501,0.2978876467827165,0.0047887177,1.0
2022-11-08,0.5409786648750226,0.5366359706530743,1.0,1.0,0.0819573297500451,0.26654715773949755,0.30747778533862224,-0.018513668,-1.0
2022-11-09,0.5464146924328919,0.5405530029827289,1.0,1.0,0.09282938486578374,0.26313777081486595,0.35277863979130186,0.05464102,1.0
2022-11-10,0.5032378064414063,0.5221626424760781,1.0,1.0,0.006475612882812509,0.01928619873436328,0.3357640856035852,0.008145918,1.0
2022-11-11,0.5088874710021373,0.5289567973858689,1.0,1.0,0.01777494200427454,0.05603812790699784,0.31719371556762643,-0.00657449,-1.0
2022-11-14,0.4974108792156996,0.5012239018186924,-1.0,1.0,0.005178241568600805,0.016397948548339144,0.3157859383041716,0.0019197252,1.0
2022-11-15,0.5206362844381743,0.537325935944675,1.0,1.0,0.04127256887634867,0.13458117727031832,0.30667415543147636,-0.0011345014,-1.0
2022-11-16,0.4908179594694279,0.49519108305627463,-1.0,-1.0,0.018364081061144177,0.06025836601418093,0.30475570905494614,-0.005199394,-1.0
2022-11-17,0.5211422409634633,0.5177459599796708,1.0,1.0,0.042284481926926576,0.14697097667494757,0.2877063409631292,0.004440047,1.0
2022-11-18,0.4897518593082248,0.4818499033601526,-1.0,-1.0,0.02049628138355042,0.07137831875466959,0.28714996011599875,-0.0017934275,-1.0
2022-11-21,0.4989905358661724,0.48730654097426795,-1.0,-1.0,0.002018928267655151,0.006982589041076066,0.2891374898019231,0.012424718,1.0
2022-11-22,0.5134495149782087,0.5052351025313699,1.0,1.0,0.026899029956417353,0.09298689352094004,0.2892776491168604,0.0076732733,1.0
2022-11-23,0.5218491374954044,0.5113630319027961,1.0,1.0,0.043698274990808805,0.15539898893787193,0.28120051030884924,-0.0028524655,-1.0
2022-11-25,0.502306493357505,0.5105863949298433,1.0,1.0,0.004612986715009981,0.017485906291225404,0.26381170287552225,-0.014676251,-1.0
2022-11-28,0.541596890369453,0.5361339338358195,1.0,1.0,0.08319378073890604,0.31787321115574174,0.26172001231694014,-0.0025245512,-1.0
2022-11-29,0.49804628430855113,0.4986735366621443,-1.0,-1.0,0.00390743138289773,0.013807732760450648,0.282988630406416,0.032623827,1.0
2022-11-30,0.5184829978430688,0.5096748527055633,1.0,1.0,0.036965995686137676,0.14186808720932506,0.2605659695093703,-0.004338235,-1.0
2022-12-01,0.5606471530935283,0.5667080028479121,1.0,1.0,0.12129430618705661,0.4738570266867062,0.2559723700525626,-0.0004923319,-1.0
2022-12-02,0.514540963309293,0.5108504774660696,1.0,1.0,0.029081926618585996,0.11141759701974825,0.2610173562927529,-0.01386597,-1.0
2022-12-05,0.5338905940876785,0.531179685990014,1.0,1.0,0.06778118817535694,0.25381455147723064,0.26705004807983795,-0.0148851145,-1.0
2022-12-06,0.5409286528502757,0.5470769909434088,1.0,1.0,0.08185730570055139,0.30566023832038247,0.2678048873820199,-0.0045380793,-1.0
2022-12-07,0.5530818896834522,0.544776812194413,1.0,1.0,0.10616377936690435,0.41149846575432847,0.25799313533840956,0.008531772,1.0
2022-12-08,0.5381477860666124,0.5179606378395782,1.0,1.0,0.0762955721332248,0.4410639155294432,0.1729807618509016,-0.0076767677,-1.0
2022-12-09,0.5504512189509662,0.5510451913151304,1.0,1.0,0.10090243790193232,0.5645500210696068,0.17873073091160407,0.0147597715,1.0
2022-12-12,0.5345055667104371,0.51347501687474,1.0,1.0,0.06901113342087428,0.3834658881906786,0.17996681203246548,0.009629852,1.0
2022-12-13,0.5475128882608441,0.5541625651197706,1.0,1.0,0.0950257765216882,0.5251177895156974,0.18096087852846884,-0.0045951316,-1.0
2022-12-14,0.5498964325124587,0.5456421633083542,1.0,1.0,0.09979286502491735,0.4811220332235672,0.20741695065656185,-0.027947599,-1.0
2022-12-15,0.5617932767232701,0.5747596113312902,1.0,1.0,0.12358655344654013,0.5722874186311897,0.21595189658744782,-0.018097805,-1.0
2022-12-16,0.5734518586822577,0.5849611020872623,1.0,1.0,0.14690371736451535,0.6829413986708973,0.21510442572439045,-0.004705882,-1.0
2022-12-19,0.5275497036300075,0.505871624574935,1.0,1.0,0.055099407260015054,0.2551541817406384,0.21594553882727674,0.0034935644,1.0
2022-12-20,0.5297344461219207,0.5049308524971349,1.0,1.0,0.05946889224384133,0.27505959428659743,0.21620366451161824,0.012721514,1.0
2022-12-21,0.5394835458272211,0.517645236052281,1.0,1.0,0.07896709165444227,0.3568865076409094,0.22126667711937445,-0.0185324,-1.0
2022-12-22,0.5582129535283188,0.5535773509712005,1.0,1.0,0.11642590705663758,0.517389616385634,0.22502559651266768,0.008637943,1.0
2022-12-23,0.5131364473279069,0.4949186208924944,1.0,-1.0,0.026272894655813728,0.11911622237935432,0.2205652104391068,-0.0050391643,-1.0
2022-12-27,0.5238789052821196,0.5108516210417695,1.0,1.0,0.04775781056423911,0.2144515426320512,0.22269744473780897,-0.010496759,-1.0
2022-12-28,0.5608130090159822,0.5487127007976865,1.0,1.0,0.12162601803196438,0.6304849011545848,0.19290869267326613,0.015010475,1.0
2022-12-29,0.550393581570497,0.538406624723091,1.0,1.0,0.10078716314099401,0.5209281499610087,0.19347613130244143,0.001306404,1.0
2022-12-30,0.53006008882156,0.5210655008598868,1.0,1.0,0.06012017764311994,0.3104410493531026,0.19366052836246506,-0.0063930275,-1.0
2023-01-03,0.5592038156058838,0.5512916178999333,1.0,1.0,0.11840763121176767,0.6155473891123728,0.19236151969146192,0.006801828,1.0
2023-01-04,0.5228410059347585,0.521224227588719,1.0,1.0,0.045682011869516925,0.2433148967948089,0.18774852042060233,-0.007903592,-1.0
2023-01-05,0.5273177591098089,0.5211060881557235,1.0,1.0,0.054635518219617873,0.2717753171684894,0.2010319361921529,0.018851554,1.0
2023-01-06,0.5344522889716811,0.5385452777953417,1.0,1.0,0.06890457794336213,0.34777665420542864,0.1981288194884433,-0.0007999794,-1.0
2023-01-09,0.54198658663232,0.5492416129119679,1.0,1.0,0.08397317326464004,0.4200393424870733,0.1999174000402696,0.009555785,1.0
2023-01-10,0.4897213283022213,0.48564577787207863,-1.0,-1.0,0.02055734339555737,0.10452898295376829,0.19666644422102142,0.011077002,1.0
2023-01-11,0.5289657339370138,0.5254855308954778,1.0,1.0,0.0579314678740277,0.29850971064759196,0.19406895590883863,0.0046049138,1.0
2023-01-12,0.5076523128310322,0.5143037364375009,1.0,1.0,0.015304625662064364,0.07894140474942118,0.19387323687290453,0.0029719179,1.0
2023-01-13,0.5084515881301246,0.5047907872276381,1.0,1.0,0.016903176260249175,0.10256079865878004,0.1648112776157884,-0.0035908897,-1.0
2023-01-17,0.5368228642497175,0.5413020009460038,1.0,1.0,0.07364572849943496,0.459357459625807,0.16032335375467036,-0.014969758,-1.0
2023-01-18,0.5659826409697323,0.5761101847440346,1.0,1.0,0.13196528193946455,0.825451301048624,0.1598704633111857,-0.0036841836,-1.0
2023-01-19,0.5219058968271769,0.5136776529030779,1.0,1.0,0.04381179365435384,0.25750040114612327,0.17014262292155438,0.01764162,1.0
2023-01-20,0.529098044473495,0.5184582265132234,1.0,1.0,0.05819608894698991,0.34567896971419676,0.16835299235908316,0.010371192,1.0
2023-01-23,0.5467098866087966,0.5403689709850943,1.0,1.0,0.0934197732175932,0.6120997516474473,0.15262181199413463,-0.0046453546,-1.0
2023-01-24,0.5560111757808062,0.5560265297253981,1.0,1.0,0.11202235156161233,0.7403132752203737,0.15131749667499333,0.0054197824,1.0
2023-01-25,0.5133294088771396,0.5082344414923151,1.0,1.0,0.02665881775427925,0.17798718476747408,0.14977942254161078,0.007486898,1.0
2023-01-26,0.5540543341284099,0.5588729814682128,1.0,1.0,0.10810866825681975,0.7659920552767274,0.14113549548208262,0.0040871934,1.0
2023-01-27,0.5455235632159242,0.5473884485594922,1.0,1.0,0.09104712643184842,0.6413112458913874,0.1419702632928227,-0.0096459845,-1.0
2023-01-30,0.5253656748545271,0.5214346339626086,1.0,1.0,0.05073134970905424,0.3527104235387623,0.14383286209708215,0.009092268,1.0
2023-01-31,0.5370982300264905,0.5416406368786227,1.0,1.0,0.07419646005298097,0.4993220116517369,0.14859441066405646,0.017601026,1.0
2023-02-01,0.5324010473177662,0.5419441167728432,1.0,1.0,0.06480209463553233,0.4367764579548327,0.14836444010504235,0.0056523215,1.0
2023-02-02,0.5898699738598093,0.6092264187961831,1.0,1.0,0.17973994771961865,1.2220496737920525,0.147080721491362,-0.0066336994,-1.0
2023-02-03,0.5029539586288962,0.49634319261381454,1.0,-1.0,0.005907917257792494,0.04290882048443331,0.13768538009418832,-0.0023555125,-1.0
2023-02-06,0.5283670705463566,0.5169755918010928,1.0,1.0,0.05673414109271313,0.40862706710069846,0.13884087878772863,0.009566001,1.0
2023-02-07,0.5522135401138863,0.5553968584037352,1.0,1.0,0.1044270802277727,0.7318651827410763,0.14268622512777404,-0.00810107,-1.0
2023-02-08,0.5399432205051786,0.5321126497835801,1.0,1.0,0.07988644101035725,0.5456493392776467,0.1464061903128376,-0.010695187,-1.0
2023-02-09,0.5680491689495845,0.5654299201469959,1.0,1.0,0.13609833789916892,0.932253950515615,0.14598848073949708,0.0023095822,1.0
2023-02-10,0.5218475863867204,0.5086028305520827,1.0,1.0,0.043695172773440705,0.29062955827600817,0.15034662349086947,0.011570329,1.0
2023-02-13,0.5535318962851298,0.5450074033553147,1.0,1.0,0.10706379257025955,0.7140905270182014,0.14993027987266747,-0.0026413996,-1.0
2023-02-14,0.5746398219619182,0.5716864342728964,1.0,1.0,0.1492796439238364,1.0912497590884058,0.13679695475812953,0.006681731,1.0
2023-02-15,0.5404208987101967,0.5368963122844981,1.0,1.0,0.08084179742039344,0.5300296765618588,0.15252315293888744,-0.016943425,-1.0
2023-02-16,0.5611039201013283,0.5756734953853122,1.0,1.0,0.12220784020265651,0.8642633310322766,0.14140116306530257,0.00019641542,1.0
2023-02-17,0.5399907547033014,0.5345122581396259,1.0,1.0,0.07998150940660276,0.518814010277365,0.1541622003689599,-0.018753989,-1.0
2023-02-21,0.5733907907243314,0.562973552105892,1.0,1.0,0.14678158144866282,0.9580758378887622,0.1532045540070336,-0.00020013009,-1.0
2023-02-22,0.5736170317609602,0.5677356188293199,1.0,1.0,0.14723406352192048,0.9674807032445586,0.1521829459007854,0.0022769354,1.0
2023-02-23,0.58190699547309,0.5788544210236802,1.0,1.0,0.16381399094618,1.0622115552645717,0.154219741005715,-0.010909454,-1.0
2023-02-24,0.556035371549705,0.5525444483673021,1.0,1.0,0.1120707430994099,0.7242863838153666,0.15473263836474208,0.0051741544,1.0
2023-02-27,0.5680517047217133,0.5615032031113086,1.0,1.0,0.13610340944342658,0.8838216032105143,0.153994209859802,-0.00861268,-1.0
2023-02-28,0.5904301757094054,0.5953182694031068,1.0,1.0,0.18086035141881074,1.207203108030717,0.14981766549114017,0.0014183678,1.0
2023-03-01,0.5322102089842634,0.5206173187093215,1.0,1.0,0.06442041796852682,0.47874882624681064,0.1345599496787403,0.0046284585,1.0
2023-03-02,0.5655668258992832,0.5539541262217133,1.0,1.0,0.1311336517985664,0.8689513201539524,0.15091023945430385,0.018579593,1.0
2023-03-03,0.5532318188434109,0.542797040846388,1.0,1.0,0.10646363768682177,0.7118022717659847,0.1495691175903176,0.00014829828,1.0
2023-03-06,0.5576835524358448,0.5558140080399693,1.0,1.0,0.11536710487168955,0.7252839805647439,0.15906473596984552,-0.016087977,-1.0
2023-03-07,0.57841326982037,0.5837399965167472,1.0,1.0,0.15682653964074,1.017623645982735,0.1541105498676676,0.0015070076,1.0
2023-03-08,0.5551327989923783,0.5507089797757918,1.0,1.0,0.11026559798475666,0.6613513074743569,0.1667277235843857,-0.020665094,-1.0
2023-03-09,0.5903203240036992,0.5999385439860372,1.0,1.0,0.18064064800739832,1.090583584511662,0.1656366834902297,-0.008809219,-1.0
2023-03-10,0.5901532631620084,0.5806552837980039,1.0,1.0,0.1803065263240169,1.0947783209937962,0.1646968366713197,-0.0034361598,-1.0
2023-03-13,0.6036312371339948,0.6120133296788124,1.0,1.0,0.2072624742679896,1.2316449332196673,0.16828102700522682,0.014440153,1.0
2023-03-14,0.5329574593420551,0.521416946346041,1.0,1.0,0.06591491868411015,0.39041580168388035,0.1688326097453439,-0.0064400714,-1.0
2023-03-15,0.6036416429582361,0.6057963519327311,1.0,1.0,0.20728328591647216,1.135886033588679,0.182485988723348,0.018622357,1.0
2023-03-16,0.5254885656065595,0.512789680816582,1.0,1.0,0.05097713121311909,0.28591010953080254,0.17829775693058192,-0.012423615,-1.0
2023-03-17,0.5954936731469793,0.6122255721050089,1.0,1.0,0.19098734629395864,1.0565890117626706,0.18075840669149218,0.0065967785,1.0
2023-03-20,0.5103053485142424,0.5031607692316571,1.0,1.0,0.020610697028484726,0.11696483792055057,0.17621276098791955,0.013234098,1.0
2023-03-21,0.5064197818808959,0.49474713381035285,1.0,-1.0,0.012839563761791739,0.06962119793740706,0.1844203222894146,-0.015367645,-1.0
2023-03-22,0.577577466227588,0.5861525074697215,1.0,1.0,0.15515493245517598,0.8405877608600751,0.18457910010065348,0.0029279967,1.0
2023-03-23,0.563026138914266,0.5703943660544041,1.0,1.0,0.126052277828532,0.6917692406465166,0.18221723433485645,0.00647356,1.0
2023-03-24,0.5239362141036062,0.5212829093766479,1.0,1.0,0.04787242820721249,0.264035030683922,0.18131089682762921,0.0013872774,1.0
2023-03-27,0.4884426642598385,0.4843354805950596,-1.0,-1.0,0.02311467148032298,0.12945006803213777,0.1785605201426734,-0.0010075313,-1.0
2023-03-28,0.5257287059456642,0.5147600723355772,1.0,1.0,0.051457411891328464,0.2806378289112173,0.18335878698522695,0.012026928,1.0
2023-03-29,0.5316405438265791,0.5336947719399424,1.0,1.0,0.06328108765315821,0.3434762524019029,0.18423715529279958,0.007075589,1.0
2023-03-30,0.5381985599538803,0.5336811520038004,1.0,1.0,0.07639711990776066,0.4273275835950549,0.17877881709633858,0.013705408,1.0
2023-03-31,0.5238180342487665,0.5214778512884135,1.0,1.0,0.04763606849753299,0.26638433500664643,0.178824586274356,0.0020011715,1.0
2023-04-03,0.514612572033175,0.5221618594165093,1.0,1.0,0.029225144066350017,0.1735516408970262,0.16839451309878561,-0.0036290127,-1.0
2023-04-04,0.5457956318166131,0.5595784009080651,1.0,1.0,0.09159126363322612,0.5398482169001793,0.16966113949425496,-0.004424454,-1.0
2023-04-05,0.5290310428979239,0.5308076882532012,1.0,1.0,0.05806208579584782,0.38980846070462777,0.14895029648893024,0.0036338638,1.0
2023-04-06,0.53583142813353,0.5397552652230636,1.0,1.0,0.07166285626706004,0.5010289253076831,0.1430313753303798,0.0034739212,1.0
2023-04-10,0.5070636153367608,0.5051293228686294,1.0,1.0,0.014127230673521618,0.09970060080085433,0.14169654505633192,-0.000585109,-1.0
2023-04-11,0.5243377454080855,0.5251974351432592,1.0,1.0,0.04867549081617106,0.3500278199146694,0.13906177751253396,-0.006683905,-1.0
2023-04-12,0.5515976185797822,0.557336708021036,1.0,1.0,0.10319523715956436,0.7262147851094191,0.14210016000158396,0.014611985,1.0
2023-04-13,0.5394788050963332,0.5416230025435652,1.0,1.0,0.07895761019266634,0.6076249650953881,0.12994464468765066,0.0,1.0
2023-04-14,0.5446767083998879,0.5397851121682151,1.0,1.0,0.08935341679977582,0.7568916764779607,0.11805311060568602,0.0017669128,1.0
2023-04-17,0.5321206822662926,0.5370714829944621,1.0,1.0,0.06424136453258522,0.5463067252765026,0.11759211732213383,4.8323185e-05,1.0
2023-04-18,0.5564649654232557,0.5580947988995748,1.0,1.0,0.11292993084651148,1.011649133849951,0.11162954335436755,-0.002319401,-1.0
2023-04-19,0.5550562740080556,0.5561159938190933,1.0,1.0,0.11011254801611114,1.1768767689577218,0.09356336272456987,-0.0028817747,-1.0
2023-04-20,0.5546579518543984,0.5538486337155947,1.0,1.0,0.10931590370879674,1.1665627964262326,0.09370768898484182,0.0007771706,1.0
2023-04-21,0.5481725244156366,0.5492815931601244,1.0,1.0,0.09634504883127315,1.0408789019192624,0.09256124670566752,0.00043681898,1.0
2023-04-24,0.552678923298109,0.5517510357026821,1.0,1.0,0.10535784659621794,1.0258259088223376,0.10270538664515719,-0.010551849,-1.0
2023-04-25,0.5655284073743013,0.5667252710679861,1.0,1.0,0.13105681474860265,1.2387582373979773,0.10579692694830321,-0.0060799215,-1.0
2023-04-26,0.5885603989200137,0.5960601769090603,1.0,1.0,0.17712079784002732,1.5844288553365826,0.11178841968413993,0.01588476,1.0
2023-04-27,0.5575606332568899,0.5457900078716255,1.0,1.0,0.11512126651377974,1.0035450645163728,0.11471459587044937,0.010464721,1.0
2023-04-28,0.5422609726672899,0.5329675865352073,1.0,1.0,0.0845219453345798,0.7971801733530909,0.10602615087510829,-0.002811351,-1.0
2023-05-01,0.5381489891775534,0.541455193723643,1.0,1.0,0.07629797835510677,0.6815172954077444,0.11195310650107347,-0.009638554,-1.0
2023-05-02,0.5902421599994551,0.5909632449519836,1.0,1.0,0.18048431999891013,1.5326985843256717,0.11775591224827565,-0.010729927,-1.0
2023-05-03,0.5664646430061276,0.5821917902427313,1.0,1.0,0.1329292860122553,1.1384269541056964,0.11676575781419311,-0.00083622325,-1.0
2023-05-04,0.5499205200370861,0.5595823177491176,1.0,1.0,0.09984104007417227,0.7831391081936915,0.12748825723242885,0.014646154,1.0
2023-05-05,0.5392772215996791,0.5230213781250869,1.0,1.0,0.07855444319935811,0.6185358471795851,0.12700063150349747,0.0008248423,1.0
2023-05-08,0.545325700500855,0.5388685891919394,1.0,1.0,0.0906514010017101,0.7111101652236241,0.12747870222499602,-0.0028845689,-1.0
2023-05-09,0.5445157062586957,0.5431518170911362,1.0,1.0,0.08903141251739144,0.7079899099596443,0.12575237480780802,0.004789109,1.0
2023-05-10,0.5634133324524591,0.5684274754901262,1.0,1.0,0.12682666490491812,1.1036304595624997,0.11491769170198025,-0.0022258782,-1.0
2023-05-11,0.5758587966574348,0.573583517821279,1.0,1.0,0.15171759331486956,1.3103666078302076,0.11578255459828427,-0.0040494665,-1.0
2023-05-12,0.545502121820012,0.5407912102539845,1.0,1.0,0.09100424364002402,0.7791573613439648,0.11679828511541138,0.0044554817,1.0
2023-05-15,0.5329449092540688,0.5309670109603972,1.0,1.0,0.06588981850813758,0.5598176475976379,0.11769871634253139,-0.0042418074,-1.0
2023-05-16,0.5744562005169568,0.5656340125638855,1.0,1.0,0.14891240103391357,1.2096693961680087,0.12310173466042734,0.010126336,1.0
2023-05-17,0.5341061113817817,0.5270556963721857,1.0,1.0,0.06821222276356331,0.528408649436199,0.12908990576960527,0.011880377,1.0
2023-05-18,0.5547199796617565,0.5417497327388651,1.0,1.0,0.10943995932351291,0.8424111273456679,0.12991276559741624,-0.0030959751,-1.0
2023-05-19,0.5515187607604989,0.5511384814126976,1.0,1.0,0.10303752152099777,0.7915938519778323,0.13016463084390303,0.0031533684,1.0
2023-05-22,0.534573626093894,0.535066429647696,1.0,1.0,0.06914725218778806,0.5221716011434474,0.13242246808591263,-0.012359497,-1.0
2023-05-23,0.5631157382370444,0.5725303459162769,1.0,1.0,0.12623147647408883,0.9607306255602426,0.13139112370908124,-0.0044125095,-1.0
2023-05-24,0.5615219919861141,0.5586916654541394,1.0,1.0,0.12304398397222815,1.0319967747651881,0.11922903925763194,0.0024703317,1.0
2023-05-25,0.6123324028511544,0.5977688675130983,1.0,1.0,0.22466480570230885,1.767615132872439,0.12710052178452463,0.016138384,1.0
2023-05-26,0.5652976811597279,0.5499926788216858,1.0,1.0,0.1305953623194558,1.0317807198846987,0.12657278799903315,-0.00066571566,-1.0
2023-05-30,0.5736037323950547,0.5795021846130973,1.0,1.0,0.14720746479010938,1.2037508616515311,0.12229064126121794,-0.0045441566,-1.0
2023-05-31,0.5629497085890609,0.5654510017162878,1.0,1.0,0.1258994171781218,1.0762248780860586,0.11698244460025804,0.008580101,1.0
2023-06-01,0.5398605684172557,0.541434328430483,1.0,1.0,0.07972113683451143,0.6408592542270536,0.12439726243894823,0.0142891,1.0
2023-06-02,0.47852283700199877,0.48032637958267876,-1.0,-1.0,0.04295432599600246,0.36532771044475115,0.117577519492594,-0.0033408874,-1.0
2023-06-05,0.5593603566332027,0.5602222240208701,1.0,1.0,0.11872071326640543,1.0070202274576419,0.1178930770498343,0.004406939,1.0
2023-06-06,0.5104803527586403,0.5112839043640863,1.0,1.0,0.020960705517280687,0.17645064045124612,0.11879075906824038,-0.004340926,-1.0
2023-06-07,0.49026036292923136,0.49663863355125215,-1.0,-1.0,0.019479274141537273,0.163779730634156,0.11893580521907943,0.005203694,1.0
2023-06-08,0.5684932171604733,0.566826405638251,1.0,1.0,0.1369864343209466,1.1611807249514168,0.11797167432888453,0.0027749278,1.0
2023-06-09,0.5485844097172878,0.5392905885249295,1.0,1.0,0.09716881943457567,0.8233825332126378,0.11801175700855183,0.008999372,1.0
2023-06-12,0.5618192724702334,0.5563634968828952,1.0,1.0,0.12363854494046689,1.0418966849762756,0.11866679942770159,0.006614427,1.0
2023-06-13,0.5276777876481955,0.5283398133009646,1.0,1.0,0.05535557529639101,0.47760709951552216,0.11590191048781084,0.0010760812,1.0
2023-06-14,0.5690930081316746,0.5730845876547468,1.0,1.0,0.13818601626334925,1.187569469759573,0.11636036440994516,0.010680633,1.0
2023-06-15,0.5357422476342943,0.5408738745166171,1.0,1.0,0.07148449526858869,0.6198520840602159,0.1153250865921817,-0.005340454,-1.0
2023-06-16,0.5358656005062977,0.5381850124313464,1.0,1.0,0.07173120101259545,0.615034361706303,0.11662958279857737,-0.0049141166,-1.0
2023-06-20,0.5557151884681163,0.5587006633315573,1.0,1.0,0.11143037693623259,0.9309946016883061,0.11968960586254733,-0.005464231,-1.0
2023-06-21,0.5227815509834534,0.5193906669356104,1.0,1.0,0.045563101966906716,0.4240578212661867,0.10744549370852462,0.003632184,1.0
2023-06-22,0.5627208305399354,0.555073222507134,1.0,1.0,0.12544166107987076,1.117176668509507,0.11228453351718316,-0.008818544,-1.0
2023-06-23,0.5728739557953075,0.568322822976558,1.0,1.0,0.14574791159061506,1.290057682021687,0.11297782542731677,-0.0011554549,-1.0
2023-06-26,0.5257302708513916,0.5202321982731373,1.0,1.0,0.051460541702783136,0.5021907012359434,0.1024721118414447,0.0074497373,1.0
2023-06-27,0.565183055461614,0.5594359554968167,1.0,1.0,0.13036611092322792,1.275322454521239,0.10222207760951553,0.0034447124,1.0
2023-06-28,0.5512363478563563,0.5552669815369761,1.0,1.0,0.10247269571271267,1.0316973697630136,0.09932437429422854,0.0030438264,1.0
2023-06-29,0.5226240746984732,0.5150168396119402,1.0,1.0,0.045248149396946324,0.44813880644702125,0.10096904964711093,0.010335858,1.0
2023-06-30,0.5683727126030093,0.5628951826696215,1.0,1.0,0.1367454252060185,1.5065814790909726,0.09076536988130686,0.0025744676,1.0
2023-07-03,0.5469256150469843,0.5446100993717272,1.0,1.0,0.09385123009396867,1.0405912673577529,0.09019029184462957,-0.0025228066,-1.0
2023-07-05,0.5619837797613483,0.5551476323805373,1.0,1.0,0.12396755952269656,1.2971331594121849,0.09557041898371814,-0.007542398,-1.0
2023-07-06,0.5659049436119374,0.5584088980424969,1.0,1.0,0.13180988722387488,1.4027259391540865,0.09396695644151472,-0.0017292771,-1.0
2023-07-07,0.5449982815321465,0.550373236416672,1.0,1.0,0.08999656306429293,0.9681570946212841,0.0929565703378924,0.0021653408,1.0
2023-07-10,0.5458025795751777,0.5501464781205095,1.0,1.0,0.0916051591503555,0.9695406837733188,0.09448304819333711,0.006209061,1.0
2023-07-11,0.5503718749604418,0.5439920317687247,1.0,1.0,0.10074374992088364,1.0660299357796645,0.09450367812345015,0.009018783,1.0
2023-07-12,0.5573054244493255,0.561147990329833,1.0,1.0,0.11461084889865103,1.212403157225461,0.09453196176174074,0.006653226,1.0
2023-07-13,0.56812518882961,0.5774071694802623,1.0,1.0,0.1362503776592201,1.4379625674620218,0.09475238141956614,-0.0004005608,-1.0
2023-07-14,0.5447147217121272,0.5385990049739083,1.0,1.0,0.0894294434242544,1.0127263357535121,0.08830563624842938,0.0024488524,1.0
2023-07-17,0.5491196127257161,0.5588430803188309,1.0,1.0,0.09823922545143216,1.1074144442531704,0.08871044256397048,0.008327967,1.0
2023-07-18,0.528040914714608,0.5280448280285678,1.0,1.0,0.056081829429216024,0.6553520127020573,0.08557512350955807,-6.607347e-05,-1.0
2023-07-19,0.5459710028989982,0.5485238295546915,1.0,1.0,0.0919420057979965,1.0953590293241333,0.08393778052364004,-0.0038765667,-1.0
2023-07-20,0.49637534089782853,0.48142316943774377,-1.0,-1.0,0.007249318204342936,0.08610964872377623,0.08418706047213598,-0.0006633499,-1.0
2023-07-21,0.5428180756034587,0.5427549603928402,1.0,1.0,0.08563615120691748,1.1410778355464448,0.07504847481846637,0.0051554376,1.0
2023-07-24,0.5380783617309653,0.5329892151429703,1.0,1.0,0.0761567234619307,1.0313375596284362,0.07384267425436146,0.0023113498,1.0
2023-07-25,0.5634555290908976,0.5552122875145215,1.0,1.0,0.12691105818179516,1.765703075212506,0.07187565110091976,0.0005929765,1.0
2023-07-26,0.5403131117605332,0.5489947167587012,1.0,1.0,0.08062622352106641,1.038130236476903,0.07766484462940526,-0.0061676907,-1.0
2023-07-27,0.56430507586759,0.5544978987873971,1.0,1.0,0.1286101517351801,1.5669818843375993,0.08207507248212169,0.009319994,1.0
2023-07-28,0.5667675013039408,0.5684016948055766,1.0,1.0,0.13353500260788165,1.7547350961956734,0.07609980725716957,0.0017942714,1.0
2023-07-31,0.5434624075430387,0.5441805297149419,1.0,1.0,0.0869248150860773,1.074797089724125,0.08087555866790526,-0.0061376495,-1.0
2023-08-01,0.5614211620193275,0.5601346191613212,1.0,1.0,0.12284232403865492,1.3970941798391059,0.08792701724145888,-0.009054547,-1.0
2023-08-02,0.53824647842329,0.5336577081343512,1.0,1.0,0.07649295684657997,0.921036764027425,0.08305092677527724,-0.0022621425,-1.0
2023-08-03,0.5546504686541442,0.5516293605964966,1.0,1.0,0.10930093730828849,1.2526649463306785,0.08725472651602022,-0.006801814,-1.0
2023-08-04,0.5902964520948843,0.5950046802612208,1.0,1.0,0.1805929041897687,1.9722125316771701,0.09156868303447623,0.008795488,1.0
2023-08-07,0.5559255162851271,0.5462129198900644,1.0,1.0,0.1118510325702542,1.216131194232306,0.09197283409941735,-0.0047476427,-1.0
2023-08-08,0.5657898987677363,0.5610458514965401,1.0,1.0,0.13157979753547266,1.4968461226468566,0.08790469210208565,-0.0040123938,-1.0
2023-08-09,0.552693202958886,0.54773920307987,1.0,1.0,0.10538640591777204,1.2486395692915302,0.08440098208449984,-0.0007833307,-1.0
2023-08-10,0.557625380636507,0.5600249019571539,1.0,1.0,0.11525076127301404,1.3639328988439614,0.08449884988528246,-0.0014558975,-1.0
2023-08-11,0.5455592071248018,0.5323061863291445,1.0,1.0,0.09111841424960354,1.0457540112767998,0.08713178555093821,0.006168547,1.0
2023-08-14,0.573387343887996,0.5635754991551218,1.0,1.0,0.1467746877759919,1.6211131646074781,0.09053944596861664,-0.011949349,-1.0
2023-08-15,0.5799248140442955,0.5799159296652353,1.0,1.0,0.15984962808859104,1.7041674083230185,0.0937992519443208,-0.008258123,-1.0
2023-08-16,0.5695622420016887,0.5642289825535316,1.0,1.0,0.1391244840033774,1.4467133595823125,0.09616589428851663,-0.007917368,-1.0
2023-08-17,0.5735596877900978,0.5616077952177785,1.0,1.0,0.1471193755801956,1.5261791439515315,0.09639718650543153,0.00036692197,1.0
2023-08-18,0.5667755034766175,0.5644634188990019,1.0,1.0,0.13355100695323507,1.3789732075062482,0.09684815210786461,0.005616432,1.0
2023-08-21,0.5861355144688979,0.5710405709075194,1.0,1.0,0.17227102893779578,1.799643365147108,0.09572509324574642,-0.0009802358,-1.0
2023-08-22,0.5734218120628882,0.5612870386221688,1.0,1.0,0.14684362412577645,1.2876815187658215,0.11403722270279902,0.015630705,1.0
2023-08-23,0.555169281830647,0.5448224309496832,1.0,1.0,0.11033856366129391,0.86638029656769,0.12735580910417577,-0.017704284,-1.0
2023-08-24,0.5555051089511815,0.5621825689655285,1.0,1.0,0.1110102179023631,0.8947122843476205,0.12407364897566618,0.006038288,1.0
2023-08-25,0.5464570189184912,0.5387340570880943,1.0,1.0,0.09291403783698238,0.7300526319894795,0.12727032787181478,0.006797772,1.0
2023-08-28,0.535068437215161,0.5337974203142954,1.0,1.0,0.0701368744303219,0.5052355434022735,0.13882015100920608,0.014926384,1.0
2023-08-29,0.5426322213462386,0.5432524313710274,1.0,1.0,0.08526444269247713,0.6278236160596848,0.13580954986626587,0.0036044053,1.0
2023-08-30,0.53549993221642,0.5323304764556107,1.0,1.0,0.07099986443284001,0.5236516240914978,0.13558606746617133,-0.0008867803,-1.0
2023-08-31,0.5442728181955164,0.5475323174284471,1.0,1.0,0.08854563639103286,0.6652815299665871,0.1330949867125876,0.0005547296,1.0
2023-09-01,0.5026321860241876,0.5072606378606889,1.0,1.0,0.005264372048375154,0.04043457131667527,0.13019482776621202,-0.003925308,-1.0
2023-09-05,0.5536510601190164,0.5425354910984249,1.0,1.0,0.10730212023803287,0.8171945402989487,0.131305478618077,-0.006723812,-1.0
2023-09-06,0.5413591991353572,0.5300659911833733,1.0,1.0,0.08271839827071448,0.6322550367435382,0.1308307462393021,-0.002465649,-1.0
2023-09-07,0.5392511912413387,0.5279842930876766,1.0,1.0,0.07850238248267738,0.6001010899160797,0.1308152639643688,0.00017976316,1.0
2023-09-08,0.5515642545896203,0.5366215982981912,1.0,1.0,0.10312850917924066,0.7767677566393958,0.13276620752825186,0.0064927773,1.0
2023-09-11,0.547289094048527,0.5361272350516628,1.0,1.0,0.09457818809705398,0.7174546696424057,0.13182461847268165,-0.0043526785,-1.0
2023-09-12,0.5313831031749824,0.5223485023013444,1.0,1.0,0.06276620634996477,0.5040662700410922,0.12451975083523836,0.002129806,1.0
2023-09-13,0.5478802374070859,0.5403480213653855,1.0,1.0,0.09576047481417183,0.7788858999535924,0.12294544659221258,0.008210291,1.0
2023-09-14,0.5230761829626406,0.5185623144778899,1.0,1.0,0.04615236592528116,0.34323274933086734,0.13446375969442093,-0.016375618,-1.0
2023-09-15,0.55532159505903,0.5617796320049515,1.0,1.0,0.11064319011806001,0.8228540117295914,0.13446272186908884,0.0013760744,1.0
2023-09-18,0.5541908186687629,0.5405536376775645,1.0,1.0,0.1083816373375257,0.8104409402234652,0.13373169093313736,-0.00234287,-1.0
2023-09-19,0.5498273191492524,0.5436168818421265,1.0,1.0,0.09965463829850485,0.7117479502090273,0.14001394492142635,-0.011199928,-1.0
2023-09-20,0.5590361164218735,0.5579859358707822,1.0,1.0,0.1180722328437469,0.8588607976144453,0.13747540133593475,-0.015482987,-1.0
2023-09-21,0.5566069499109688,0.5518329150721601,1.0,1.0,0.11321389982193764,0.9164377468906421,0.12353692349104797,-0.0010901837,-1.0
2023-09-22,0.5790432489969439,0.5721465076851378,1.0,1.0,0.15808649799388785,1.2963173851335386,0.12195045735470311,0.0033670033,1.0
2023-09-25,0.5535306569651319,0.5468785660234471,1.0,1.0,0.10706131393026386,0.8532746755960021,0.1254711020873587,-0.012844249,-1.0
2023-09-26,0.5815168680724402,0.5748390689857266,1.0,1.0,0.16303373614488037,1.4926910620769984,0.1092213521517492,0.00025788302,1.0
2023-09-27,0.5714964949771218,0.5587606407553912,1.0,1.0,0.1429929899542437,1.2985338523471783,0.11011880028832151,0.004711011,1.0
2023-09-28,0.571729247352397,0.5695489106285747,1.0,1.0,0.1434584947047941,1.304711851077272,0.10995415929298379,-0.0028926681,-1.0
2023-09-29,0.5839220813618391,0.5827085158528391,1.0,1.0,0.1678441627236782,1.5295137054775083,0.1097369458819448,-7.018693e-05,-1.0
2023-10-02,0.5876603013556639,0.5732828881501519,1.0,1.0,0.17532060271132788,1.5055995280347958,0.11644570780396529,-0.013640618,-1.0
2023-10-03,0.5652662901729867,0.5593589943251299,1.0,1.0,0.13053258034597337,1.0863315489500127,0.1201590623710955,0.0062148636,1.0
2023-10-04,0.5878214844285564,0.5779481054991032,1.0,1.0,0.17564296885711284,1.4593348923935987,0.12035823289952556,-0.00054220983,-1.0
2023-10-05,0.5536226856931918,0.551504519701,1.0,1.0,0.10724537138638368,0.7973432355705916,0.13450339402407693,0.014600434,1.0
2023-10-06,0.5361519664152719,0.5235380449875321,1.0,1.0,0.0723039328305437,0.5422605486892357,0.13333799223513196,0.0049052658,1.0
2023-10-09,0.5507339917330957,0.5291641286373254,1.0,1.0,0.10146798346619135,0.7495002616607604,0.13538085129064023,0.0055290796,1.0
2023-10-10,0.528825279270846,0.5530555211490213,1.0,1.0,0.05765055854169199,0.41929195254248636,0.137495027491257,0.0062118946,1.0
2023-10-11,0.5433237278392521,0.53376506170632,1.0,1.0,0.08664745567850418,0.6424760438703071,0.1348648817417933,-0.007728364,-1.0
2023-10-12,0.5409208173133621,0.5443363999151143,1.0,1.0,0.08184163462672411,0.64975899000309,0.1259569100018684,-0.008111159,-1.0
2023-10-13,0.5417806245265517,0.5384354605441782,1.0,1.0,0.08356124905310347,0.6156544724178982,0.13572751079826997,0.012963178,1.0
2023-10-16,0.4956071531000037,0.4854525833952711,-1.0,-1.0,0.008785693799992611,0.06473825145356377,0.13571101478226547,-0.0022246176,-1.0
2023-10-17,0.51850644609856,0.504157550929131,1.0,1.0,0.037012892197120006,0.27370930616423794,0.1352270140749639,-0.010711166,-1.0
2023-10-18,0.5509849239876236,0.5373161090423424,1.0,1.0,0.10196984797524711,0.7880440486870309,0.1293961272154015,-0.010803903,-1.0
2023-10-19,0.5556442472569917,0.5543047351455515,1.0,1.0,0.11128849451398337,0.8201123270097561,0.13569908761127483,-0.012096301,-1.0
2023-10-20,0.5655337588077819,0.5661337904537924,1.0,1.0,0.1310675176155638,0.967331401244823,0.13549391392329233,0.0028768426,1.0
2023-10-23,0.5667465411646276,0.5515096915196024,1.0,1.0,0.13349308232925527,1.0344910215575185,0.1290422821923283,0.003390152,1.0
2023-10-24,0.5677476121896406,0.5519227407515268,1.0,1.0,0.1354952243792813,0.9474629383003503,0.14300846914639806,-0.017767698,-1.0
2023-10-25,0.5419396863313342,0.5397550865100855,1.0,1.0,0.08387937266266832,0.5937429559341547,0.14127219838877622,-0.002140864,-1.0
2023-10-26,0.5197233349793133,0.5135023433220588,1.0,1.0,0.03944666995862667,0.27210224299907654,0.14497002863280528,-0.0107996045,-1.0
2023-10-27,0.6072139640533296,0.6123525264387957,1.0,1.0,0.21442792810665923,1.4021157113298324,0.15293169199515333,0.01177044,1.0
2023-10-30,0.5421997607839877,0.5240500280849012,1.0,1.0,0.08439952156797537,0.5726151336514514,0.1473931033393697,0.005058047,1.0
2023-10-31,0.5429020482998209,0.5387740993614238,1.0,1.0,0.08580409659964183,0.5499536814351214,0.15602058772610333,0.015217599,1.0
2023-11-01,0.5471645385984445,0.537328733711419,1.0,1.0,0.09432907719688899,0.5729571770178999,0.164635475355852,0.014824257,1.0
2023-11-02,0.5249867773296787,0.531456581118331,1.0,1.0,0.04997355465935738,0.30760611577102753,0.1624595614235321,0.012514248,1.0
2023-11-03,0.4916960285518477,0.5156270352056941,-1.0,1.0,0.01660794289630463,0.10265456186880455,0.1617847526107028,-0.0012405523,-1.0
2023-11-06,0.5269955488126387,0.5257095981007869,1.0,1.0,0.05399109762527732,0.33453737188850413,0.16139033232816713,0.004508338,1.0
2023-11-07,0.5320197099392733,0.5376155541367612,1.0,1.0,0.06403941987854656,0.4005844514103414,0.1598649664336256,-0.00018318793,-1.0
2023-11-08,0.5279290939046053,0.5219011925389967,1.0,1.0,0.05585818780921059,0.35057602792138903,0.15933259367561745,-0.006847903,-1.0
2023-11-09,0.5142204743333219,0.5135928674871567,1.0,1.0,0.028440948666643706,0.17249501428349653,0.16487983020715513,0.015127756,1.0
2023-11-10,0.5250294924661633,0.512777148987116,1.0,1.0,0.05005898493232652,0.3150645125001083,0.158884872609413,0.000431622,1.0
2023-11-13,0.5079294544843617,0.5063459383618591,1.0,1.0,0.01585890896872333,0.09169116118194548,0.17296006249996143,0.020163946,1.0
2023-11-14,0.4813832962045312,0.49935944698693924,-1.0,-1.0,0.03723340759093763,0.22326276767231246,0.16676944382229417,0.0006454916,1.0
2023-11-15,0.5008591227836628,0.5028843371760991,1.0,1.0,0.0017182455673256936,0.010771425847553466,0.15951885958681708,0.0021799093,1.0
2023-11-16,0.5264972224924998,0.5305539282238951,1.0,1.0,0.0529944449849995,0.3531167069291793,0.150076289071273,-0.00039952056,-1.0
2023-11-17,0.5079660231932792,0.5190403274015265,1.0,1.0,0.01593204638655843,0.1052710930083868,0.15134303189280218,0.009037214,1.0
2023-11-20,0.5158898454292827,0.5185360645531363,1.0,1.0,0.03177969085856547,0.20723069906217353,0.1533541652003543,-0.0031908106,-1.0
2023-11-21,0.5237266799833747,0.5238669364202921,1.0,1.0,0.04745335996674949,0.3614308096452224,0.13129306827309306,0.0040840656,1.0
2023-11-22,0.5187471891664134,0.5200363678797026,1.0,1.0,0.03749437833282676,0.28929082120121324,0.12960790866830832,0.0010773255,1.0
2023-11-24,0.5106032151706954,0.5156938205965308,1.0,1.0,0.021206430341390803,0.1789444868031678,0.11850843085608488,-0.0013836423,-1.0
2023-11-27,0.5511787628202841,0.5546152231291092,1.0,1.0,0.10235752564056821,0.8780133397353419,0.11657855411561477,0.0013195804,1.0
2023-11-28,0.5442605167984118,0.5516651882895681,1.0,1.0,0.08852103359682362,0.749268426405805,0.1181432854730762,-0.0007907048,-1.0
2023-11-29,0.5417033594082877,0.5486334904783983,1.0,1.0,0.08340671881657546,0.7513235239713939,0.11101305383824388,0.0027476754,1.0
2023-11-30,0.5142776465629616,0.5102638216031534,1.0,1.0,0.028555293125923198,0.2735091087490129,0.1044034447573997,0.007979306,1.0
2023-12-01,0.5109892877997125,0.5220077068018584,1.0,1.0,0.021978575599425065,0.20553059802226564,0.10693578382447985,-0.008699056,-1.0
2023-12-04,0.533591256632891,0.5393563212935151,1.0,1.0,0.06718251326578195,0.6327623397231488,0.10617337513350776,0.00361985,1.0
2023-12-05,0.5639941833181986,0.5554167076744192,1.0,1.0,0.12798836663639723,1.1574534715552944,0.11057754785116035,-0.0064703696,-1.0
2023-12-06,0.5607849770786476,0.5615933805562143,1.0,1.0,0.12156995415729521,1.0846804486188784,0.11207904992856654,0.0077886074,1.0
2023-12-07,0.5487614670534186,0.5506066450192473,1.0,1.0,0.0975229341068371,0.9113378209120718,0.10701073945250689,0.005567078,1.0
2023-12-08,0.5341366873200257,0.5197120366518734,1.0,1.0,0.06827337464005145,0.7029615251022651,0.0971224913484692,0.003690838,1.0
2023-12-11,0.5594561089012878,0.560926062658099,1.0,1.0,0.11891221780257566,1.2223473681436072,0.09728185367075236,0.005234696,1.0
2023-12-12,0.559473940342831,0.5565436337775054,1.0,1.0,0.11894788068566209,1.3591975236238796,0.0875133147451037,0.015729902,1.0
2023-12-13,0.5211657452702931,0.5337364437339602,1.0,1.0,0.04233149054058627,0.48077891434848713,0.08804772688076493,-0.0007626634,-1.0
2023-12-14,0.5389836591979001,0.5528192673933356,1.0,1.0,0.07796731839580029,0.8626098411104638,0.09038538013365416,-0.0033285983,-1.0
2023-12-15,0.5653985521376713,0.5721137046344873,1.0,1.0,0.13079710427534263,1.4531928061457489,0.09000671054947698,0.0035949799,1.0
2023-12-18,0.535923174356341,0.541118681251118,1.0,1.0,0.07184634871268192,0.8193643766853302,0.08768546785415579,0.006104411,1.0
2023-12-19,0.5194437077688464,0.5263361349932799,1.0,1.0,0.038887415537692815,0.3866369967792847,0.10057861989832301,-0.012513957,-1.0
2023-12-20,0.5613784135959266,0.562960127282534,1.0,1.0,0.1227568271918531,1.196838549945998,0.10256757454661863,0.007786999,1.0
2023-12-21,0.5355058078700606,0.5373677040202929,1.0,1.0,0.07101161574012127,0.6926329217400646,0.10252417046784694,0.0016935518,1.0
2023-12-22,0.5365101469085297,0.5387734264260787,1.0,1.0,0.07302029381705943,0.713699843349161,0.1023123298926324,0.005093199,1.0
2023-12-26,0.5390870511345696,0.5391061338166871,1.0,1.0,0.07817410226913912,0.7644458480863077,0.10226244601215113,0.0027544734,1.0
2023-12-27,0.5514429124604935,0.5499868944201127,1.0,1.0,0.10288582492098697,1.009792394523936,0.10188809648293323,0.00031453135,1.0
2023-12-28,0.5417552315638806,0.5386423344779387,1.0,1.0,0.08351046312776123,0.7992821342111773,0.1044818338272741,-0.0041505084,-1.0
2023-12-29,0.5561551473862245,0.5567553310147435,1.0,1.0,0.11231029477244903,1.0674538146672956,0.10521325909304464,-0.005409729,-1.0
2024-01-02,0.5248087812854764,0.5130144886027554,1.0,1.0,0.049617562570952733,0.48242031463472085,0.10285131257070336,-0.006666667,-1.0
2024-01-03,0.5761282963619323,0.5665568720125019,1.0,1.0,0.1522565927238646,1.465776409454606,0.10387436429033338,-0.0033024396,-1.0
2024-01-04,0.5552801481369508,0.5465781375254317,1.0,1.0,0.11056029627390163,1.1065933848685394,0.09991049809775966,0.0013894826,1.0
2024-01-05,0.5621896068926932,0.5515867902865594,1.0,1.0,0.1243792137853863,1.1866474613850995,0.10481564056118758,0.012295869,1.0
2024-01-08,0.5747943850971208,0.5672407063736685,1.0,1.0,0.14958877019424155,1.4355303045013301,0.1042045366267661,-0.0008856836,-1.0
2024-01-09,0.5700738720331217,0.5676089712071793,1.0,1.0,0.1401477440662433,1.3250551441302627,0.10576748046077224,0.006944005,1.0
2024-01-10,0.552514848505556,0.5463161474571193,1.0,1.0,0.10502969701111198,0.9883780646174236,0.10626469847018138,-0.0033956568,-1.0
2024-01-11,0.578744680006865,0.5839001156504324,1.0,1.0,0.15748936001372993,1.7255330049481343,0.09126997835573925,0.000399613,1.0
2024-01-12,0.5529208788085793,0.5565461584703806,1.0,1.0,0.10584175761715864,1.1561330287567346,0.09154807879762521,-0.0018921476,-1.0
2024-01-16,0.5585940112077584,0.5475662414323337,1.0,1.0,0.11718802241551685,1.2639899329810955,0.09271278145319654,-0.005118483,-1.0
2024-01-17,0.5634980227127271,0.5557193704926293,1.0,1.0,0.12699604542545417,1.3012252267783433,0.09759728201694884,0.009358062,1.0
2024-01-18,0.5570896174743297,0.5486260629317048,1.0,1.0,0.11417923494865945,1.0909960126954648,0.10465595989353159,0.012396694,1.0
2024-01-19,0.565756698901554,0.5529790761041893,1.0,1.0,0.131513397803108,1.4299337436265451,0.09197167238642022,0.0018439863,1.0
2024-01-22,0.5451383864519712,0.5507420077611771,1.0,1.0,0.09027677290394243,1.0030976334473587,0.0899979921133769,0.0050254376,1.0
2024-01-23,0.5426128377669848,0.5351099577841172,1.0,1.0,0.08522567553396954,0.942638012783773,0.09041188067759265,-0.0010288701,-1.0
2024-01-24,0.5672939514302721,0.569229801659849,1.0,1.0,0.13458790286054412,1.5028468040848493,0.08955530430295636,0.0030279935,1.0
2024-01-25,0.537360399511041,0.542539487640327,1.0,1.0,0.07472079902208195,0.8346391699982886,0.08952467330551377,-0.00039019182,-1.0
2024-01-26,0.5310945608158929,0.52611262934563,1.0,1.0,0.062189121631785804,0.6604947979709008,0.09415535417210909,0.00932717,1.0
2024-01-29,0.5404664562477357,0.5410640887372019,1.0,1.0,0.08093291249547141,0.858960585296888,0.09422191644276443,-0.004233752,-1.0
2024-01-30,0.5537445668364026,0.5511490383788595,1.0,1.0,0.10748913367280521,1.0655773786893548,0.10087407617925911,-0.010629382,-1.0
2024-01-31,0.5573445972899946,0.5606713027609621,1.0,1.0,0.11468919457998927,1.051589006943175,0.10906275533763425,0.015970744,1.0
2024-02-01,0.5325147203761585,0.5266451759171222,1.0,1.0,0.06502944075231709,0.6071898490995961,0.1070990248745915,0.003985846,1.0
2024-02-02,0.5673532776611173,0.5640172436375647,1.0,1.0,0.13470655532223463,1.241629668403086,0.10849173368697496,-0.0022888393,-1.0
2024-02-05,0.5527131321833381,0.5475451773230484,1.0,1.0,0.10542626436667613,1.031618100966735,0.1021950509281299,0.0025377104,1.0
2024-02-06,0.5407331790136757,0.5453501689514232,1.0,1.0,0.08146635802735136,0.785945834246995,0.10365390905774476,0.007978615,1.0
2024-02-07,0.5525385092727598,0.5522977175419925,1.0,1.0,0.10507701854551965,1.0255209548134758,0.10246208822191381,0.0006830601,1.0
2024-02-08,0.543306946318465,0.5453034613908809,1.0,1.0,0.08661389263692998,0.8573421490702476,0.10102605212033397,0.005822124,1.0
2024-02-09,0.5460207586325165,0.5508022457180012,1.0,1.0,0.09204151726503307,0.9036253170885462,0.10185805501951638,-0.0015968063,-1.0
2024-02-12,0.5346101048549262,0.5478623516799714,1.0,1.0,0.06922020970985243,0.6119011792692127,0.11312318402870447,-0.011855258,-1.0
2024-02-13,0.5719509701712534,0.5578824147852199,1.0,1.0,0.1439019403425068,1.2817525869037918,0.11226967030362472,0.008861554,1.0
2024-02-14,0.5484156167021562,0.5522658032510787,1.0,1.0,0.09683123340431243,0.8784251528223791,0.11023276495805452,0.0059360275,1.0
2024-02-15,0.5301647604685517,0.5342230411103098,1.0,1.0,0.06032952093710331,0.5571765477126696,0.10827720797791841,-0.006499073,-1.0
2024-02-16,0.5604661784427664,0.5537257910169234,1.0,1.0,0.12093235688553272,1.0944758234431744,0.11049340176842343,-0.004595164,-1.0
2024-02-20,0.5678511082803059,0.5659285686258189,1.0,1.0,0.13570221656061188,1.1921057071747598,0.11383404654795286,0.009756885,1.0
2024-02-21,0.5179950506753418,0.5029181726594757,1.0,1.0,0.03599010135068359,0.2994813521032323,0.12017476580070226,0.012856858,1.0
2024-02-22,0.5897133513237225,0.5854505043922211,1.0,1.0,0.17942670264744498,1.4882690415033766,0.12056066318909443,-0.0006504514,-1.0
2024-02-23,0.5563233839984528,0.5566455838979524,1.0,1.0,0.11264676799690565,0.9282832390384608,0.12134956580018402,-0.0024851582,-1.0
2024-02-26,0.5522747944161426,0.5561991569849924,1.0,1.0,0.10454958883228516,0.8846797163263953,0.1181778974954055,0.0018783985,1.0
2024-02-27,0.537380108234563,0.5479433232158836,1.0,1.0,0.0747602164691259,0.6394399248909778,0.11691515271254331,-0.0018354056,-1.0
2024-02-28,0.5544602324372419,0.5541244459963609,1.0,1.0,0.1089204648744837,1.0078299210009467,0.108074252018939,0.005555885,1.0
2024-02-29,0.5582994608170305,0.5549086662091702,1.0,1.0,0.11659892163406105,1.1990609326483361,0.09724186524577354,0.0067442684,1.0
2024-03-01,0.5670809308349761,0.5737882244331096,1.0,1.0,0.13416186166995225,1.3765516094832795,0.09746228237698477,-0.00082029647,-1.0
2024-03-04,0.5384897518530573,0.5357873229425054,1.0,1.0,0.0769795037061145,0.7406433330565081,0.10393599762578472,-0.009030669,-1.0
2024-03-05,0.5486046643566836,0.5500639837497248,1.0,1.0,0.0972093287133673,0.9326883144544919,0.10422488113858575,0.0038661065,1.0
2024-03-06,0.553873913954701,0.5550441552250209,1.0,1.0,0.10774782790940196,0.9966681398686006,0.10810802874024576,0.011750142,1.0
2024-03-07,0.5464094384927539,0.5425845806592497,1.0,1.0,0.09281887698550784,0.8300764067819358,0.11181967855868924,-0.0063506244,-1.0
2024-03-08,0.5317339838766256,0.5342584746861448,1.0,1.0,0.06346796775325125,0.5737416606323825,0.11062115950111825,0.0020522242,1.0
2024-03-11,0.53968721843072,0.529343211391373,1.0,1.0,0.07937443686143997,0.7025287492588012,0.11298389844569849,0.008426145,1.0
2024-03-12,0.5557678949481636,0.5503226056603199,1.0,1.0,0.11153578989632718,1.0966602815805877,0.10170495984004596,-0.00088973134,-1.0
2024-03-13,0.5325318714047912,0.5328348497336285,1.0,1.0,0.06506374280958238,0.6431532746601208,0.10116366560360873,-0.0044526183,-1.0
2024-03-14,0.5683659708540556,0.5595943688627056,1.0,1.0,0.1367319417081112,1.2901226229494842,0.10598367881923813,-0.00869227,-1.0
2024-03-15,0.5550417240335976,0.5578361560900376,1.0,1.0,0.11008344806719528,1.0646828085056599,0.10339553450825732,0.005276786,1.0
2024-03-18,0.5737090488458325,0.5625670924664904,1.0,1.0,0.14741809769166503,1.4458591273024777,0.10195882496983039,0.0058149747,1.0
2024-03-19,0.5529637150415417,0.5481505705803412,1.0,1.0,0.10592743008308347,1.0073428784631595,0.10515528758657665,0.012493937,1.0
2024-03-20,0.5375888971430964,0.5339930295586468,1.0,1.0,0.07517779428619287,0.7739119348492117,0.09713998570243065,0.0018394681,1.0
2024-03-21,0.5523765624466153,0.5538479549724004,1.0,1.0,0.10475312489323052,1.05961973916958,0.09885916713416941,-0.0040164483,-1.0
2024-03-22,0.5802714094629876,0.5820866151290514,1.0,1.0,0.16054281892597522,1.6366183941553714,0.09809422862366668,-0.00053768605,-1.0
2024-03-25,0.5361819765515882,0.5360821207875534,1.0,1.0,0.07236395310317634,0.7337881515345913,0.09861695497786331,-0.0014602187,-1.0
2024-03-26,0.5513755499052592,0.5510398773381604,1.0,1.0,0.10275109981051833,1.0395615590075828,0.09884080352933562,0.005233688,1.0
2024-03-27,0.5347955546389292,0.5342453684092601,1.0,1.0,0.0695911092778585,0.711825206777832,0.09776432277928393,0.0009953487,1.0
2024-03-28,0.5415172719517777,0.5370756567704337,1.0,1.0,0.08303454390355536,0.8599962652138786,0.09655221454119327,-0.0024476526,-1.0
2024-04-01,0.5623868198731186,0.5555348251749171,1.0,1.0,0.12477363974623712,1.2577783327393448,0.09920161327194252,-0.0056357468,-1.0
2024-04-02,0.5639566452555742,0.5566707910309348,1.0,1.0,0.12791329051114841,1.3793835848407794,0.09273221163199016,0.0037977367,1.0
2024-04-03,0.5527447271049187,0.549819477450775,1.0,1.0,0.10548945420983746,0.9857315935196829,0.10701640781662851,-0.014057999,-1.0
2024-04-04,0.5830106432831768,0.5888751424436711,1.0,1.0,0.1660212865663535,1.5854801595676844,0.10471356930232593,0.009992598,1.0
2024-04-05,0.5580916962303878,0.5476708475815004,1.0,1.0,0.11618339246077558,1.1428610713391518,0.10166011895447384,0.00057858095,1.0
2024-04-08,0.5608185694160168,0.553942438512174,1.0,1.0,0.12163713883203364,1.1975080961112645,0.10157521208168259,0.001426341,1.0
2024-04-09,0.5736340735648762,0.5755685305832102,1.0,1.0,0.14726814712975234,1.376693650783435,0.10697234424372223,-0.012202868,-1.0
2024-04-10,0.5818717054735347,0.567289365685326,1.0,1.0,0.16374341094706946,1.4510302907483141,0.11284630788970296,0.009820541,1.0
2024-04-11,0.5696947307633022,0.5632370886982254,1.0,1.0,0.13938946152660447,1.1082776175641023,0.1257712501971937,-0.01595755,-1.0
2024-04-12,0.5887060542339649,0.598636109307938,1.0,1.0,0.17741210846792987,1.3883551052053245,0.12778582929018892,-0.010765128,-1.0
2024-04-15,0.5596859003576868,0.5495878150096382,1.0,1.0,0.11937180071537368,0.946734316837238,0.12608796215833804,0.0008325239,1.0
2024-04-16,0.5728075802621742,0.560792197258263,1.0,1.0,0.1456151605243483,1.1567350155727016,0.1258846309344703,-0.007625121,-1.0
2024-04-17,0.5789891907538808,0.5756523936769445,1.0,1.0,0.15797838150776156,1.3726766137700201,0.11508783636509846,-0.00474993,-1.0
2024-04-18,0.5711471730221229,0.5582589771043595,1.0,1.0,0.14229434604424585,1.2295535466933898,0.11572846617938257,-0.007961017,-1.0
2024-04-19,0.5506841732409959,0.5448525873416055,1.0,1.0,0.10136834648199189,0.8222210348087899,0.1232860048460879,0.009379232,1.0
2024-04-22,0.5581083423285375,0.5491886463021765,1.0,1.0,0.11621668465707491,0.8538602241642615,0.13610738779971288,0.014178432,1.0
2024-04-23,0.5441423024802768,0.5386665938352053,1.0,1.0,0.08828460496055368,0.6394250727676426,0.13806872567325018,-0.007858934,-1.0
2024-04-24,0.5898898188476653,0.5925556059767325,1.0,1.0,0.17977963769533067,1.2713798340205458,0.14140513549503522,0.00923475,1.0
2024-04-25,0.5090072247397104,0.48975211320809314,1.0,-1.0,0.01801444947942077,0.12676688186925253,0.1421069068970308,0.0031552585,1.0
2024-04-26,0.5715435414430575,0.57928212646889,1.0,1.0,0.14308708288611505,1.0034340476476469,0.14259739663165155,0.0022410506,1.0
2024-04-29,0.5435198207485598,0.5463935667153133,1.0,1.0,0.08703964149711951,0.5712278653821925,0.1523728914010239,-0.016731067,-1.0
2024-04-30,0.5550735815936805,0.5497257440677563,1.0,1.0,0.11014716318736095,0.7263633123860059,0.1516419693961997,0.0019748653,1.0
2024-05-01,0.5180545884240987,0.5169773663312076,1.0,1.0,0.036109176848197366,0.24338324741805614,0.14836344420276848,0.008361704,1.0
2024-05-02,0.532719436027434,0.5300258093422785,1.0,1.0,0.06543887205486798,0.4365635223321337,0.14989541889641128,0.011510593,1.0
2024-05-03,0.5465023313190416,0.5406531261270806,1.0,1.0,0.09300466263808316,0.6079941953508728,0.15296965554812617,0.008061368,1.0
2024-05-06,0.5242345034215525,0.5170666517540418,1.0,1.0,0.04846900684310507,0.3167734048266692,0.1530084473777909,0.0016845774,1.0
2024-05-07,0.5173846369739472,0.5161250410166401,1.0,1.0,0.03476927394789442,0.23764634263372353,0.14630679169122815,-0.00063790305,-1.0
2024-05-08,0.5230522524931654,0.5218896262351798,1.0,1.0,0.046104504986330896,0.31979373306729997,0.14416950746382604,0.006905356,1.0
2024-05-09,0.5010638602745574,0.4977338066400403,1.0,-1.0,0.002127720549114809,0.01623353839348926,0.13106942537975377,-0.001191025,-1.0
2024-05-10,0.5365669081257695,0.529356233876038,1.0,1.0,0.07313381625153892,0.5922840916399669,0.123477596788122,0.0016348041,1.0
2024-05-13,0.5342095628262374,0.5320469691357808,1.0,1.0,0.06841912565247488,0.551025955324913,0.12416679285485102,0.005434052,1.0
2024-05-14,0.5279378905073709,0.5273781065772367,1.0,1.0,0.05587578101474189,0.44924598933234805,0.12437680545080058,0.012528169,1.0
2024-05-15,0.525928993951207,0.5268523713085511,1.0,1.0,0.051857987902413916,0.42173749738139005,0.12296271549104669,-0.0027726432,-1.0
2024-05-16,0.533066322697247,0.5319176161842689,1.0,1.0,0.06613264539449393,0.5692053321169956,0.11618416353995237,0.0016833425,1.0
2024-05-17,0.5134582581743714,0.5139142884395268,1.0,1.0,0.026916516348742814,0.2352727231461588,0.11440559699741065,0.00056646526,1.0
2024-05-20,0.5404085849386404,0.5445011092702222,1.0,1.0,0.08081716987728083,0.7587298429214039,0.10651639793961894,0.0028307228,1.0
2024-05-21,0.5303048490665682,0.5258859856174107,1.0,1.0,0.060609698133136325,0.6048162864963343,0.10021174939624193,-0.00075272867,-1.0
2024-05-22,0.5450787428256278,0.5354706224790255,1.0,1.0,0.0901574856512557,0.8527028666055142,0.10573142085256439,-0.009227872,-1.0
2024-05-23,0.5656743292341386,0.5625832646243178,1.0,1.0,0.13134865846827726,1.2299681810330616,0.10679028977640406,0.006234556,1.0
2024-05-24,0.5395375727840512,0.5334711074280671,1.0,1.0,0.07907514556810247,0.7384988340744901,0.10707551849719833,-0.00020779025,-1.0
2024-05-28,0.5481524693499892,0.5435878846391184,1.0,1.0,0.09630493869997836,1.0370440373145917,0.09286484974096026,-0.009730384,-1.0
2024-05-29,0.5729711327073949,0.5671436313809609,1.0,1.0,0.14594226541478972,1.523245702108865,0.09581006216708127,-0.004388308,-1.0
2024-05-30,0.5485431626118579,0.5496753605571552,1.0,1.0,0.09708632522371574,0.9690339032823442,0.10018878069679676,0.012264766,1.0
2024-05-31,0.5128429150687475,0.4995547313938661,1.0,-1.0,0.025685830137494925,0.27203280903844534,0.0944218097379013,-0.0013062739,-1.0
2024-06-03,0.5905599506271554,0.5923255077573332,1.0,1.0,0.18111990125431077,1.9820673243458373,0.0913792881955146,0.002900309,1.0
2024-06-04,0.5687067935874042,0.5587390331367198,1.0,1.0,0.13741358717480834,1.4021050879979162,0.09800519829153673,0.011189657,1.0
2024-06-05,0.5581523344759058,0.5616363222204653,1.0,1.0,0.11630466895181168,1.185596674112128,0.09809800541057535,-0.0009159221,-1.0
2024-06-06,0.5518752327541764,0.5562153740652702,1.0,1.0,0.10375046550835276,1.070065999852214,0.09695707136072136,-0.0021328742,-1.0
2024-06-07,0.5448823363138798,0.5355995895419833,1.0,1.0,0.08976467262775967,0.9273389138501685,0.09679812988227848,0.0033748946,1.0
2024-06-10,0.5452109071958361,0.5429102692663437,1.0,1.0,0.09042181439167218,0.9314899502806271,0.09707223826132648,0.0035130337,1.0
2024-06-11,0.5709958551326286,0.5677754654975613,1.0,1.0,0.14199171026525725,1.4137273870718028,0.1004378295021638,0.009682885,1.0
2024-06-12,0.5486736437515582,0.5546418309679095,1.0,1.0,0.0973472875031165,1.0573025714099182,0.09207136172316634,0.00049794366,1.0
2024-06-13,0.5731900121963812,0.5670361802710006,1.0,1.0,0.14638002439276243,1.6099029465375425,0.09092475090351597,0.0006451613,1.0
2024-06-14,0.5688769878904802,0.5622785285581632,1.0,1.0,0.1377539757809605,1.4568297637546024,0.09455735955444458,0.008639587,1.0
2024-06-17,0.52833540244552,0.5285642044546689,1.0,1.0,0.05667080489104004,0.59978032675613,0.09448593487142222,0.0023012017,1.0
2024-06-18,0.5335663947939646,0.5382290608383508,1.0,1.0,0.06713278958792923,0.7003472189936983,0.09585643773154368,-0.0029701167,-1.0
2024-06-20,0.5264187156047248,0.5274125276163668,1.0,1.0,0.052837431209449504,0.5367559512516197,0.09843846367467746,-0.0051355152,-1.0
2024-06-21,0.5515677716614896,0.5572514984214058,1.0,1.0,0.10313554332297925,1.1271407533361415,0.0915019202506128,-0.002351385,-1.0
2024-06-24,0.529624151283683,0.5269013683101419,1.0,1.0,0.05924830256736602,0.6580795726442917,0.09003212533902977,0.0029645725,1.0
2024-06-25,0.5763682956135487,0.5732814100605982,1.0,1.0,0.15273659122709748,1.6899057915415976,0.09038171949678049,-0.0013034937,-1.0
2024-06-26,0.5586020683038189,0.5551762525982286,1.0,1.0,0.11720413660763773,1.4406882338232503,0.08135287972513339,0.005698739,1.0
2024-06-27,0.5443680503893172,0.541968321048033,1.0,1.0,0.08873610077863447,1.1012983466833288,0.08057407971770066,-0.0036192148,-1.0
2024-06-28,0.5444323668453409,0.5550207100160442,1.0,1.0,0.08886473369068182,1.240811804471886,0.07161822072486197,-0.00036690515,-1.0
2024-07-01,0.5730428987077753,0.5649507207532015,1.0,1.0,0.1460857974155505,2.013974318121697,0.0725360775959622,0.006147917,1.0
2024-07-02,0.5753727479638667,0.5705701790540073,1.0,1.0,0.15074549592773345,2.0527481219034915,0.07343594390331179,0.005271318,1.0
2024-07-03,0.5739406507761623,0.5717575021036664,1.0,1.0,0.1478813015523246,2.226052592617317,0.06643207893774458,0.005406975,1.0
2024-07-05,0.5749910975841713,0.5746128366705863,1.0,1.0,0.14998219516834266,2.2677744336187935,0.0661362933389319,0.004114632,1.0
2024-07-08,0.5402077307687039,0.5390362295450498,1.0,1.0,0.08041546153740775,1.2350440885748206,0.06511140960984088,-0.00066498923,-1.0
2024-07-09,0.5511941039969281,0.5530712248954299,1.0,1.0,0.10238820799385628,1.473041434205634,0.06950802986005014,0.009010306,1.0
2024-07-10,0.5405247032160225,0.5412020440708754,1.0,1.0,0.08104940643204506,1.0284462811512483,0.07880762264152283,-0.008216883,-1.0
2024-07-11,0.49940775051582786,0.5242850106849939,-1.0,1.0,0.001184498968344272,0.015813676134459807,0.07490345434374449,0.006002552,1.0
2024-07-12,0.5412066685820108,0.539742602343525,1.0,1.0,0.08241333716402166,1.0929020583711833,0.07540779755401608,0.0043767975,1.0
2024-07-15,0.5247552523484317,0.5328411762407032,1.0,1.0,0.049510504696863356,0.6546826255589259,0.07562520030922537,0.0038774856,1.0
2024-07-16,0.5239633047839405,0.5349234155321942,1.0,1.0,0.04792660956788097,0.5663086727576372,0.08462983505886038,-0.011197732,-1.0
2024-07-17,0.5219680963426394,0.5264777258437123,1.0,1.0,0.04393619268527882,0.4869506787144451,0.09022719262096693,-0.008027523,-1.0
2024-07-18,0.5832758067490257,0.5844783606106112,1.0,1.0,0.16655161349805137,1.759091899090876,0.09468045051206685,-0.008218931,-1.0
2024-07-19,0.5708918179321263,0.5706580281120133,1.0,1.0,0.14178363586425258,1.446906620970789,0.09799086811084196,0.009525544,1.0
2024-07-22,0.5661186367236174,0.5622507832770287,1.0,1.0,0.1322372734472348,1.3244655215054937,0.09984199007077459,-0.005304178,-1.0
2024-07-23,0.5735427510199197,0.5806488383825963,1.0,1.0,0.1470855020398394,1.2686036412095056,0.11594283451654441,-0.016106214,-1.0
2024-07-24,0.5429878884338055,0.53989449699388,1.0,1.0,0.08597577686761104,0.7309436249859868,0.11762299297604425,-0.005825314,-1.0
2024-07-25,0.5683423663009866,0.5704450889365472,1.0,1.0,0.1366847326019731,1.1327439094075147,0.12066693227551009,0.00921565,1.0
2024-07-26,0.5688203721444438,0.5688100112662922,1.0,1.0,0.13764074428888762,1.1459399602636644,0.12011165424165716,-0.0015066052,-1.0
2024-07-29,0.5981758769696478,0.593096380754821,1.0,1.0,0.1963517539392956,1.6337080423699977,0.12018778683028997,-0.0013432698,-1.0
2024-07-30,0.5448086522996373,0.5445536049552592,1.0,1.0,0.08961730459927453,0.6488377795157269,0.13811973875220737,0.01978921,1.0
2024-07-31,0.5785236958958067,0.5703885989005668,1.0,1.0,0.1570473917916133,0.9898940814850915,0.1586507028671214,-0.0222961,-1.0
2024-08-01,0.5914263910198387,0.6140582604076132,1.0,1.0,0.18285278203967748,1.0873562156030037,0.1681627229566851,-0.018239947,-1.0
2024-08-02,0.6038200814484512,0.6063302525176077,1.0,1.0,0.20764016289690246,1.1992532781092078,0.17314120935677282,-0.01568,-1.0
2024-08-05,0.5829559921048709,0.5791916610759418,1.0,1.0,0.16591198420974185,0.9582156509897712,0.17314681099016294,-0.0056987684,-1.0
2024-08-06,0.5959733182880249,0.607357181467586,1.0,1.0,0.19194663657604982,1.1462406415941202,0.16745753867975086,-0.0076739625,-1.0
2024-08-07,0.5831717318486036,0.5629940989915432,1.0,1.0,0.1663434636972072,0.8062422017775588,0.206319469919166,0.030313015,1.0
2024-08-08,0.5365885144626238,0.5139434423430809,1.0,1.0,0.07317702892524758,0.35716249864083904,0.2048844131276897,0.0026336086,1.0
2024-08-09,0.5787701474720381,0.5737686134317392,1.0,1.0,0.1575402949440763,0.7735507037617211,0.20365865376111641,0.00054410024,1.0
2024-08-12,0.5673144016514122,0.567268537713852,1.0,1.0,0.13462880330282445,0.6310560313600964,0.21333890591721782,0.016239123,1.0
2024-08-13,0.5418168004891142,0.5460850742039972,1.0,1.0,0.08363360097822836,0.3960031469020268,0.21119428376391094,0.0033029488,1.0
2024-08-14,0.5208484966229346,0.5248001149259156,1.0,1.0,0.041696993245869285,0.18940276772912626,0.22014986235841127,0.018060435,1.0
2024-08-15,0.49905878747912186,0.49446351454849913,-1.0,-1.0,0.001882425041756286,0.00863688032927226,0.21795196529195146,0.0006322825,1.0
2024-08-16,0.511537386114746,0.522418197843762,1.0,1.0,0.023074772229491947,0.10580590800021245,0.2180858580169797,0.009767106,1.0
2024-08-19,0.5013486175920007,0.5071068283273902,1.0,1.0,0.0026972351840013342,0.012422030939558572,0.21713318837516782,-0.0013766963,-1.0
2024-08-20,0.5183771721916901,0.5209862303019009,1.0,1.0,0.03675434438338021,0.17661837883462023,0.20810033828809965,0.004708705,1.0
2024-08-21,0.4960622380886905,0.5103766611278056,-1.0,1.0,0.007875523822619024,0.037721300898639475,0.20878187217830224,-0.007127965,-1.0
2024-08-22,0.49015077520823963,0.48997883364801487,-1.0,-1.0,0.01969844958352074,0.09435509227413627,0.2087693319857024,0.009189296,1.0
2024-08-23,0.49063248018929234,0.5025309784022104,-1.0,1.0,0.018735039621415317,0.08950656939760945,0.2093146877095671,-0.0035568834,-1.0
2024-08-26,0.49910096055819064,0.5011696885534442,-1.0,1.0,0.0017980788836187145,0.00860120760399832,0.20904958540738716,0.0008388513,1.0
2024-08-27,0.5275205200199031,0.5247079457583208,1.0,1.0,0.055041040039806255,0.2719687464621192,0.2023800188654124,-0.011234753,-1.0
2024-08-28,0.537007247115639,0.5393690272588236,1.0,1.0,0.07401449423127793,0.39871540429500907,0.18563239201190904,0.007935649,1.0
2024-08-29,0.49616984241956247,0.4882780407206435,-1.0,-1.0,0.007660315160875064,0.04475250718116874,0.17117063698496926,0.008213148,1.0
2024-08-30,0.531452385637202,0.5298328953611583,1.0,1.0,0.06290477127440397,0.34629234019781785,0.181652216847967,-0.022096016,-1.0
2024-09-03,0.5716191257520746,0.5710825056003996,1.0,1.0,0.14323825150414926,0.7974392917577601,0.1796227662527332,-0.0013067151,-1.0
2024-09-04,0.5615568552223883,0.5613569099155709,1.0,1.0,0.12311371044477659,0.6979847183808763,0.17638453565339507,-0.0022352256,-1.0
2024-09-05,0.5731949371042843,0.5779530372796922,1.0,1.0,0.14638987420856853,0.9065248255037825,0.1614846831439121,-0.018668609,-1.0
2024-09-06,0.565406901243842,0.5710283113808018,1.0,1.0,0.13081380248768393,0.7701711749910901,0.1698502965775073,0.0155902,1.0
2024-09-09,0.5454897900208285,0.5256272839256688,1.0,1.0,0.09097958004165707,0.5356927940288874,0.1698353628343766,0.002010234,1.0
2024-09-10,0.5817028977922165,0.5848360294692581,1.0,1.0,0.16340579558443302,0.9919256977870694,0.16473592321378727,0.011015867,1.0
2024-09-11,0.5716997130928001,0.5700025252218668,1.0,1.0,0.1433994261856002,0.8593953882693725,0.1668608281391574,0.008875419,1.0
2024-09-12,0.5315412414475276,0.5326833620381901,1.0,1.0,0.06308248289505514,0.4057853810348816,0.1554577514206519,0.0042735045,1.0
2024-09-13,0.5196406491214466,0.5345077794542723,1.0,1.0,0.03928129824289317,0.25265705741036193,0.1554727924306229,0.00140657,1.0
2024-09-16,0.5205710358110437,0.5196258139883425,1.0,1.0,0.041142071622087384,0.2708161832253509,0.1519188075546148,0.0018135267,1.0
2024-09-17,0.519727814362207,0.5247835274945467,1.0,1.0,0.039455628724414105,0.2596158854171462,0.15197694340243278,0.0027331132,1.0
2024-09-18,0.5055820965081294,0.5061991741542683,1.0,1.0,0.011164193016258706,0.07227731503374273,0.154463305824887,0.009292035,1.0
2024-09-19,0.5484726920479742,0.5492615948823368,1.0,1.0,0.09694538409594844,0.6353895064274642,0.15257630652579196,-0.0036825954,-1.0
2024-09-20,0.543446097978413,0.547847656999431,1.0,1.0,0.08689219595682607,0.5809131275869052,0.14957864064421045,0.0020241134,1.0
2024-09-23,0.5361629387172575,0.5311610850648677,1.0,1.0,0.07232587743451502,0.48538354822336854,0.14900768206760767,0.0033725628,1.0
2024-09-24,0.5338255738990578,0.53163025713855,1.0,1.0,0.06765114779811565,0.45372271170350015,0.1491024056171217,-0.00049017894,-1.0
2024-09-25,0.5398047577525344,0.5346321775342328,1.0,1.0,0.0796095155050689,0.5605000632667341,0.14203301787529657,0.0025571864,1.0
2024-09-26,0.5459480921336082,0.543811724068854,1.0,1.0,0.09189618426721635,0.6521270124245988,0.14091761653231885,-0.0030573027,-1.0
2024-09-27,0.5337772679077479,0.5402276158870744,1.0,1.0,0.06755453581549586,0.485855174263871,0.13904253652922213,0.004538684,1.0
2024-09-30,0.5277539934097198,0.520096579743168,1.0,1.0,0.05550798681943969,0.47481859457991943,0.11690356581032511,-0.009559696,-1.0
2024-10-01,0.5619813881027028,0.565944529358122,1.0,1.0,0.12396277620540563,1.0631003372516163,0.11660496367246088,0.003505002,1.0
2024-10-02,0.5425715152792104,0.5386674348611512,1.0,1.0,0.08514303055842087,0.7262901730291788,0.11723004622699232,-0.0034401054,-1.0
2024-10-03,0.5675984247692899,0.5654807272798736,1.0,1.0,0.1351968495385798,1.4852312690978229,0.09102747319661719,0.007960689,1.0
2024-10-04,0.5552872704303315,0.546495363175635,1.0,1.0,0.1105745408606631,1.2804835279033566,0.08635373938914785,-0.008055075,-1.0
2024-10-07,0.5732459610599822,0.5736582395612106,1.0,1.0,0.1464919221199643,1.6313090955218452,0.08980022395639405,0.008789854,1.0
2024-10-08,0.5863616256906532,0.5793647362775582,1.0,1.0,0.1727232513813064,2.007755752934949,0.08602801965767926,0.0075258864,1.0
2024-10-09,0.5663732052052372,0.5599114671492127,1.0,1.0,0.1327464104104743,1.61004282691656,0.08244899340019471,-0.0003986135,-1.0
2024-10-10,0.5705665274466977,0.5692794113058062,1.0,1.0,0.14113305489339534,1.7197904656990812,0.08206409891685605,0.0031901798,1.0
2024-10-11,0.5446254140535778,0.5568276560710188,1.0,1.0,0.08925082810715557,1.0129573948878123,0.08810916289035071,0.010542507,1.0
2024-10-14,0.5460685493373247,0.5401354590713793,1.0,1.0,0.09213709867464948,0.9664217351519454,0.09533839660607721,-0.00829471,-1.0
2024-10-15,0.5601925238746958,0.5695027603607474,1.0,1.0,0.12038504774939152,1.2623025357600772,0.09536940974051311,0.0028972512,1.0
2024-10-16,0.5410905633141542,0.5463165842128497,1.0,1.0,0.08218112662830834,0.9042316453853932,0.09088503708945274,0.002338618,1.0
2024-10-17,0.5443698202165598,0.5447210747464359,1.0,1.0,0.08873964043311955,0.9935145490166359,0.0893189138709167,0.0031223195,1.0
2024-10-18,0.5671475727526013,0.5703116721609743,1.0,1.0,0.1342951455052026,1.4910318320393947,0.09006859720863047,-0.0018983445,-1.0
2024-10-21,0.5704381782398229,0.5648240721655948,1.0,1.0,0.1408763564796458,1.5649119239130163,0.09002190751246154,-0.00092527544,-1.0
2024-10-22,0.5723788694918016,0.569366981314509,1.0,1.0,0.14475773898360322,1.5208359600896992,0.0951830064401327,-0.0077349204,-1.0
2024-10-23,0.5567038260542487,0.5528227265599439,1.0,1.0,0.11340765210849746,1.1941810191240387,0.09496688549922253,0.0013827434,1.0
2024-10-24,0.5879825988075472,0.5900456737202785,1.0,1.0,0.17596519761509444,1.858685775097614,0.09467183747390176,-0.00243372,-1.0
2024-10-25,0.5944993089981825,0.5958983672228785,1.0,1.0,0.18899861799636497,1.9931436687969881,0.09482438268508754,0.0048101046,1.0
2024-10-28,0.5424385745342216,0.5382315416874356,1.0,1.0,0.08487714906844324,0.9717006184212167,0.08734907383958292,0.003994972,1.0
2024-10-29,0.5882512962706934,0.5864497943937204,1.0,1.0,0.17650259254138678,1.877197523162792,0.09402451812529924,-0.008832862,-1.0
2024-10-30,0.583061816555406,0.5931028672966265,1.0,1.0,0.16612363311081202,1.5367269434897337,0.10810224536934582,-0.014708427,-1.0
2024-10-31,0.5704043506261736,0.5738921589135422,1.0,1.0,0.14080870125234712,1.3426102091274066,0.10487682895235986,0.003336846,1.0
2024-11-01,0.5733931489264718,0.5758230276557437,1.0,1.0,0.1467862978529435,1.4497837511547276,0.10124702924558975,-0.0030106774,-1.0
2024-11-04,0.5895853110557842,0.5921524807666348,1.0,1.0,0.1791706221115683,1.5795920201771902,0.11342841684618658,0.016749183,1.0
2024-11-05,0.5471393674738683,0.5373939022072813,1.0,1.0,0.09427873494773653,0.7250239063065421,0.13003534659707514,0.019564167,1.0
2024-11-06,0.5163244489233283,0.5303228567662973,1.0,1.0,0.03264889784665659,0.24598644061406505,0.1327264127451657,0.008942332,1.0
2024-11-07,0.576324985672968,0.5816324034638659,1.0,1.0,0.15264997134593594,1.1491266338734079,0.13283999069048855,0.0038104511,1.0
2024-11-08,0.5346573481690653,0.5406029677692115,1.0,1.0,0.06931469633813059,0.538591850590819,0.1286961476711808,0.00023411372,1.0
2024-11-11,0.5210206643304093,0.5420666177081501,1.0,1.0,0.042041328660818555,0.33626589585339256,0.1250240633357241,-0.0033604172,-1.0
2024-11-12,0.5459695265414192,0.5440494901130656,1.0,1.0,0.09193905308283834,0.7360406938904114,0.12491028532252196,0.0017613608,1.0
2024-11-13,0.5295285196589499,0.5300887125692334,1.0,1.0,0.05905703931789974,0.45463962971169564,0.12989857341593838,-0.008791319,-1.0
2024-11-14,0.5670140493061862,0.5678154437220484,1.0,1.0,0.1340280986123723,0.9937455047184518,0.13487165272797402,-0.009832243,-1.0
2024-11-15,0.5303243018033804,0.5237432268368565,1.0,1.0,0.06064860360676083,0.44897242511989904,0.13508313698901328,0.0032928973,1.0
2024-11-18,0.5652427317055745,0.5606183732448153,1.0,1.0,0.13048546341114897,0.9576669568356044,0.13625348820879118,0.0056968913,1.0
2024-11-19,0.5550476741905461,0.5540206139675641,1.0,1.0,0.11009534838109225,0.8200538607057628,0.13425380167875914,-0.004869883,-1.0
2024-11-20,0.570599316757738,0.5752236436421483,1.0,1.0,0.141198633515476,1.0356175851877674,0.13634244487058933,0.007578461,1.0
2024-11-21,0.533943294076509,0.5308944474232611,1.0,1.0,0.06788658815301796,0.49699071015490653,0.13659528591964717,0.0058687623,1.0
2024-11-22,0.5288083322084729,0.5373549002610206,1.0,1.0,0.057616664416945795,0.4217524256889511,0.13661252646698224,-0.001978372,-1.0
2024-11-25,0.5681833485178376,0.5825883406825592,1.0,1.0,0.13636669703567517,0.9764046317010363,0.13966207513590437,0.009793875,1.0
2024-11-26,0.532820347575837,0.5227296597456231,1.0,1.0,0.06564069515167392,0.48517638508310934,0.13529243625579562,-0.0028281484,-1.0
2024-11-27,0.5373331550220688,0.5501659707057707,1.0,1.0,0.0746663100441376,0.6174733174988154,0.120922326403652,0.006206206,1.0
2024-11-29,0.5531203782856936,0.5592227857591897,1.0,1.0,0.10624075657138721,0.8770666423843839,0.12113190883940385,0.00082902244,1.0
2024-12-02,0.5702093918387434,0.5746928334852736,1.0,1.0,0.14041878367748684,1.175940229990317,0.11940979660049822,0.0010105695,1.0
2024-12-03,0.5519259035795124,0.5575395657992563,1.0,1.0,0.10385180715902487,0.9613331714507559,0.10802894380758883,0.004385747,1.0
2024-12-04,0.5708701499841848,0.573086718192487,1.0,1.0,0.14174029996836968,1.6234691095321914,0.08730705076933226,-0.0010875297,-1.0
2024-12-05,0.5508057906607667,0.5458995441127164,1.0,1.0,0.10161158132153347,1.229882655479372,0.08261892373945892,0.001897001,1.0
2024-12-06,0.5620468644847298,0.5663249013708448,1.0,1.0,0.1240937289694597,1.4704560967823246,0.0843913186126424,-0.0048570065,-1.0
2024-12-09,0.5414347738010822,0.541830000492397,1.0,1.0,0.08286954760216436,0.976022851482284,0.08490533543995465,-0.002084643,-1.0
2024-12-10,0.5498087724196326,0.5483235048133577,1.0,1.0,0.0996175448392651,1.1606120247460658,0.0858319082650042,0.0059685656,1.0
2024-12-11,0.5736587567591064,0.5713503885355304,1.0,1.0,0.14731751351821276,1.7033589743649002,0.08648647509732368,-0.0022743754,-1.0
2024-12-12,0.5485937370711558,0.5418360805128775,1.0,1.0,0.09718747414231155,1.2146034593431252,0.08001580548343895,-0.002576894,-1.0
2024-12-13,0.589127630869049,0.5845238448310549,1.0,1.0,0.17825526173809791,2.5708158838321857,0.06933801166358976,0.0034778577,1.0
2024-12-16,0.5912478403800823,0.5914490791877306,1.0,1.0,0.18249568076016454,2.570981404371853,0.07098288632109037,-0.0030202006,-1.0
2024-12-17,0.5778552552834271,0.5756810596937545,1.0,1.0,0.15571051056685414,1.2808197626865647,0.12157097751228155,-0.02704895,-1.0
2024-12-18,0.5983258279403914,0.5955261081484797,1.0,1.0,0.1966516558807827,1.6104204396911623,0.12211199698787696,-0.0058528287,-1.0
2024-12-19,0.5804859621846729,0.5780551732815928,1.0,1.0,0.1609719243693457,1.2513639969745605,0.1286371709259094,0.013366193,1.0
2024-12-20,0.5494184537126777,0.5354198684920809,1.0,1.0,0.09883690742535545,0.7734518911223207,0.127786755142505,0.0042727827,1.0
2024-12-23,0.5777840864227836,0.5617417312443375,1.0,1.0,0.15556817284556712,1.1670252814352162,0.1333031728792098,0.010846716,1.0
2024-12-24,0.5592668882371662,0.5439271866638444,1.0,1.0,0.11853377647433239,0.9203640166403948,0.1287901029714485,-0.0011478955,-1.0
2024-12-26,0.5462513629065304,0.5538334273197713,1.0,1.0,0.09250272581306085,0.6989240196688755,0.13235018858972,-0.008960543,-1.0
2024-12-27,0.5484255889357924,0.5508204663732369,1.0,1.0,0.09685117787158481,0.7057903699938286,0.1372237168274649,-0.012990941,-1.0
2024-12-30,0.5724493970785388,0.5806636457811177,1.0,1.0,0.14489879415707763,1.057695120825459,0.13699485920289958,-0.0013281117,-1.0
2024-12-31,0.5329219465569953,0.5254820235066712,1.0,1.0,0.06584389311399064,0.48164655793668343,0.13670583133835326,-0.0011252813,-1.0
