date,P_up,U_var,sign,c8,c16,a8,a16,ret,ret_sign,vol20d
2021-01-04,0.5763563050194879,0.00014466719519693483,1.0,0.10388480797410012,0.16422151625156403,0.10388480797410012,0.16422151625156403,0.005604592,1.0,0.1065378346917438
2021-01-05,0.5406782025096643,0.00016632200918145318,1.0,0.07467061430215835,0.10699170902371406,0.07467061430215835,0.10699170902371406,0.009665868,1.0,0.11098510957332386
2021-01-06,0.4484683644401616,0.0023918372924253287,-1.0,-0.12980764210224152,-0.11223122850060463,0.12980764210224152,0.11223122850060463,0.013013333,1.0,0.11696488516088081
2021-01-07,0.5566879957683948,0.0004908704131896351,1.0,0.18277573119848967,0.12733510732650757,0.18277573119848967,0.12733510732650757,0.004527746,1.0,0.11043182120595392
2021-01-08,0.5614511236010319,0.0005651822586861546,1.0,0.15467709070071578,0.1261309128254652,0.15467709070071578,0.1261309128254652,-0.004874214,-1.0,0.11258139154402677
2021-01-11,0.5245640662667391,0.00048678243067261807,1.0,0.20540505982935428,0.19996775090694427,0.20540505982935428,0.19996775090694427,-0.001922368,-1.0,0.11221139381243303
2021-01-12,0.5462048421521833,0.0005162081248784305,1.0,0.15423751436173916,0.16725712032057344,0.15423751436173916,0.16725712032057344,0.0044589853,1.0,0.11197631836240579
2021-01-13,0.5547498671650122,0.0004072921867454651,1.0,0.16977492677979172,0.21567767187952996,0.16977492677979172,0.21567767187952996,-0.0064355135,-1.0,0.11223282944859382
2021-01-14,0.5446494674756812,0.0007040373660148413,1.0,0.17908237427473067,0.24961843490600585,0.17908237427473067,0.24961843490600585,-0.009861203,-1.0,0.11855683285168322
2021-01-15,0.5714286392044193,0.00014899494087656338,1.0,0.20205946788191795,0.3067920386791229,0.20205946788191795,0.3067920386791229,0.012789704,1.0,0.12580477001835427
2021-01-19,0.5253433482976544,8.68240932115898e-05,1.0,0.2360155090689659,0.2732567250728607,0.2360155090689659,0.2732567250728607,0.013867285,1.0,0.13210303182027938
2021-01-20,0.5476399255129325,0.0005176774218556485,1.0,0.25244152918457985,0.2550949722528458,0.25244152918457985,0.2550949722528458,-0.0020542424,-1.0,0.1272084085148187
2021-01-21,0.5732758645603528,0.00025190085803284475,1.0,0.26466887146234513,0.301374489068985,0.26466887146234513,0.301374489068985,-0.0027098858,-1.0,0.12558984878535592
2021-01-22,0.545799302697598,0.000223072897735687,1.0,0.31772245168685914,0.3199203431606293,0.31772245168685914,0.3199203431606293,0.0026388671,1.0,0.12443163270894556
2021-01-25,0.5671173793717372,0.0003812924053211152,1.0,0.3210880696773529,0.334848690032959,0.3210880696773529,0.334848690032959,0.001198697,1.0,0.12442102184814299
2021-01-26,0.5460914630122125,0.00021453004996542518,1.0,0.31734617948532107,0.3333944231271744,0.31734617948532107,0.3333944231271744,-0.031102782,-1.0,0.1664188773677331
2021-01-27,0.6186419494141839,0.00024525936004575054,1.0,0.2769211370497942,0.4600213348865509,0.2769211370497942,0.4600213348865509,0.010019879,1.0,0.16909735640431142
2021-01-28,0.5158639483893519,0.0004871725332352952,1.0,0.2589884623885155,0.40964677929878235,0.2589884623885155,0.40964677929878235,-0.017394079,-1.0,0.1806014206207108
2021-01-29,0.5654894571814116,0.0007095108283046188,1.0,0.28741439506411554,0.46315351128578186,0.28741439506411554,0.46315351128578186,0.018351603,1.0,0.191452625191962
2021-02-01,0.5384431716041485,0.0004802569855192386,1.0,0.25380436331033707,0.4163288712501526,0.25380436331033707,0.4163288712501526,0.018898014,1.0,0.19496611583938
2021-02-02,0.5021436410909368,0.0005487521763816734,1.0,0.27425196319818496,0.4072993338108063,0.27425196319818496,0.4072993338108063,-0.0026086504,-1.0,0.19509497929998956
2021-02-03,0.5364341359894126,0.0008058788456102752,1.0,0.30861056596040726,0.447985577583313,0.30861056596040726,0.447985577583313,0.009494168,1.0,0.19500086321988852
2021-02-04,0.5201483609395696,0.0004934433972987137,1.0,0.32407885454595087,0.4113275587558746,0.32407885454595087,0.4113275587558746,0.0057517425,1.0,0.19098390604987417
2021-02-05,0.504348383621843,0.0005369988730426769,1.0,0.4087620049715042,0.45011739134788514,0.4087620049715042,0.45011739134788514,0.0059506944,1.0,0.1913838967282067
2021-02-08,0.5090743259307855,0.0006849357543405965,1.0,0.38270704746246337,0.4218143254518509,0.38270704746246337,0.4218143254518509,0.0004609475,1.0,0.190062026707597
2021-02-09,0.5149987831331228,0.00023932513764073716,1.0,0.3737721309065819,0.481865781545639,0.3737721309065819,0.481865781545639,-0.0037114774,-1.0,0.19059336816371433
2021-02-10,0.5320139946851714,0.0001415005234346413,1.0,0.4001746863126755,0.47606791853904723,0.4001746863126755,0.47606791853904723,0.0031343936,1.0,0.19036927776676352
2021-02-11,0.5135906911467822,0.00012009200560878454,1.0,0.3978190317749977,0.5182431399822235,0.3978190317749977,0.5182431399822235,0.0067870407,1.0,0.18899286746116173
2021-02-12,0.49385487683634705,0.000252006730037075,-1.0,-0.39291879199445245,-0.5651855945587159,0.39291879199445245,0.5651855945587159,-0.004197405,-1.0,0.18531383320586234
2021-02-16,0.5171434732863883,0.000645158690927317,1.0,0.43441288769245145,0.5634491503238678,0.43441288769245145,0.5634491503238678,0.004189552,1.0,0.18131508081332848
2021-02-17,0.48910386062991834,0.0004356025836967792,-1.0,-0.4264099657535553,-0.5909736812114715,0.4264099657535553,0.5909736812114715,-0.0066142613,-1.0,0.17785055796164326
2021-02-18,0.5494134885505961,0.0002068525210934781,1.0,0.3955552116036415,0.6094401180744171,0.3955552116036415,0.6094401180744171,-0.0020230992,-1.0,0.1778439071623613
2021-02-19,0.5108442784117023,0.0013628651353898727,1.0,0.38787286877632143,0.5753369152545929,0.38787286877632143,0.5753369152545929,-0.007672569,-1.0,0.18001166948667102
2021-02-22,0.4902974461245215,0.001315831501390161,-1.0,-0.38712911754846574,-0.647066617012024,0.38712911754846574,0.647066617012024,0.0010085077,1.0,0.17985701761685174
2021-02-23,0.5300198214375218,0.00013813096356290585,1.0,0.376382440328598,0.6052466452121734,0.376382440328598,0.6052466452121734,0.014285714,1.0,0.18641479205603617
2021-02-24,0.4883128586772222,0.000823268903366059,-1.0,-0.41859245523810384,-0.6242586493492126,0.41859245523810384,0.6242586493492126,-0.026742734,-1.0,0.176804204942926
2021-02-25,0.5715790303623886,0.0013916463264303921,1.0,0.3258039027452469,0.6573107004165649,0.3258039027452469,0.6573107004165649,-0.006332923,-1.0,0.17571656045804765
2021-02-26,0.6061696442083165,0.0009742877817530001,1.0,0.38614336848258973,0.6779409408569336,0.38614336848258973,0.6779409408569336,0.027231308,1.0,0.18634944731785272
2021-03-01,0.526229299461895,0.0008250942584119009,1.0,0.36626660265028477,0.5924136936664581,0.36626660265028477,0.5924136936664581,-0.005819767,-1.0,0.17917832351956717
2021-03-02,0.5459151070465582,0.00018965726585806753,1.0,0.3811972089111805,0.6476783275604248,0.3811972089111805,0.6476783275604248,-0.01761308,-1.0,0.17922754558549242
2021-03-03,0.5378871436773424,0.0011173933082292429,1.0,0.4176048278808594,0.6550564408302307,0.4176048278808594,0.6550564408302307,-0.018375115,-1.0,0.1903686222446544
2021-03-04,0.5823890725384531,0.0015777932535835349,1.0,0.44957507848739625,0.7241198301315308,0.44957507848739625,0.7241198301315308,0.026741544,1.0,0.21167907490292098
2021-03-05,0.47145560184811935,0.0017160804947006628,-1.0,-0.39863230288028717,-0.627040034532547,0.39863230288028717,0.627040034532547,-0.0016147936,-1.0,0.21055416715112094
2021-03-08,0.4628373755662213,0.0024175821973982997,-1.0,-0.42172685265541077,-0.6899610161781311,0.42172685265541077,0.6899610161781311,0.009600083,1.0,0.21243778499754434
2021-03-09,0.6139847806458322,0.0009384165977285875,1.0,0.39848572909832003,0.60085529088974,0.39848572909832003,0.60085529088974,0.006098034,1.0,0.2136668922245876
2021-03-10,0.4978577775617058,0.0008252079072752752,-1.0,-0.3873149260878563,-0.6611748039722443,0.3873149260878563,0.6611748039722443,0.011942368,1.0,0.2173338510393807
2021-03-11,0.5418635406409309,0.0003461293122130448,1.0,0.40608048886060716,0.6476392626762391,0.40608048886060716,0.6476392626762391,7.613827e-05,1.0,0.21715066943366595
2021-03-12,0.47905801290081407,0.0008727604623494948,-1.0,-0.40901737064123156,-0.7001353144645691,0.40901737064123156,0.7001353144645691,0.0047455905,1.0,0.21649261351572466
2021-03-15,0.5314866117218509,0.0002105527281925615,1.0,0.4041462652385235,0.6767626762390136,0.4041462652385235,0.6767626762390136,0.0008335017,1.0,0.21579697649433655
2021-03-16,0.5324638354050892,0.00020802635903252538,1.0,0.43570206463336947,0.6758128941059113,0.43570206463336947,0.6758128941059113,0.0044416403,1.0,0.21585293387802837
2021-03-17,0.503449479623046,0.0001303380030572172,1.0,0.4260769337415695,0.657316392660141,0.4260769337415695,0.657316392660141,-0.015451873,-1.0,0.22202154620420828
2021-03-18,0.4902698639451657,0.0007813084306413281,-1.0,-0.3915835529565811,-0.7101754426956177,0.3915835529565811,0.7101754426956177,-0.007043332,-1.0,0.2234193658545819
2021-03-19,0.5541565607079582,0.0005936458434108694,1.0,0.4488036289811134,0.584363579750061,0.4488036289811134,0.584363579750061,0.0106399385,1.0,0.22451353819011063
2021-03-22,0.5386783320082162,0.0003344112829496611,1.0,0.4275008981116116,0.6754692494869232,0.4275008981116116,0.6754692494869232,-0.00963788,-1.0,0.2276247534355532
2021-03-23,0.5690259413067914,0.000594642075232308,1.0,0.4124328330159187,0.7236931324005127,0.4124328330159187,0.7236931324005127,-0.0034407498,-1.0,0.22190783671103942
2021-03-24,0.4980429783596619,0.0002688566076010241,-1.0,-0.4469172418117523,-0.7456923365592957,0.4469172418117523,0.7456923365592957,0.0056427303,1.0,0.19975483392790835
2021-03-25,0.49513658653205717,0.000831715273306021,-1.0,-0.38506713286042216,-0.6786082148551941,0.38506713286042216,0.6786082148551941,0.013656162,1.0,0.2024294883262984
2021-03-26,0.5065960464010777,0.0005390316665503422,1.0,0.4262914016842842,0.6783344864845275,0.4262914016842842,0.6783344864845275,0.001415464,1.0,0.1794087670090499
2021-03-29,0.5268377129128566,0.0008382896570952979,1.0,0.4674504518508911,0.7255642652511597,0.4674504518508911,0.7255642652511597,-0.0039375047,-1.0,0.1786044128548947
2021-03-30,0.529063739932538,0.0008561097416918264,1.0,0.4464090257883072,0.6676139891147613,0.4464090257883072,0.6676139891147613,0.0050933785,1.0,0.16499534006112138
2021-03-31,0.5553911314293307,0.0004680529785040241,1.0,0.47961653098464013,0.6504950135946274,0.47961653098464013,0.6504950135946274,0.011521783,1.0,0.14923322325717467
2021-04-01,0.5451054961100014,0.00029671204945642423,1.0,0.47957655042409897,0.6670457422733307,0.47957655042409897,0.6670457422733307,0.01380823,1.0,0.12816901142453896
2021-04-05,0.5222648420987561,0.0005257212999902839,1.0,0.5398996353149415,0.7050620973110199,0.5398996353149415,0.7050620973110199,-4.9170252e-05,-1.0,0.12755340989907832
2021-04-06,0.5363900922327075,0.0009665606203344198,1.0,0.5559333533048629,0.6998044490814209,0.5559333533048629,0.6998044490814209,0.0022373565,1.0,0.125153646308903
2021-04-07,0.5278919946241964,0.0011362445425401897,1.0,0.598202931880951,0.7112524449825287,0.598202931880951,0.7112524449825287,0.0046119126,1.0,0.12471781094300714
2021-04-08,0.5314322621352107,0.0005095466128724566,1.0,0.5777279317378998,0.6884617149829865,0.5777279317378998,0.6884617149829865,0.0028325845,1.0,0.11971551182062654
2021-04-09,0.5185046858070554,0.0003838499235178444,1.0,0.5866480469703674,0.7384928047657013,0.5866480469703674,0.7384928047657013,0.002410636,1.0,0.11947868448634706
2021-04-12,0.5028290940136746,0.0005925831892811185,1.0,0.6152950704097748,0.7441551506519317,0.6152950704097748,0.7441551506519317,0.0023562561,1.0,0.11910833441542365
2021-04-13,0.5507188285888115,0.0007963197602639958,1.0,0.6055959105491638,0.7321875870227814,0.6055959105491638,0.7321875870227814,-0.0019872044,-1.0,0.1199232604329511
2021-04-14,0.4877820177485893,0.0007098947608913445,-1.0,-0.6412126302719117,-0.7764751017093658,0.6412126302719117,0.7764751017093658,0.009712981,1.0,0.12279766987657881
2021-04-15,0.5364922334931163,0.0010492121414910362,1.0,0.6357687473297119,0.7117119371891022,0.6357687473297119,0.7117119371891022,0.0022365446,1.0,0.1035855113845507
2021-04-16,0.5136871790643511,0.0007339830193339385,1.0,0.5971139252185822,0.7745947122573853,0.5971139252185822,0.7745947122573853,-0.0024715057,-1.0,0.09880644222177917
2021-04-19,0.5163988842390391,0.0007650822789028635,1.0,0.5914558082818985,0.78300461769104,0.5914558082818985,0.78300461769104,-0.009429424,-1.0,0.1046305426086935
2021-04-20,0.5668962009598981,0.0004683988338993848,1.0,0.5555981934070587,0.7619259059429169,0.5555981934070587,0.7619259059429169,0.0076250606,1.0,0.09603387967888341
2021-04-21,0.5262074512593208,0.0002990209390270818,1.0,0.597936949133873,0.7677337765693665,0.597936949133873,0.7677337765693665,-0.0056634694,-1.0,0.09836586327148202
2021-04-22,0.5377717179199462,0.00024984931430848024,1.0,0.5596836939454078,0.7628574132919311,0.5596836939454078,0.7628574132919311,0.008870792,1.0,0.10013233828296872
2021-04-23,0.5341386119398909,0.0002704281025166555,1.0,0.5794955611228942,0.7539427280426025,0.5794955611228942,0.7539427280426025,0.004084084,1.0,0.09239487954024123
2021-04-26,0.5419999817265154,0.00024150252515785578,1.0,0.601661205291748,0.7919927120208741,0.601661205291748,0.7919927120208741,-0.00074171554,-1.0,0.09312684567813405
2021-04-27,0.5295007827196131,0.0006390511958608703,1.0,0.6100123196840286,0.8025482058525085,0.6100123196840286,0.8025482058525085,0.0019873576,1.0,0.08988125747426758
2021-04-28,0.5295540553216638,0.00039989111840059595,1.0,0.6288797825574874,0.8127064824104309,0.6288797825574874,0.8127064824104309,0.0021028987,1.0,0.08956271345496215
2021-04-29,0.5506082687003835,0.00039024528432500376,1.0,0.5933268398046494,0.7842844128608704,0.5933268398046494,0.7842844128608704,-0.0048169787,-1.0,0.08721378638031643
2021-04-30,0.5554717056997304,0.0003500248815018254,1.0,0.5788512349128723,0.7744346141815186,0.5788512349128723,0.7744346141815186,0.0006709319,1.0,0.07523930625642537
2021-05-03,0.5327605546871524,0.00021567381054738902,1.0,0.6352064102888108,0.7890531778335571,0.6352064102888108,0.7890531778335571,-0.004860995,-1.0,0.07828536540962726
2021-05-04,0.5220053847412631,0.0008361682944105642,1.0,0.5572763100266457,0.8038463354110718,0.5572763100266457,0.8038463354110718,0.00026469032,1.0,0.07821450249392288
2021-05-05,0.5409700311527639,0.0002454875140687553,1.0,0.5876108139753342,0.8184708952903748,0.5876108139753342,0.8184708952903748,0.008251341,1.0,0.08144989059131244
2021-05-06,0.5378828081729844,0.00032370145351531197,1.0,0.561441159248352,0.8230293750762939,0.561441159248352,0.8230293750762939,0.00787364,1.0,0.08471344467084012
2021-05-07,0.5276326999004286,0.0005430653785318121,1.0,0.6199303478002548,0.8145459055900574,0.6199303478002548,0.8145459055900574,-0.010558212,-1.0,0.09463660025366308
2021-05-10,0.5244790609592587,0.000537892130272625,1.0,0.5840188026428222,0.835703432559967,0.5840188026428222,0.835703432559967,-0.008876448,-1.0,0.100373425900725
2021-05-11,0.5829079147737689,0.000745574718009824,1.0,0.5367582812905312,0.7786265254020691,0.5367582812905312,0.7786265254020691,-0.01957755,-1.0,0.12247647090727129
2021-05-12,0.5657360255170786,0.002334286294794774,1.0,0.5429843917489052,0.847520625591278,0.5429843917489052,0.847520625591278,0.011966317,1.0,0.12523909294813937
2021-05-13,0.5215468124894501,0.001447988571214478,1.0,0.5658992156386375,0.8010474920272828,0.5658992156386375,0.8010474920272828,0.0156691,1.0,0.13766735283818993
2021-05-14,0.5364235886519217,0.0007981896387360156,1.0,0.5809794306755066,0.7669150710105896,0.5809794306755066,0.7669150710105896,-0.0028986202,-1.0,0.13778222944161006
2021-05-17,0.5345303197800992,0.0009655661234233972,1.0,0.5409195683896542,0.7991306185722351,0.5409195683896542,0.7991306185722351,-0.013526175,-1.0,0.14223459935129723
2021-05-18,0.5865931942604756,0.0012137008519825369,1.0,0.5111568480730057,0.7918294310569763,0.5111568480730057,0.7918294310569763,-0.0019240136,-1.0,0.1393588487885254
2021-05-19,0.5544895166862273,0.001563590619759616,1.0,0.5088781639933586,0.7907344222068786,0.5088781639933586,0.7907344222068786,0.014689734,1.0,0.147982141038356
2021-05-20,0.5437644271706801,0.0003482070380524863,1.0,0.5673454985022545,0.7693917751312256,0.5673454985022545,0.7693917751312256,-0.0009378833,-1.0,0.144621649168941
2021-05-21,0.5250165847781241,0.0005746575393589017,1.0,0.5021132973954081,0.7879296183586121,0.5021132973954081,0.7879296183586121,0.010518968,1.0,0.14880918626361164
2021-05-24,0.5390077140086812,0.00011172303099910793,1.0,0.5897199600934983,0.7754988074302673,0.5897199600934983,0.7754988074302673,-0.0016912413,-1.0,0.14893240378253506
2021-05-25,0.5536642897793008,0.0002345596534436934,1.0,0.5584246963262558,0.7816687226295471,0.5584246963262558,0.7816687226295471,-0.00023860653,-1.0,0.14879086130893904
2021-05-26,0.5330148742862191,0.0005398377784332167,1.0,0.6015023410320282,0.7745038509368897,0.6015023410320282,0.7745038509368897,0.005059666,1.0,0.14968490746355462
2021-05-27,0.48627663145658256,0.0004682348075561904,-1.0,-0.6013791263103485,-0.7960973024368286,0.6013791263103485,0.7960973024368286,-0.0025645897,-1.0,0.14888446043061682
2021-05-28,0.5538555815139703,0.0002592766207003049,1.0,0.5811233729124069,0.7649551928043365,0.5811233729124069,0.7649551928043365,-0.0017855442,-1.0,0.14907284216812813
2021-06-01,0.5153952461513424,0.0005201746107878275,1.0,0.6064376413822175,0.7911190629005432,0.6064376413822175,0.7911190629005432,0.0031958788,1.0,0.14815487101462438
2021-06-02,0.5232924187182904,0.00020031956007975988,1.0,0.5819800317287445,0.7774400472640991,0.5819800317287445,0.7774400472640991,-0.005372893,-1.0,0.14969059648482513
2021-06-03,0.5187246580316213,0.0003894863641493825,1.0,0.5724810004234314,0.8101898789405823,0.5724810004234314,0.8101898789405823,0.010158472,1.0,0.15116922524964385
2021-06-04,0.5381991799226331,0.000250992547144164,1.0,0.6259645521640778,0.7623123824596405,0.6259645521640778,0.7623123824596405,-0.00080450525,-1.0,0.14864117465959742
2021-06-07,0.5317191283192568,0.0003179450694526832,1.0,0.6165861308574676,0.7908556222915649,0.6165861308574676,0.7908556222915649,0.0002368097,1.0,0.14328976260405513
2021-06-08,0.5307652829955087,0.0002649021582423377,1.0,0.587246322631836,0.7726352572441101,0.587246322631836,0.7726352572441101,-0.0012547943,-1.0,0.1391225997765186
2021-06-09,0.5443418526221907,0.00020549751472517707,1.0,0.6034959733486176,0.7989564299583435,0.6034959733486176,0.7989564299583435,0.003935048,1.0,0.11627710355961318
2021-06-10,0.5577214172429701,0.0004959733810949225,1.0,0.6084372103214264,0.7893761992454529,0.6084372103214264,0.7893761992454529,0.0021250974,1.0,0.11032081520141608
2021-06-11,0.5303816733365556,0.00020145760246479926,1.0,0.6783217370510102,0.7743255019187927,0.6783217370510102,0.7743255019187927,0.0016234302,1.0,0.09708525506264691
2021-06-14,0.5545403042291037,0.00027873338729431975,1.0,0.6327514171600341,0.7667446315288544,0.6327514171600341,0.7667446315288544,-0.0015502272,-1.0,0.09649670272467029
2021-06-15,0.528004728087577,0.00010219518772384986,1.0,0.6006767719984054,0.7864848732948303,0.6006767719984054,0.7864848732948303,-0.009636226,-1.0,0.08946467958838039
2021-06-16,0.5594678248471519,0.0009658013231005662,1.0,0.507685137540102,0.7830040335655213,0.507685137540102,0.7830040335655213,0.004662781,1.0,0.08947989681807032
2021-06-17,0.5724545209307251,0.0010279335555784077,1.0,0.5634256631135941,0.7643290519714355,0.5634256631135941,0.7643290519714355,-0.02062466,-1.0,0.10668583874250444
2021-06-18,0.6239339006451183,0.0009732777304618734,1.0,0.4570359572768211,0.837047028541565,0.4570359572768211,0.837047028541565,0.01839942,1.0,0.12545574581116312
2021-06-21,0.46986917175123377,0.0007226413917843771,-1.0,-0.5177298843860626,-0.7816112995147705,0.5177298843860626,0.7816112995147705,0.0047957078,1.0,0.12109565416367492
2021-06-22,0.5460852398840166,0.0001270410224854226,1.0,0.5609238356351852,0.7785425305366516,0.5609238356351852,0.7785425305366516,-0.00028353377,-1.0,0.12087095334858079
2021-06-23,0.5376741184627682,0.00019944158285990971,1.0,0.5709086209535599,0.7987277269363403,0.5709086209535599,0.7987277269363403,0.0054123043,1.0,0.12206903764007244
2021-06-24,0.5272122885228516,0.00020054945433779385,1.0,0.6001240730285644,0.7693960309028626,0.6001240730285644,0.7693960309028626,0.0034790784,1.0,0.12146259220784987
2021-06-25,0.5136375755009147,0.0003745149800497173,1.0,0.5713199466466904,0.7760654926300049,0.5713199466466904,0.7760654926300049,0.0007496252,1.0,0.12084664129354279
2021-06-28,0.5786496514615694,0.0005917523808100537,1.0,0.622339391708374,0.7614522933959961,0.622339391708374,0.7614522933959961,0.0024578653,1.0,0.12054681527290209
2021-06-29,0.5332319532789747,0.00015638298396362227,1.0,0.6045039683580399,0.8393796563148499,0.6045039683580399,0.8393796563148499,0.0014010508,1.0,0.12029811400820636
2021-06-30,0.5251178544567612,0.00019617823208065323,1.0,0.5942914873361588,0.7704457879066468,0.5942914873361588,0.7704457879066468,0.003567681,1.0,0.11818829673222334
2021-07-01,0.5057994764910145,0.0003623450131372565,1.0,0.6580108821392059,0.7980641484260559,0.6580108821392059,0.7980641484260559,0.0067382315,1.0,0.1154344066889471
2021-07-02,0.5409366567530325,0.0010013169165108064,1.0,0.5926083087921142,0.7888598680496216,0.5926083087921142,0.7888598680496216,-0.002538774,-1.0,0.11601079079266338
2021-07-06,0.5632417759521594,0.0010119023416978153,1.0,0.6137613832950592,0.770226514339447,0.6137613832950592,0.770226514339447,0.0053218566,1.0,0.11686076802021929
2021-07-07,0.5166586013945152,0.0010660000783261436,1.0,0.6088497042655945,0.8011837363243103,0.6088497042655945,0.8011837363243103,-0.00971276,-1.0,0.12313486347289258
2021-07-08,0.5645222033713171,0.0006375690881085496,1.0,0.5276479817926883,0.8010327458381653,0.5276479817926883,0.8010327458381653,0.012527309,1.0,0.12945150659932136
2021-07-09,0.4733649337465101,0.0008608424044974819,-1.0,-0.6014362126588821,-0.7956144213676453,0.6014362126588821,0.7956144213676453,0.0035119937,1.0,0.12964150813871203
2021-07-12,0.5197384481245098,0.00026178335157802323,1.0,0.6184652179479599,0.8007214426994324,0.6184652179479599,0.8007214426994324,-0.0049636303,-1.0,0.13166130564917256
2021-07-13,0.5471882823172278,0.00035752220163732867,1.0,0.6127624362707138,0.8172882437705994,0.6127624362707138,0.8172882437705994,0.002804533,1.0,0.13136816978701446
2021-07-14,0.533200873363356,0.0004119348104206482,1.0,0.5705499082803727,0.7996179699897766,0.5705499082803727,0.7996179699897766,-0.005639227,-1.0,0.12762601695533654
2021-07-15,0.5478681512422339,0.00027653894074340955,1.0,0.5670222848653793,0.7903067111968994,0.5670222848653793,0.7903067111968994,-0.005740369,-1.0,0.12964477517628661
2021-07-16,0.5372382709379508,0.0001639612408491928,1.0,0.55067979991436,0.7947911858558655,0.55067979991436,0.7947911858558655,-0.0128222965,-1.0,0.11437651863017768
2021-07-19,0.5987071391738292,0.0007467682048771455,1.0,0.48501588553190234,0.829755449295044,0.48501588553190234,0.829755449295044,0.014679977,1.0,0.1076397528978684
2021-07-20,0.5022569713909281,0.0008175026732233206,1.0,0.5756572142243386,0.7929425120353699,0.5756572142243386,0.7929425120353699,0.006851852,1.0,0.10877012190729464
2021-07-21,0.5200890125944065,0.0006700444440931707,1.0,0.5722659707069397,0.7964220643043518,0.5722659707069397,0.7964220643043518,0.0035405555,1.0,0.10883667532061726
2021-07-22,0.5522831040543708,0.0003447340868600943,1.0,0.5512795835733414,0.8023308753967285,0.5512795835733414,0.8023308753967285,0.006323024,1.0,0.10930883312931086
2021-07-23,0.5431743043115475,0.0001527444892604352,1.0,0.5745453536510468,0.7799802005290986,0.5745453536510468,0.7799802005290986,0.0033465375,1.0,0.10928005462977275
2021-07-26,0.5320220116685284,0.0001372982508691525,1.0,0.6412346720695495,0.801073682308197,0.6412346720695495,0.801073682308197,-0.0045152362,-1.0,0.11141353693291559
2021-07-27,0.5371346765105925,0.00026604743656639067,1.0,0.5655680209398269,0.8067378282546998,0.5655680209398269,0.8067378282546998,0.0004330583,1.0,0.11138000939248824
2021-07-28,0.5369077063898944,0.0002030473412844019,1.0,0.6058981657028198,0.7851232886314392,0.6058981657028198,0.7851232886314392,-0.0016631354,-1.0,0.11185706096944092
2021-07-29,0.5467667689219471,0.0002420608256894925,1.0,0.6087607502937317,0.7827054977416992,0.6087607502937317,0.7827054977416992,0.0019169329,1.0,0.1115275449782572
2021-07-30,0.5202488627437144,0.00019403229263098332,1.0,0.5683164715766906,0.8002684593200684,0.5683164715766906,0.8002684593200684,-0.0019815962,-1.0,0.10988079578250037
2021-08-02,0.5591895513336751,0.00033434094243239723,1.0,0.6186553955078125,0.779531455039978,0.6186553955078125,0.779531455039978,0.005089349,1.0,0.1103407197767665
2021-08-03,0.5334456383720888,0.00013393854084824122,1.0,0.6427270710468292,0.7601104617118836,0.6427270710468292,0.7601104617118836,-0.0024296094,-1.0,0.10971048530694144
2021-08-04,0.5545476186933946,0.00019351849181228683,1.0,0.6440887153148651,0.7811991214752197,0.6440887153148651,0.7811991214752197,0.0045068627,1.0,0.1034529737021919
2021-08-05,0.527584347608533,0.00034044784600330947,1.0,0.614787632226944,0.7861473202705384,0.614787632226944,0.7861473202705384,0.0024019396,1.0,0.09474061232182805
2021-08-06,0.5035676100336641,0.0005043367764174776,1.0,0.6206207156181336,0.8185714364051819,0.6206207156181336,0.8185714364051819,-0.0006103488,-1.0,0.09429443760318347
2021-08-09,0.5464310103525803,0.0001398468470859928,1.0,0.6405184030532837,0.8196920394897461,0.6405184030532837,0.8196920394897461,0.0006785795,1.0,0.0919966703135014
2021-08-10,0.5212260515845413,0.00037599921061636687,1.0,0.5851046241819858,0.7993905782699585,0.5851046241819858,0.7993905782699585,0.0026446655,1.0,0.0919535596368552
2021-08-11,0.5267749636049766,0.00029676842895719045,1.0,0.6555664837360382,0.7806259393692017,0.6555664837360382,0.7806259393692017,0.0029983993,1.0,0.08893004636099819
2021-08-12,0.5360178893396771,0.0002258417593167634,1.0,0.6398281157016754,0.8049582600593567,0.6398281157016754,0.8049582600593567,0.0012362328,1.0,0.08498331303466314
2021-08-13,0.5602647311984488,0.0003715200690020359,1.0,0.6429618656635284,0.79748033285141,0.6429618656635284,0.79748033285141,0.002895948,1.0,0.06564129734570928
2021-08-16,0.5497958916193506,0.0008998853548091905,1.0,0.6045669138431549,0.7931521892547607,0.6045669138431549,0.7931521892547607,-0.00837176,-1.0,0.05920967850832056
2021-08-17,0.5617919403408306,0.0007527997274312789,1.0,0.5860718816518784,0.7943668603897095,0.5860718816518784,0.7943668603897095,-0.009390519,-1.0,0.06650253082662785
2021-08-18,0.5674459704382926,0.00032703574415735606,1.0,0.5083410993218422,0.7926555871963501,0.5083410993218422,0.7926555871963501,0.0006380458,1.0,0.06550555181705285
2021-08-19,0.5745140551990678,0.0006981408617224808,1.0,0.5429414570331573,0.8028358936309814,0.5429414570331573,0.8028358936309814,0.0102705415,1.0,0.07153488437476338
2021-08-20,0.5269232182031095,0.0004594059442046628,1.0,0.5660164266824722,0.7802952766418457,0.5660164266824722,0.7802952766418457,0.009850551,1.0,0.07836156518560256
2021-08-23,0.5412318313542153,0.000321332441799868,1.0,0.6104115456342697,0.7640221834182739,0.6104115456342697,0.7640221834182739,-0.00046651787,-1.0,0.07598036633264371
2021-08-24,0.5476111498832081,0.00023642667410659818,1.0,0.6344049990177154,0.8140168428421021,0.6344049990177154,0.8140168428421021,0.0024766019,1.0,0.07611272338131103
2021-08-25,0.5285733569777558,0.00022400925045873562,1.0,0.6524026751518249,0.8168615341186524,0.6524026751518249,0.8168615341186524,-0.0057473825,-1.0,0.07941303674241895
2021-08-26,0.5563609674615241,0.00022540764804784011,1.0,0.6027701556682586,0.8052831053733825,0.6027701556682586,0.8052831053733825,0.009119018,1.0,0.08454865519619438
2021-08-27,0.5221695603088155,0.0005264499926943588,1.0,0.5981926128268242,0.7632185280323028,0.5981926128268242,0.7632185280323028,0.004351784,1.0,0.08428626658296919
2021-08-30,0.5552594995498256,0.00033127877089681764,1.0,0.5811114881187678,0.8073526263237,0.5811114881187678,0.8073526263237,0.00019896099,1.0,0.08338936553546814
2021-08-31,0.528666265460832,0.00014341686379245642,1.0,0.6050807416439057,0.7989284992218018,0.6050807416439057,0.7989284992218018,-0.0010167094,-1.0,0.08268501173802442
2021-09-01,0.5415971960152739,0.0001157643327785811,1.0,0.6223148345947266,0.8072018623352051,0.6223148345947266,0.8072018623352051,0.0025443605,1.0,0.08200812598287152
2021-09-02,0.5220386091378846,0.0001998335956216827,1.0,0.6493655681610108,0.8124006986618042,0.6493655681610108,0.8124006986618042,-0.00083861145,-1.0,0.08225535702614074
2021-09-03,0.5450976052203444,0.0001869567073849597,1.0,0.6477888643741607,0.8308434247970581,0.6477888643741607,0.8308434247970581,-0.0036223081,-1.0,0.08380178877541801
2021-09-07,0.5532034522311237,0.0002934092782109093,1.0,0.6005683690309525,0.8256414532661438,0.6005683690309525,0.8256414532661438,-0.001551728,-1.0,0.08429568340186887
2021-09-08,0.5423643820804287,0.000204230321020921,1.0,0.5887048512697219,0.8068902492523193,0.5887048512697219,0.8068902492523193,-0.003574521,-1.0,0.08548156884833057
2021-09-09,0.5502785487722577,0.00021085182921292954,1.0,0.5939339339733124,0.7840598464012146,0.5939339339733124,0.7840598464012146,-0.0077094473,-1.0,0.08983626198438391
2021-09-10,0.5549937297499636,0.0005313824988864897,1.0,0.5394383490085601,0.8215286374092102,0.5394383490085601,0.8215286374092102,0.004221494,1.0,0.0909704321882401
2021-09-13,0.5238125969145486,0.0004761907937879292,1.0,0.5451117344200611,0.811368191242218,0.5451117344200611,0.811368191242218,-0.00559009,-1.0,0.0926241932611205
2021-09-14,0.56984148926726,0.00038529457074719007,1.0,0.4961247108876705,0.8226498961448669,0.4961247108876705,0.8226498961448669,0.007780176,1.0,0.09148580193992902
2021-09-15,0.5274532375752907,0.0006173988825894813,1.0,0.5342725083231926,0.7742308378219604,0.5342725083231926,0.7742308378219604,-0.0037261813,-1.0,0.08528321568198599
2021-09-16,0.5645868899189898,0.0007408858469853755,1.0,0.475288150459528,0.7833202004432678,0.475288150459528,0.7833202004432678,-0.012541712,-1.0,0.097706974984301
2021-09-17,0.5641297357943482,0.0020708425800044046,1.0,0.4816598236560822,0.8249114036560059,0.4816598236560822,0.8249114036560059,-0.013290694,-1.0,0.10129502333956888
2021-09-20,0.5706821414427703,0.001389643421054784,1.0,0.5670886754989624,0.8536083936691284,0.5670886754989624,0.8536083936691284,-0.005861395,-1.0,0.09416453143092895
2021-09-21,0.5861528130365323,0.0021722970565514668,1.0,0.5975884735584259,0.8509316205978393,0.5975884735584259,0.8509316205978393,0.014104046,1.0,0.10970427809915004
2021-09-22,0.5161997863537915,0.0013775880905118874,1.0,0.5765077769756317,0.8159086346626282,0.5765077769756317,0.8159086346626282,0.01121751,1.0,0.11750315791103824
2021-09-23,0.5156578032742359,0.001394199740144443,1.0,0.5047825738787651,0.7960368156433105,0.5047825738787651,0.7960368156433105,0.001555736,1.0,0.11609188096184439
2021-09-24,0.5397673963361895,0.000736174832088596,1.0,0.5249868720769882,0.7764321208000183,0.5249868720769882,0.7764321208000183,-0.0042322325,-1.0,0.1114399032669791
2021-09-27,0.5368900190733343,0.0017654520741970992,1.0,0.49263274362310766,0.7438260614871979,0.49263274362310766,0.7438260614871979,-0.016797414,-1.0,0.12296389938514442
2021-09-28,0.5461725809688958,0.001554172076222708,1.0,0.4883792996406555,0.8071651458740234,0.4883792996406555,0.8071651458740234,0.001655553,1.0,0.1234073130954812
2021-09-29,0.539804663025905,0.0013203178056772334,1.0,0.5381047427654266,0.7982104420661926,0.5381047427654266,0.7982104420661926,-0.0127863735,-1.0,0.12926848726191456
2021-09-30,0.6023682637245431,0.0010532403911521044,1.0,0.5275785803794861,0.815898060798645,0.5275785803794861,0.815898060798645,0.011231252,1.0,0.137158760934226
2021-10-01,0.516451501397401,0.0006822897259579852,1.0,0.5282008647918701,0.7462655663490295,0.5282008647918701,0.7462655663490295,-0.014003864,-1.0,0.14347329739899814
2021-10-04,0.5502705583082419,0.0005868421377531001,1.0,0.49564234623685477,0.8118241310119629,0.49564234623685477,0.8118241310119629,0.00841904,1.0,0.14869191127033174
2021-10-05,0.5435293776384186,0.0006180889916460936,1.0,0.5336443036794662,0.7236034512519837,0.5336443036794662,0.7236034512519837,0.008603145,1.0,0.15345784863012019
2021-10-06,0.5288155255573544,0.0004241985200036099,1.0,0.4767991054803133,0.7485262751579285,0.4767991054803133,0.7485262751579285,0.007933596,1.0,0.15685970978751712
2021-10-07,0.5220546248639903,0.00044322851695718506,1.0,0.5123100876808167,0.7194467067718506,0.5123100876808167,0.7194467067718506,-0.0050730244,-1.0,0.15563639795845816
2021-10-08,0.5402091852580753,0.00036496296101120153,1.0,0.48554676622152326,0.7101800620555878,0.48554676622152326,0.7101800620555878,-0.00674517,-1.0,0.15575653668167985
2021-10-11,0.5449514123044892,0.0007469721396952792,1.0,0.4985119953751564,0.6961403489112854,0.4985119953751564,0.6961403489112854,-0.0046040514,-1.0,0.15544435384734254
2021-10-12,0.5451884351048971,0.0007717873130523147,1.0,0.4834510937333107,0.6669427990913391,0.4834510937333107,0.6669427990913391,0.00800185,1.0,0.15561908984299958
2021-10-13,0.5200900824323624,0.0003361165282594313,1.0,0.5018617361783981,0.680846220254898,0.5018617361783981,0.680846220254898,0.01684027,1.0,0.1680740262962585
2021-10-14,0.5025883729249215,0.00034333226521739206,1.0,0.5199957430362702,0.6703761756420136,0.5199957430362702,0.6703761756420136,0.006024368,1.0,0.16301036949423048
2021-10-15,0.5046962941774492,0.0002620217416898783,1.0,0.5377401918172836,0.6769175946712493,0.5377401918172836,0.6769175946712493,0.003184785,1.0,0.15465329398403366
2021-10-18,0.5352198604497385,0.0003988523553446549,1.0,0.5839303970336914,0.6751343190670014,0.5839303970336914,0.6751343190670014,0.008428536,1.0,0.1540306331720479
2021-10-19,0.49789923309032236,0.0003607618888588749,-1.0,-0.5648521646857262,-0.7102288365364074,0.5648521646857262,0.7102288365364074,0.00117501,1.0,0.14741495142619812
2021-10-20,0.5036853382055698,0.0006884596713839042,1.0,0.5713063955307007,0.6654559254646302,0.5713063955307007,0.6654559254646302,0.002125822,1.0,0.14293162866074385
2021-10-21,0.5121553693330763,0.00025538023183575723,1.0,0.6182851672172547,0.6641229450702667,0.6182851672172547,0.6641229450702667,-0.00055242516,-1.0,0.1430279376253212
2021-10-22,0.48868364542911885,0.0006290955469981307,-1.0,-0.586019778251648,-0.679508501291275,0.586019778251648,0.679508501291275,0.008534159,1.0,0.1440781400920254
2021-10-25,0.5064348037665465,0.0009529748327448122,1.0,0.6050938367843628,0.690998637676239,0.6050938367843628,0.690998637676239,0.000657664,1.0,0.12684044822718807
2021-10-26,0.5299956504720449,0.0010458492391888202,1.0,0.6015911221504211,0.683689272403717,0.6015911221504211,0.683689272403717,-0.0035271437,-1.0,0.12859433578458518
2021-10-27,0.5621830494561912,0.002271987779814114,1.0,0.5783350378274917,0.693835836648941,0.5783350378274917,0.693835836648941,0.004726833,1.0,0.11593996767398297
2021-10-28,0.5265650170432659,0.0005859275317008331,1.0,0.5593972459435463,0.7064910292625427,0.5593972459435463,0.7064910292625427,0.005908096,1.0,0.11245698678018762
2021-10-29,0.5199156744738993,0.0012215672928489432,1.0,0.5608812987804412,0.6970918834209442,0.5608812987804412,0.6970918834209442,0.00030454644,1.0,0.094059512523606
2021-11-01,0.5331517659096842,0.000872059664556149,1.0,0.5918517082929611,0.680119127035141,0.5918517082929611,0.680119127035141,0.0034359777,1.0,0.09226196280153956
2021-11-02,0.5342474088704212,0.000849280174740958,1.0,0.5962603688240051,0.7293589949607849,0.5962603688240051,0.7293589949607849,0.0087555805,1.0,0.09238035955141771
2021-11-03,0.5176775071020498,0.0004231180821722438,1.0,0.6267981350421905,0.7394126892089844,0.6267981350421905,0.7394126892089844,0.0037167533,1.0,0.09075946427383723
2021-11-04,0.5615820490033736,0.0011176500798949587,1.0,0.6290621846914292,0.7365001618862153,0.6290621846914292,0.7365001618862153,0.001284274,1.0,0.08587197140948472
2021-11-05,0.5359293565208588,0.0009240939501315972,1.0,0.5470622655004262,0.7182971715927124,0.5470622655004262,0.7182971715927124,-4.275423e-05,-1.0,0.07835295920923696
2021-11-08,0.5282915157861564,0.0008193416033756267,1.0,0.6198476374149322,0.7638107240200043,0.6198476374149322,0.7638107240200043,-0.0027577656,-1.0,0.0759902526331196
2021-11-09,0.5480426273493088,0.001108723392610708,1.0,0.6319702804088593,0.7359458446502686,0.6319702804088593,0.7359458446502686,-0.004651861,-1.0,0.07990853665764816
2021-11-10,0.5090605980694629,0.001468815379829886,1.0,0.5243515715003013,0.7650967895984649,0.5243515715003013,0.7650967895984649,0.0014860762,1.0,0.061575564242838096
2021-11-11,0.5478688395544349,0.0005246872490599964,1.0,0.604776318743825,0.7668081283569336,0.604776318743825,0.7668081283569336,0.0055913976,1.0,0.06125691980828082
2021-11-12,0.5519547729506669,0.00015922850503667763,1.0,0.5743991635739804,0.774157452583313,0.5743991635739804,0.774157452583313,-6.41574e-05,-1.0,0.06178060984059902
2021-11-15,0.545342801822109,0.00028956143911553563,1.0,0.6179257713258266,0.7795197367668152,0.6179257713258266,0.7795197367668152,0.0038069165,1.0,0.05766857280739754
2021-11-16,0.5545739236154219,0.00019628101717558759,1.0,0.618773952126503,0.7588955760002136,0.618773952126503,0.7588955760002136,-0.002087994,-1.0,0.059420954480891325
2021-11-17,0.5705597948827152,0.00018303099228224198,1.0,0.606558546423912,0.7662971496582032,0.606558546423912,0.7662971496582032,0.003693661,1.0,0.05978311723358018
2021-11-18,0.5708738175618421,0.00024665424137507153,1.0,0.5839050255715847,0.776205861568451,0.5839050255715847,0.776205861568451,-0.0019783024,-1.0,0.060768488455618226
2021-11-19,0.5873122220427002,0.00040307620746374544,1.0,0.5871853187680245,0.7850671172142029,0.5871853187680245,0.7850671172142029,-0.002259309,-1.0,0.056955859705998244
2021-11-22,0.5174906758101023,0.0014457008623790905,1.0,0.5011671915650368,0.7992991089820862,0.5011671915650368,0.7992991089820862,-0.000128175,-1.0,0.05714139638403309
2021-11-23,0.5408701268969291,0.00036506562563920096,1.0,0.5511210054159165,0.802239739894867,0.5511210054159165,0.802239739894867,0.004636257,1.0,0.055389966869858136
2021-11-24,0.5485732118362416,0.0006657767166917425,1.0,0.5482732281088829,0.797336483001709,0.5482732281088829,0.797336483001709,-0.027901834,-1.0,0.11762484349318926
2021-11-26,0.6690475899073837,0.0014214655301966789,1.0,0.5057159751653671,0.8375871777534485,0.5057159751653671,0.8375871777534485,0.0197331,1.0,0.13563480860346616
2021-11-29,0.5387334132118212,0.0011390562324753595,1.0,0.5967743799090386,0.7761110901832581,0.5967743799090386,0.7761110901832581,-0.01870763,-1.0,0.15220086279450495
2021-11-30,0.626248428701331,0.0006139061424030449,1.0,0.5404928922653198,0.8199522137641907,0.5404928922653198,0.8199522137641907,-0.011849585,-1.0,0.15692634614177414
2021-12-01,0.5848142117364927,0.0006627501399009081,1.0,0.6022988080978393,0.8415945887565612,0.6022988080978393,0.8415945887565612,0.009403071,1.0,0.1574753382546155
2021-12-02,0.5391812438460398,0.0014944362596123026,1.0,0.6108524382114411,0.7994742512702941,0.6108524382114411,0.7994742512702941,-0.0059180674,-1.0,0.15739895415868504
2021-12-03,0.573031370038483,0.0004326210067050345,1.0,0.5760075807571411,0.8044177770614624,0.5760075807571411,0.8044177770614624,0.011972747,1.0,0.16427130720523087
2021-12-06,0.5191855149400896,0.0016569391572680173,1.0,0.5632382214069367,0.7717937588691711,0.5632382214069367,0.7717937588691711,0.023182848,1.0,0.18523160901632751
2021-12-07,0.53410282813955,0.0009633963619464135,1.0,0.508402219042182,0.7333034157752991,0.508402219042182,0.7333034157752991,-0.0008091993,-1.0,0.1849394585299057
2021-12-08,0.5648598715647957,0.00019991793846479717,1.0,0.5261220544576645,0.7416722416877747,0.5261220544576645,0.7416722416877747,-0.0057329186,-1.0,0.18536714797898585
2021-12-09,0.5414734896485043,0.00026314745500452714,1.0,0.5530768156051635,0.7571768522262573,0.5530768156051635,0.7571768522262573,0.009581378,1.0,0.18825690750908558
2021-12-10,0.5333678960133471,0.0002506894264629568,1.0,0.5279444590210914,0.7361250519752502,0.5279444590210914,0.7361250519752502,-0.007537155,-1.0,0.18950410246213495
2021-12-13,0.5394299728140973,0.0005184720600528468,1.0,0.5544208735227585,0.743871009349823,0.5544208735227585,0.743871009349823,-0.008000855,-1.0,0.19165046999197752
2021-12-14,0.5390483048755218,0.00017743359854769853,1.0,0.4856437273323536,0.7524227738380432,0.4856437273323536,0.7524227738380432,0.015526946,1.0,0.199377604938595
2021-12-15,0.5232812833640177,0.0006258300883472251,1.0,0.511931337416172,0.7177517652511597,0.511931337416172,0.7177517652511597,-0.0083880145,-1.0,0.20159546385802557
2021-12-16,0.5059308229730941,0.0006296567858361068,1.0,0.4826451614499092,0.7528491020202637,0.4826451614499092,0.7528491020202637,-0.011585575,-1.0,0.20507365420494178
2021-12-17,0.5636246993820029,0.0006419881571855966,1.0,0.46791781559586526,0.7446868777275085,0.46791781559586526,0.7446868777275085,-0.011028058,-1.0,0.20823269030672584
2021-12-20,0.5592741223444332,0.00023071679985426125,1.0,0.4594787172973156,0.7498588323593139,0.4594787172973156,0.7498588323593139,0.013692328,1.0,0.21484190299668215
2021-12-21,0.5251672676501806,0.0010854246837454465,1.0,0.5362251162528991,0.690743762254715,0.5362251162528991,0.690743762254715,0.011432647,1.0,0.2189815535850457
2021-12-22,0.5172494299778523,0.0003845785659217094,1.0,0.5617060631513595,0.685216349363327,0.5617060631513595,0.685216349363327,0.005363248,1.0,0.21919704828425643
2021-12-23,0.5179373116403851,0.00046505389162064114,1.0,0.540573337674141,0.6654286682605743,0.540573337674141,0.6654286682605743,0.0137510365,1.0,0.1973448537791253
2021-12-27,0.518109183550084,0.00010963957758675528,1.0,0.5918515622615814,0.6720420837402343,0.5918515622615814,0.6720420837402343,0.0012369491,1.0,0.18615912065472906
2021-12-28,0.5085900145703393,0.0002273050368648145,1.0,0.5983046948909759,0.6847291171550751,0.5983046948909759,0.6847291171550751,-0.0010888457,-1.0,0.17095439930408268
2021-12-29,0.5183579865878034,0.000126294910396969,1.0,0.5680821686983109,0.7086852192878723,0.5680821686983109,0.7086852192878723,-0.0052824654,-1.0,0.16531265571558468
2021-12-30,0.5437516892297765,0.000422330089750951,1.0,0.6025680005550385,0.6742238402366638,0.6025680005550385,0.6742238402366638,0.0016648052,1.0,0.16328948108694247
2021-12-31,0.4988947560160537,0.0002251463941978899,-1.0,-0.5921774506568909,-0.7346665620803833,0.5921774506568909,0.7346665620803833,0.0047967685,1.0,0.16071905783592783
2022-01-03,0.5143131584468673,0.0006180286921145396,1.0,0.5711032330989838,0.7359163284301757,0.5711032330989838,0.7359163284301757,-0.0015912898,-1.0,0.15744814752334696
2022-01-04,0.48878012538478277,0.000686025617435722,-1.0,-0.5546263873577117,-0.7162408292293548,0.5546263873577117,0.7162408292293548,-0.01654643,-1.0,0.14936863772131842
2022-01-05,0.516443433327139,0.00045859872436697705,1.0,0.4607163555920124,0.7266062736511231,0.4607163555920124,0.7266062736511231,0.001364751,1.0,0.14941701657441744
2022-01-06,0.5195128699152776,0.0009299765900098808,1.0,0.5098257407546043,0.727200734615326,0.5098257407546043,0.727200734615326,-0.007857919,-1.0,0.15069867027523962
2022-01-07,0.5414383277634108,0.001255560565007503,1.0,0.5120696507394313,0.7304860711097717,0.5120696507394313,0.7304860711097717,0.00017171066,1.0,0.14638299416529799
2022-01-10,0.5456435709264407,0.0005661064077894539,1.0,0.5084279224276542,0.685654878616333,0.5084279224276542,0.685654878616333,0.008476758,1.0,0.14720010354738905
2022-01-11,0.5548285697768992,0.0003891193464387508,1.0,0.5112208172678947,0.7128169894218445,0.5112208172678947,0.7128169894218445,0.0017875002,1.0,0.14393881710132345
2022-01-12,0.558580187155896,0.00015378403335805738,1.0,0.5520224928855896,0.7093463182449341,0.5520224928855896,0.7093463182449341,-0.012936253,-1.0,0.14072395324309245
2022-01-13,0.5340585354882302,0.0006045578430462935,1.0,0.5035917013883591,0.7416512250900269,0.5035917013883591,0.7416512250900269,0.0013557717,1.0,0.13781824471555804
2022-01-14,0.5535119149913255,0.0005900154605493516,1.0,0.5215482613071799,0.7338851928710938,0.5215482613071799,0.7338851928710938,-0.020395005,-1.0,0.15048608952787793
2022-01-18,0.5674932415679745,0.0014923526656537838,1.0,0.5312587976455688,0.7349100112915039,0.5312587976455688,0.7349100112915039,-0.008204993,-1.0,0.14820321490483648
2022-01-19,0.5762253899278398,0.000998394451263258,1.0,0.6180499136447907,0.7933280229568481,0.6180499136447907,0.7933280229568481,-0.016457263,-1.0,0.14871036481600208
2022-01-20,0.5992665512679173,0.002010212469094958,1.0,0.6344567954540252,0.8231462717056275,0.6344567954540252,0.8231462717056275,-0.017924612,-1.0,0.15018015712161384
2022-01-21,0.5848466879706522,0.001978116850751749,1.0,0.7127685070037841,0.8559442639350892,0.7127685070037841,0.8559442639350892,-0.0011221288,-1.0,0.14688005874756407
2022-01-24,0.5868721859125527,0.0028454617795419827,1.0,0.7138943493366241,0.8598743319511414,0.7138943493366241,0.8598743319511414,-0.0059379158,-1.0,0.13161700138025248
2022-01-25,0.5272984097335721,0.002827069402057137,1.0,0.7199739336967468,0.8722606182098389,0.7199739336967468,0.8722606182098389,-0.0014760488,-1.0,0.13033324396909515
2022-01-26,0.5750404314183816,0.0021301801755238174,1.0,0.7044596314430237,0.8770491600036621,0.7044596314430237,0.8770491600036621,0.001039381,1.0,0.13136487291856494
2022-01-27,0.5526329394474414,0.0014505845920376758,1.0,0.6939595639705658,0.8533938884735107,0.6939595639705658,0.8533938884735107,0.020535301,1.0,0.1590385300071878
2022-01-28,0.5695133218566973,0.0014867081004781182,1.0,0.5886774212121964,0.7477605104446411,0.5886774212121964,0.7477605104446411,0.015057653,1.0,0.171391257876946
2022-01-31,0.5707957251827793,0.0013835320666841942,1.0,0.5023181684315204,0.7193731188774108,0.5023181684315204,0.7193731188774108,0.013698325,1.0,0.17934755756301987
2022-02-01,0.48652558532072565,0.0011931470722715775,-1.0,-0.5159608885645867,-0.7034200608730317,0.5159608885645867,0.7034200608730317,-0.005317396,-1.0,0.17962649197645444
2022-02-02,0.5763561396086047,0.0014556822027665657,1.0,0.5143764913082123,0.7135949194431305,0.5143764913082123,0.7135949194431305,-0.003092624,-1.0,0.17188874550676628
2022-02-03,0.414604593851693,0.001984904594370733,-1.0,-0.5354403555393219,-0.7466313540935516,0.5354403555393219,0.7466313540935516,-0.0058277384,-1.0,0.17199412152368299
2022-02-04,0.5613110181830697,0.0007918769089493253,1.0,0.5228759586811066,0.6673019111156464,0.5228759586811066,0.6673019111156464,-0.0011812954,-1.0,0.17072019454757953
2022-02-07,0.49561194200411507,0.0012418072551025664,-1.0,-0.5236661314964295,-0.6448579132556915,0.5236661314964295,0.6448579132556915,0.007698659,1.0,0.17398388557655725
2022-02-08,0.49913450879991406,0.0007054853760321582,-1.0,-0.5566528975963593,-0.6962693691253662,0.5566528975963593,0.6962693691253662,0.011515125,1.0,0.17661174170985106
2022-02-09,0.5169481321308791,0.00120339878674273,1.0,0.5306511491537094,0.6177524209022522,0.5306511491537094,0.6177524209022522,-0.020316126,-1.0,0.18842146772066168
2022-02-10,0.5240707565904718,0.0003158654955671216,1.0,0.46745083928108216,0.6945105969905854,0.46745083928108216,0.6945105969905854,-0.015642459,-1.0,0.1906479762500174
2022-02-11,0.5047312715056903,0.0013282588920963572,1.0,0.40819706842303277,0.6677906334400177,0.40819706842303277,0.6677906334400177,-0.0033598184,-1.0,0.19008431472483286
2022-02-14,0.5375790123649467,0.0006844647670852097,1.0,0.47401336831972,0.6527902007102966,0.47401336831972,0.6527902007102966,0.012915129,1.0,0.18600300013014964
2022-02-15,0.5301879259572345,0.0008967586909519661,1.0,0.49450049102306365,0.5842662155628204,0.49450049102306365,0.5842662155628204,0.0025186085,1.0,0.18451264330222295
2022-02-16,0.5107503242347329,0.0006359956604169212,1.0,0.5005369901657104,0.6617494761943817,0.5005369901657104,0.6617494761943817,-0.019358022,-1.0,0.18806512549506887
2022-02-17,0.5491946948406055,0.00132129209148389,1.0,0.43787378780543806,0.7019807457923889,0.43787378780543806,0.7019807457923889,-0.011208198,-1.0,0.18133441621390764
2022-02-18,0.5618572660842872,0.0007838350509774197,1.0,0.4372881636023521,0.6873704433441162,0.4372881636023521,0.6873704433441162,-0.00032386417,-1.0,0.18131690674982645
2022-02-22,0.5207981510593158,0.0004355001799179108,1.0,0.45783427730202675,0.7172779202461242,0.45783427730202675,0.7172779202461242,-0.030753922,-1.0,0.21042511843916936
2022-02-23,0.6076397044264451,0.0019935359730181373,1.0,0.5122913435101509,0.7801147341728211,0.5122913435101509,0.7801147341728211,0.016855676,1.0,0.22044192229986775
2022-02-24,0.5724744732108069,0.0009806139710815244,1.0,0.5550881564617157,0.7394216775894165,0.5550881564617157,0.7394216775894165,0.027681904,1.0,0.24246039570131292
2022-02-25,0.46362457080409075,0.0007950224911861826,-1.0,-0.3972357835620642,-0.6798423767089844,0.3972357835620642,0.6798423767089844,-0.0025359835,-1.0,0.23086013122137644
2022-02-28,0.5844927655232262,0.001234281260748442,1.0,0.3859316408634186,0.6881228089332581,0.3859316408634186,0.6881228089332581,-0.011429488,-1.0,0.2262099915516924
2022-03-01,0.5681904601951991,0.0018618228491595668,1.0,0.41480128169059755,0.7291160941123962,0.41480128169059755,0.7291160941123962,0.013160334,1.0,0.22572635578363043
2022-03-02,0.49667684238168713,0.0020224732486228015,-1.0,-0.37982950210571287,-0.6738956868648529,0.37982950210571287,0.6738956868648529,-0.018454995,-1.0,0.23306225149702245
2022-03-03,0.5699163722167034,0.0005989805800358926,1.0,0.41082406640052793,0.6959677457809448,0.41082406640052793,0.6959677457809448,0.004822814,1.0,0.2345100902016238
2022-03-04,0.4803648348953445,0.0019206549567362175,-1.0,-0.4192085057497025,-0.7202531218528747,0.4192085057497025,0.7202531218528747,-0.028380634,-1.0,0.2521849696276906
2022-03-07,0.546170836027424,0.00047174481897417517,1.0,0.4256363272666931,0.757409930229187,0.4256363272666931,0.757409930229187,-0.0037943872,-1.0,0.2520658837649689
2022-03-08,0.513223566804267,0.001841049622842359,1.0,0.4499891519546509,0.7460403800010681,0.4499891519546509,0.7460403800010681,0.023356091,1.0,0.2669155431387064
2022-03-09,0.5052410340119182,0.0010772971453171455,1.0,0.4557272747159004,0.6982907474040985,0.4557272747159004,0.6982907474040985,-0.0050327717,-1.0,0.2616910969668885
2022-03-10,0.4997949319594017,0.001212386914384644,-1.0,-0.42345708087086675,-0.7549111485481262,0.42345708087086675,0.7549111485481262,-0.011998588,-1.0,0.256194792747347
2022-03-11,0.5155560932406882,0.002033007418891065,1.0,0.47937771379947663,0.752959406375885,0.47937771379947663,0.752959406375885,-0.004905346,-1.0,0.2519946488964587
2022-03-14,0.4803085339653008,0.0031337141387687826,-1.0,-0.4304107427597046,-0.7846440672874451,0.4304107427597046,0.7846440672874451,0.017971236,1.0,0.26221049195330765
2022-03-15,0.5295540323695148,0.0018223713491995325,1.0,0.35976070538163185,0.6487498581409454,0.35976070538163185,0.6487498581409454,0.025505407,1.0,0.27485895316962594
2022-03-16,0.49147847041862097,0.0013253508570773799,-1.0,-0.3590378761291504,-0.5916072785854339,0.3590378761291504,0.5916072785854339,0.005180516,1.0,0.27544895580151874
2022-03-17,0.5102793355525799,0.0009356758713864606,1.0,0.39883258161135016,0.6306527465581894,0.39883258161135016,0.6306527465581894,0.01591754,1.0,0.2721681582107038
2022-03-18,0.4946961031487236,0.001354171749281202,-1.0,-0.3430304616689682,-0.5685090512037277,0.3430304616689682,0.5685090512037277,-0.0040180474,-1.0,0.2690406671485464
2022-03-21,0.48650491398752704,0.0008558037748977491,-1.0,-0.3280120433308184,-0.6880243808031082,0.3280120433308184,0.6880243808031082,0.014379085,1.0,0.2727972058120585
2022-03-22,0.4782373586153552,0.001303193140318643,-1.0,-0.35781844761222603,-0.6205611765384674,0.35781844761222603,0.6205611765384674,-0.012753288,-1.0,0.25055363641740636
2022-03-23,0.5196585716171952,0.0018527449162170234,1.0,0.352387347817421,0.5639384612441063,0.352387347817421,0.5639384612441063,0.013255615,1.0,0.24824292787752353
2022-03-24,0.491225260093153,0.0018079949851764851,-1.0,-0.36842321380972864,-0.5885911583900452,0.36842321380972864,0.5885911583900452,0.005930302,1.0,0.23083544754189367
2022-03-25,0.43455847414790433,0.0010043134830297505,-1.0,-0.3900667354464531,-0.5940809912979603,0.3900667354464531,0.5940809912979603,0.0064252596,1.0,0.23079004875088366
2022-03-28,0.5024128664366052,0.0013440339817066373,1.0,0.416482974588871,0.5810080170631409,0.416482974588871,0.5810080170631409,0.011605713,1.0,0.22712769274424668
2022-03-29,0.48958357157262905,0.00241780138351613,-1.0,-0.4200913101434708,-0.5279590487480164,0.4200913101434708,0.5279590487480164,-0.004814574,-1.0,0.22585018468423615
2022-03-30,0.49033083961380697,0.001925583584259475,-1.0,-0.405299911648035,-0.5894123941659928,0.405299911648035,0.5894123941659928,-0.012377963,-1.0,0.2193035997992073
2022-03-31,0.5229692295339632,0.0009736585104888334,1.0,0.39813766703009607,0.5306489676237106,0.39813766703009607,0.5306489676237106,0.00019858782,1.0,0.2193560008792519
2022-04-01,0.47538702675674527,0.00047461315361171523,-1.0,-0.42530977427959443,-0.5791377231478692,0.42530977427959443,0.5791377231478692,0.006750645,1.0,0.18658355189231715
2022-04-04,0.537261680216704,0.0010709014031660092,1.0,0.4938805282115936,0.611911141872406,0.4938805282115936,0.611911141872406,-0.011131806,-1.0,0.1925482445278521
2022-04-05,0.4899092983519965,0.0019692396741210613,-1.0,-0.46214535236358645,-0.6677230060100555,0.46214535236358645,0.6677230060100555,-0.013450927,-1.0,0.18766776348408296
2022-04-06,0.5187281743418561,0.0014856400685734456,1.0,0.43622801899909974,0.6644298076629639,0.43622801899909974,0.6644298076629639,0.009074573,1.0,0.18720496334320005
2022-04-07,0.5003810238178152,0.001779493118258381,1.0,0.43035984635353086,0.6521326303482056,0.43035984635353086,0.6521326303482056,-0.004451963,-1.0,0.18108947688915478
2022-04-08,0.5161806491704682,0.0027818997841548847,1.0,0.4890651345252991,0.6755041480064392,0.4890651345252991,0.6755041480064392,-0.016926035,-1.0,0.1928813130807347
2022-04-11,0.5495584281358898,0.004596963599127677,1.0,0.47437152862548826,0.667458462715149,0.47437152862548826,0.667458462715149,6.823299e-05,1.0,0.1842506955095227
2022-04-12,0.5466217304337875,0.002619945914373205,1.0,0.5130697131156922,0.6920196831226348,0.5130697131156922,0.6920196831226348,0.007550603,1.0,0.16334339540334178
2022-04-13,0.5775287829501643,0.0013912620380702458,1.0,0.4984179139137268,0.6187055051326752,0.4984179139137268,0.6187055051326752,-0.0117376195,-1.0,0.16831772109956988
2022-04-14,0.5160840122019652,0.0036630311066426107,1.0,0.5210703492164612,0.7252679705619812,0.5210703492164612,0.7252679705619812,0.0052533005,1.0,0.15891458063807154
2022-04-18,0.5243935620653748,0.0014391573939776436,1.0,0.5080724686384201,0.7049382448196411,0.5080724686384201,0.7049382448196411,0.007497955,1.0,0.16083540288598688
2022-04-19,0.5691125949063723,0.0015531839257069253,1.0,0.505631011724472,0.6740679562091827,0.505631011724472,0.6740679562091827,0.0029092056,1.0,0.15217105257460387
2022-04-20,0.49621876499249035,0.0017150619656016324,-1.0,-0.4680762216448784,-0.7096943259239197,0.4680762216448784,0.7096943259239197,-0.017449575,-1.0,0.15796637868304117
2022-04-21,0.5554829272448307,0.002012136811640375,1.0,0.45057794600725176,0.7494864225387573,0.45057794600725176,0.7494864225387573,-0.029133769,-1.0,0.17832355587453477
2022-04-22,0.6078249919433638,0.0013578328869846975,1.0,0.5114146500825882,0.781461751461029,0.5114146500825882,0.781461751461029,0.009853378,1.0,0.18142002714436156
2022-04-25,0.5515193315642044,0.0008524858695218287,1.0,0.5660779625177383,0.7630288004875183,0.5660779625177383,0.7630288004875183,-0.027544351,-1.0,0.19803336136417934
2022-04-26,0.5782126239209592,0.0008222397487079808,1.0,0.5667192876338959,0.8501766324043274,0.5667192876338959,0.8501766324043274,0.0095295245,1.0,0.19593194396133615
2022-04-27,0.5025552185723672,0.0012264436290747769,1.0,0.6118876099586487,0.8285603165626526,0.6118876099586487,0.8285603165626526,0.007941603,1.0,0.20084516980452316
2022-04-28,0.6038587382171072,0.0020467295726556,1.0,0.5565863668918609,0.7915969252586365,0.5565863668918609,0.7915969252586365,-0.024910947,-1.0,0.21247001937979373
2022-04-29,0.5481496515852834,0.0010739340138677734,1.0,0.5604473799467087,0.8415333032608032,0.5604473799467087,0.8415333032608032,0.0018144429,1.0,0.2130212104113424
2022-05-02,0.5795686916845862,0.0028108735623117846,1.0,0.6202348172664642,0.7870266795158386,0.6202348172664642,0.7870266795158386,0.0068099494,1.0,0.2130625743074053
2022-05-03,0.5297871403055017,0.0019751583355204824,1.0,0.5611003458499908,0.789877986907959,0.5611003458499908,0.789877986907959,0.02695961,1.0,0.2385323000474736
2022-05-04,0.5178554743517101,0.001521440185997889,1.0,0.47710352633148434,0.7210531830787659,0.47710352633148434,0.7210531830787659,-0.032534566,-1.0,0.2588846827090959
2022-05-05,0.5190822723376247,0.0027820868010053177,1.0,0.5078185230493546,0.8276628255844116,0.5078185230493546,0.8276628255844116,-0.008521835,-1.0,0.25508163579623044
2022-05-06,0.5298101202749975,0.0017369135190762486,1.0,0.5114857643842697,0.8200653672218323,0.5114857643842697,0.8200653672218323,-0.02734356,-1.0,0.26782565150423476
2022-05-09,0.5590410773264034,0.000982526079744014,1.0,0.5195221111178399,0.8415467381477356,0.5195221111178399,0.8415467381477356,-0.0020276867,-1.0,0.26459411458451654
2022-05-10,0.5909740198591458,0.001529715296862458,1.0,0.6308121502399444,0.8128018379211426,0.6308121502399444,0.8128018379211426,-0.012065419,-1.0,0.265167920428963
2022-05-11,0.5114579005667952,0.0013528830466990652,1.0,0.6124780774116516,0.8689014792442322,0.6124780774116516,0.8689014792442322,0.0,1.0,0.26162380424793635
2022-05-12,0.5373918137505402,0.0015303440101566846,1.0,0.6319549858570099,0.8454791903495789,0.6319549858570099,0.8454791903495789,0.019271296,1.0,0.27500023066212437
2022-05-13,0.5229512908784744,0.002505969740052857,1.0,0.583312165737152,0.7909777283668518,0.583312165737152,0.7909777283668518,-0.0025408529,-1.0,0.272835628612222
2022-05-16,0.5107819888271757,0.000883612176108785,1.0,0.557327264547348,0.7990395426750183,0.557327264547348,0.7990395426750183,0.019429598,1.0,0.28293808655968977
2022-05-17,0.4822561244575865,0.0016377959280772466,-1.0,-0.492222984880209,-0.6909560680389404,0.492222984880209,0.6909560680389404,-0.0400294,-1.0,0.3089347452666644
2022-05-18,0.5580016920331945,0.0017293505215109234,1.0,0.545076747238636,0.7834624767303466,0.545076747238636,0.7834624767303466,-0.0034195886,-1.0,0.3061145727437919
2022-05-19,0.5137886691398253,0.0015116913913714091,1.0,0.5781708419322967,0.7600681900978088,0.5781708419322967,0.7600681900978088,0.00025606883,1.0,0.29343589986956037
2022-05-20,0.5117730382401325,0.0005466275677248509,1.0,0.5682654082775116,0.7734554171562195,0.5682654082775116,0.7734554171562195,0.009932927,1.0,0.29348567562256206
2022-05-23,0.4998831302359289,0.0010260922003673984,-1.0,-0.5748370915651322,-0.7457924127578736,0.5748370915651322,0.7457924127578736,0.0026869455,1.0,0.280585467737538
2022-05-24,0.4518726901042166,0.0010955651503048425,-1.0,-0.5245755016803741,-0.7807401776313782,0.5245755016803741,0.7807401776313782,0.0028567095,1.0,0.2777965214543967
2022-05-25,0.5318016026448001,0.0012412303720977223,1.0,0.48141963183879855,0.700801944732666,0.48141963183879855,0.700801944732666,0.02200711,1.0,0.2892419121571803
2022-05-26,0.47933687440495626,0.0013767639661731446,-1.0,-0.432416707277298,-0.6378848046064377,0.432416707277298,0.6378848046064377,0.027823,1.0,0.29452828542471887
2022-05-27,0.46647192040045704,0.0017351149453624728,-1.0,-0.41747722774744034,-0.5527952909469604,0.41747722774744034,0.5527952909469604,-0.005111591,-1.0,0.29516499902235116
2022-05-31,0.49554234644058015,0.0014068977809033032,-1.0,-0.39833340160548686,-0.6276886165142059,0.39833340160548686,0.6276886165142059,-0.014714041,-1.0,0.2986608295568058
2022-06-01,0.5144213547671624,0.0006347603913254059,1.0,0.42434561997652054,0.6198375523090363,0.42434561997652054,0.6198375523090363,0.023330966,1.0,0.2944265349965311
2022-06-02,0.4568449090343563,0.0019872151467888103,-1.0,-0.3947443887591362,-0.5266298651695251,0.3947443887591362,0.5266298651695251,-0.018421052,-1.0,0.2782162157100682
2022-06-03,0.485056256254593,0.0011702358462865755,-1.0,-0.41855132654309274,-0.5737944006919861,0.41855132654309274,0.5737944006919861,0.0038995857,1.0,0.2768558827527939
2022-06-06,0.4706608229652596,0.0015035182931376853,-1.0,-0.41630168110132215,-0.6007241666316986,0.41630168110132215,0.6007241666316986,0.0064336006,1.0,0.25741856553590503
2022-06-07,0.4981729993256859,0.0023382937417816252,-1.0,-0.4281438887119293,-0.4695115201175213,0.4281438887119293,0.4695115201175213,-0.006947292,-1.0,0.25902173038008686
2022-06-08,0.5062608877390233,0.0008207135122401982,1.0,0.43924952745437623,0.5953470528125763,0.43924952745437623,0.5953470528125763,-0.023246774,-1.0,0.2697414163740017
2022-06-09,0.5291801235401259,0.001238754410458218,1.0,0.4591373473405838,0.603643947839737,0.4591373473405838,0.603643947839737,-0.029370803,-1.0,0.2907663672473647
2022-06-10,0.5235396760009168,0.0019408206386345595,1.0,0.4191850878298283,0.6520255923271179,0.4191850878298283,0.6520255923271179,-0.036511313,-1.0,0.30789943315215973
2022-06-13,0.5278219788099058,0.004910732330078554,1.0,0.5012596309185028,0.7375298500061035,0.5012596309185028,0.7375298500061035,-0.0010105307,-1.0,0.30798306576040596
2022-06-14,0.5204787690874811,0.0071106427491445775,1.0,0.582801154255867,0.7951235294342041,0.582801154255867,0.7951235294342041,0.016104989,1.0,0.3049823336336325
2022-06-15,0.5374708387781235,0.004257667909881671,1.0,0.6214982837438583,0.7432615876197814,0.6214982837438583,0.7432615876197814,-0.03678185,-1.0,0.29995342532380476
2022-06-16,0.6151779967434831,0.00352547350642975,1.0,0.6128578871488571,0.8286609411239624,0.6128578871488571,0.8286609411239624,-0.0036445726,-1.0,0.2999585616295338
2022-06-17,0.6042685458143816,0.0030177163643326996,1.0,0.6399057626724243,0.8297643661499023,0.6399057626724243,0.8297643661499023,0.022766357,1.0,0.3135550144449641
2022-06-21,0.5107639776100484,0.001945521956179011,1.0,0.5664293825626373,0.781574261188507,0.5664293825626373,0.781574261188507,-0.005338031,-1.0,0.3105856626717051
2022-06-22,0.5781604604685366,0.0008015844404502441,1.0,0.5723762452602387,0.8150308132171631,0.5723762452602387,0.8150308132171631,0.01100169,1.0,0.3138689992038814
2022-06-23,0.5355327140956244,0.0006758545025619875,1.0,0.527917742729187,0.7834161698818207,0.527917742729187,0.7834161698818207,0.03413223,1.0,0.33921963403618316
2022-06-24,0.4619847889208087,0.0022928921802941615,-1.0,-0.4446337729692459,-0.6686128854751587,0.4446337729692459,0.6686128854751587,-0.0013859302,-1.0,0.3284617268220792
2022-06-27,0.4908838082863718,0.001244602903899242,-1.0,-0.4800179898738861,-0.6839493989944458,0.4800179898738861,0.6839493989944458,-0.020278085,-1.0,0.3149275401015159
2022-06-28,0.505917729534114,0.0009141236446150666,1.0,0.528600537776947,0.7154048800468444,0.528600537776947,0.7154048800468444,-0.003043022,-1.0,0.314938482038731
2022-06-29,0.539421050960273,0.0019562452771372477,1.0,0.45557881295681,0.692959064245224,0.45557881295681,0.692959064245224,-0.007025576,-1.0,0.3126928328146671
2022-06-30,0.519146346717317,0.00176183994109796,1.0,0.4532025992870331,0.6853839099407196,0.4532025992870331,0.6853839099407196,0.0098047005,1.0,0.30059836999182027
2022-07-01,0.4753445843047663,0.0017513436488884172,-1.0,-0.4987798362970352,-0.6810647904872894,0.4987798362970352,0.6810647904872894,-0.00031490278,-1.0,0.2962711612282453
2022-07-05,0.5554739912024709,0.0030666020259613887,1.0,0.48238342106342313,0.6569745600223541,0.48238342106342313,0.6569745600223541,0.006903793,1.0,0.2974609332740803
2022-07-06,0.47194701475075834,0.0021299297422261725,-1.0,-0.47620306015014646,-0.7264857292175293,0.47620306015014646,0.7264857292175293,0.011940143,1.0,0.3004989602966209
2022-07-07,0.4818085742474474,0.0009421270937177234,-1.0,-0.4096749499440193,-0.6564365923404694,0.4096749499440193,0.6564365923404694,0.0016488046,1.0,0.3005930737316799
2022-07-08,0.4769674610029976,0.0002863303055536465,-1.0,-0.4688469856977463,-0.6520115226507187,0.4688469856977463,0.6520115226507187,-0.010185185,-1.0,0.2921998857848297
2022-07-11,0.5044917256284026,0.0021779929092941345,1.0,0.43773348331451417,0.6147908985614776,0.43773348331451417,0.6147908985614776,-0.010913626,-1.0,0.27620062313308663
2022-07-12,0.5363922444827682,0.00145087311830588,1.0,0.41956501454114914,0.579900524020195,0.41956501454114914,0.579900524020195,-0.011034048,-1.0,0.24604495364332188
2022-07-13,0.5720187649644306,0.0011335224644507713,1.0,0.42927569448947905,0.5965815603733062,0.42927569448947905,0.5965815603733062,0.006534906,1.0,0.24702170626976822
2022-07-14,0.4995643896490341,0.0003028005635800512,-1.0,-0.44732979536056516,-0.6322408318519592,0.44732979536056516,0.6322408318519592,0.016336765,1.0,0.2472166417832312
2022-07-15,0.4959149644821178,0.0009281056884653156,-1.0,-0.4113055273890495,-0.6053264081478119,0.4113055273890495,0.6053264081478119,-0.0068555404,-1.0,0.2067853036003215
2022-07-18,0.5291738581453942,0.0007216548479453982,1.0,0.41355095356702803,0.6462185800075531,0.41355095356702803,0.6462185800075531,0.02771604,1.0,0.22452791726115756
2022-07-19,0.47567284929154513,0.0002944366255378565,-1.0,-0.41497124433517457,-0.5410133540630341,0.41497124433517457,0.5410133540630341,0.0024169954,1.0,0.2128277020403794
2022-07-20,0.5514060041632816,0.00040518312216598787,1.0,0.4807123601436615,0.5566883713006974,0.4807123601436615,0.5566883713006974,0.007614213,1.0,0.2113788919603003
2022-07-21,0.5435023574181992,0.0025260189308392127,1.0,0.5042809784412384,0.5113224565982819,0.5042809784412384,0.5113224565982819,-0.0068513853,-1.0,0.21219421830749133
2022-07-22,0.5145228276470399,0.0026243880326401276,1.0,0.4958322554826736,0.5518656611442566,0.4958322554826736,0.5518656611442566,-5.072537e-05,-1.0,0.1758920307999613
2022-07-25,0.49205613244267077,0.0009333502685548924,-1.0,-0.5331507802009583,-0.6113111719489097,0.5331507802009583,0.6113111719489097,-0.00197839,-1.0,0.1759954783473981
2022-07-26,0.4742117494694484,0.0020131591612023068,-1.0,-0.5506880104541778,-0.6343422353267669,0.5506880104541778,0.6343422353267669,0.01829826,1.0,0.16834743455286144
2022-07-27,0.5660049939694258,0.0038439545275797465,1.0,0.4944885402917862,0.5734333485364914,0.4944885402917862,0.5734333485364914,0.018019367,1.0,0.1755184195345685
2022-07-28,0.47443474053953,0.0022926492312031308,-1.0,-0.5542555242776871,-0.6000885314773768,0.5542555242776871,0.6000885314773768,0.008776661,1.0,0.1717514986763444
2022-07-29,0.5411036308457515,0.0025905877539723044,1.0,0.5308363556861877,0.5646294414997101,0.5308363556861877,0.5646294414997101,-0.0023330417,-1.0,0.17208118126795993
2022-08-01,0.5290791162476162,0.002029848795836658,1.0,0.5178462302312254,0.5824910029768944,0.5178462302312254,0.5824910029768944,-0.004530839,-1.0,0.1740526685363849
2022-08-02,0.5156221056937487,0.0010000948157251007,1.0,0.556038823723793,0.6263937965035439,0.556038823723793,0.6263937965035439,0.012944746,1.0,0.17688351939259656
2022-08-03,0.5351732543636711,0.0008550130658025875,1.0,0.551274299621582,0.5794817700982093,0.551274299621582,0.5794817700982093,0.0011354028,1.0,0.17449179327531272
2022-08-04,0.5386212277169269,0.0028908415288234008,1.0,0.5943016797304154,0.6079838782548904,0.5943016797304154,0.6079838782548904,-0.003498866,-1.0,0.1761010479192808
2022-08-05,0.4841378731159473,0.0011330534240923216,-1.0,-0.5805015325546264,-0.7068427562713623,0.5805015325546264,0.7068427562713623,0.002494128,1.0,0.16904528873761754
2022-08-08,0.5133597806654234,0.0013299515083186413,1.0,0.5254462793469429,0.6317857086658478,0.5254462793469429,0.6317857086658478,-0.005362319,-1.0,0.16374031008558243
2022-08-09,0.5240018933387217,0.000903493717716497,1.0,0.5520587772130966,0.6716503798961639,0.5520587772130966,0.6716503798961639,0.019597843,1.0,0.1625611667273845
2022-08-10,0.523544219929077,0.0007379379147143238,1.0,0.5604514986276626,0.6229189813137055,0.5604514986276626,0.6229189813137055,0.0010718113,1.0,0.16326446223784227
2022-08-11,0.5010453816918427,0.0012559443603087788,1.0,0.5405117087066174,0.6776076555252075,0.5405117087066174,0.6776076555252075,0.015940994,1.0,0.16291361234312415
2022-08-12,0.5201107635436915,0.0004143448519476579,1.0,0.546275538019836,0.6465167880058289,0.546275538019836,0.6465167880058289,0.0031381734,1.0,0.15683076003982302
2022-08-15,0.5566079866172993,0.0012701130912566327,1.0,0.5456491954624653,0.6228158831596374,0.5456491954624653,0.6228158831596374,0.002731475,1.0,0.13374825375522023
2022-08-16,0.5115960819356051,0.0008665010954810798,1.0,0.52967713996768,0.6950836479663849,0.52967713996768,0.6950836479663849,-0.008335079,-1.0,0.1411852573680821
2022-08-17,0.5337016937649673,0.0006329898391683773,1.0,0.5540268771350384,0.7116707384586334,0.5540268771350384,0.7116707384586334,0.0038034418,1.0,0.1405167488473233
2022-08-18,0.5259134771959468,0.0004186891564422303,1.0,0.5459248598664999,0.7092893123626709,0.5459248598664999,0.7092893123626709,-0.014150391,-1.0,0.1498964168086204
2022-08-19,0.5332829010717817,0.001144838176582547,1.0,0.5183507777750492,0.7414298713207245,0.5183507777750492,0.7414298713207245,-0.01727165,-1.0,0.16665938057290577
2022-08-22,0.5451862278662101,0.0015854418109278537,1.0,0.5017576456069947,0.7473372280597687,0.5017576456069947,0.7473372280597687,-0.0051180534,-1.0,0.16815046245464335
2022-08-23,0.572154977975963,0.0028532483860230556,1.0,0.58418188393116,0.7486868262290954,0.58418188393116,0.7486868262290954,0.004173744,1.0,0.1575421887431964
2022-08-24,0.5401654573068138,0.0022793607452728706,1.0,0.5706028208136559,0.756092643737793,0.5706028208136559,0.756092643737793,0.013194143,1.0,0.15172065324232029
2022-08-25,0.5582530805689168,0.0009568823011533112,1.0,0.5728673234581947,0.7444061279296875,0.5728673234581947,0.7444061279296875,-0.03668193,-1.0,0.20046438173804013
2022-08-26,0.604444694449277,0.0016259991833533442,1.0,0.4967843569815159,0.7941693425178528,0.4967843569815159,0.7941693425178528,-0.0006932409,-1.0,0.20038827881743382
2022-08-29,0.5314752477203063,0.0021418302362583986,1.0,0.623613053560257,0.8046364068984986,0.623613053560257,0.8046364068984986,-0.013081611,-1.0,0.20476710845965376
2022-08-30,0.5963707944940526,0.0014922647039920718,1.0,0.5982210755348205,0.8268267035484314,0.5982210755348205,0.8268267035484314,-0.012953758,-1.0,0.20165465013977482
2022-08-31,0.6038068553500849,0.0020344404291863303,1.0,0.6285246968269348,0.8608541369438172,0.6285246968269348,0.8608541369438172,0.008825474,1.0,0.2053045066906741
2022-09-01,0.5149774983027469,0.004190052511631007,1.0,0.6374809980392456,0.8555670738220215,0.6374809980392456,0.8555670738220215,-0.009807135,-1.0,0.20708442177805353
2022-09-02,0.5860285010774753,0.0020762405598548717,1.0,0.6431574285030365,0.8401247143745423,0.6431574285030365,0.8401247143745423,-0.006110602,-1.0,0.20662590025322586
2022-09-06,0.557346451317602,0.004265317657130839,1.0,0.6527203977108001,0.8531593322753906,0.6527203977108001,0.8531593322753906,0.01934112,1.0,0.22077169728933635
2022-09-07,0.542332866409603,0.0020894202640819306,1.0,0.6176779180765152,0.7865603148937226,0.6176779180765152,0.7865603148937226,0.007187555,1.0,0.20903607359678789
2022-09-08,0.5376986921939477,0.0015338099666498983,1.0,0.5652966573834419,0.813902485370636,0.5652966573834419,0.813902485370636,0.013548918,1.0,0.21622596255341697
2022-09-09,0.5389770382564862,0.0011218263375806874,1.0,0.5466736741364002,0.7383599638938904,0.5466736741364002,0.7383599638938904,0.012752338,1.0,0.21306514526233533
2022-09-12,0.5118617933124255,0.001103586146382179,1.0,0.5126499325037003,0.7537274599075318,0.5126499325037003,0.7537274599075318,-0.04246682,-1.0,0.2562389058509044
2022-09-13,0.5551866174925103,0.0027815671687163837,1.0,0.5196533232927323,0.798833703994751,0.5196533232927323,0.798833703994751,0.0035794978,1.0,0.25655430778501825
2022-09-14,0.5297607426740755,0.001063118333961052,1.0,0.5129418272525073,0.7812899231910706,0.5129418272525073,0.7812899231910706,-0.019351412,-1.0,0.2619392950023415
2022-09-15,0.5511466914987084,0.0019840908942532253,1.0,0.5268806964159012,0.8174158692359924,0.5268806964159012,0.8174158692359924,-0.00069646863,-1.0,0.2605159178797931
2022-09-16,0.5116751605767595,0.0008037060849440906,1.0,0.5534752681851387,0.827622389793396,0.5534752681851387,0.827622389793396,0.0061177076,1.0,0.2607902200790522
2022-09-19,0.5055401134076208,0.001518567489378492,1.0,0.590424332022667,0.7932897686958313,0.590424332022667,0.7932897686958313,-0.013931293,-1.0,0.25875911814323294
2022-09-20,0.560798604535331,0.0017632951570183846,1.0,0.5433987140655517,0.8024494886398316,0.5433987140655517,0.8024494886398316,-0.024041213,-1.0,0.26874868679298725
2022-09-21,0.5905639160214375,0.0019752868065613044,1.0,0.5678554326295853,0.838685953617096,0.5678554326295853,0.838685953617096,-0.00026659557,-1.0,0.2672942068373793
2022-09-22,0.47579309964728217,0.0045782353273015435,-1.0,-0.6294667541980743,-0.8396706104278564,0.6294667541980743,0.8396706104278564,-0.01816,-1.0,0.26246227704881614
2022-09-23,0.5729129308901296,0.002440261852975005,1.0,0.6256617069244385,0.8506884694099426,0.6256617069244385,0.8506884694099426,-0.008392406,-1.0,0.23707478023453507
2022-09-26,0.546366964705429,0.005599361281265391,1.0,0.6962354421615601,0.8353916883468628,0.6962354421615601,0.8353916883468628,-0.0041906326,-1.0,0.23657031771271628
2022-09-27,0.5552714509725079,0.004779512933243527,1.0,0.7063152730464936,0.8292941689491272,0.7063152730464936,0.8292941689491272,0.017685728,1.0,0.24775566467387616
2022-09-28,0.5521960030688436,0.005544749418463997,1.0,0.5999988496303559,0.7658505797386169,0.5999988496303559,0.7658505797386169,-0.015648648,-1.0,0.24928984914562907
2022-09-29,0.5242379492422997,0.001551928408551628,1.0,0.6120649099349975,0.8407078385353088,0.6120649099349975,0.8407078385353088,-0.011806375,-1.0,0.24627870737328844
2022-09-30,0.5303802534588895,0.002605017670456704,1.0,0.6870668709278107,0.8512313604354859,0.6870668709278107,0.8512313604354859,0.020310633,1.0,0.2608227060772533
2022-10-03,0.523253676357706,0.0017249297988605268,1.0,0.5948119699954987,0.7491097211837768,0.5948119699954987,0.7491097211837768,0.02685039,1.0,0.2814181729999754
2022-10-04,0.4891263745154998,0.002131063304587735,-1.0,-0.48552735447883605,-0.730405193567276,0.48552735447883605,0.730405193567276,0.0012464199,1.0,0.2707034286771062
2022-10-05,0.4840189734550802,0.0018020686712002278,-1.0,-0.5268417924642563,-0.7285225093364716,0.5268417924642563,0.7285225093364716,-0.014143822,-1.0,0.2711850319699226
2022-10-06,0.5379787551821298,0.000995528308202767,1.0,0.519303610920906,0.7202909767627717,0.519303610920906,0.7202909767627717,-0.027565084,-1.0,0.276028114658887
2022-10-07,0.5115224180146025,0.0012332415598340022,1.0,0.4793139316141605,0.7499610722064972,0.4793139316141605,0.7499610722064972,-0.0029009532,-1.0,0.2676864895764529
2022-10-10,0.49076371270031016,0.001967581106349009,-1.0,-0.5829104393720627,-0.769625723361969,0.5829104393720627,0.769625723361969,-0.0073704626,-1.0,0.2314911144824851
2022-10-11,0.49644328801407056,0.0022207562406988636,-1.0,-0.5949937045574188,-0.7888169765472413,0.5949937045574188,0.7888169765472413,-0.0018423403,-1.0,0.22973308245467308
2022-10-12,0.5265993566522942,0.0016782027005499568,1.0,0.5947775542736053,0.7753459692001343,0.5947775542736053,0.7753459692001343,0.022764137,1.0,0.24287213573991215
2022-10-13,0.47330762637847024,0.0011106470466167888,-1.0,-0.5426189750432968,-0.6780613720417022,0.5426189750432968,0.6780613720417022,-0.02493711,-1.0,0.255026947015853
2022-10-14,0.5320399748391165,0.0010089320096557967,1.0,0.4751619752496481,0.7657556653022766,0.4751619752496481,0.7657556653022766,0.03696018,1.0,0.2920810630664248
2022-10-17,0.436773618004898,0.0013041454126085355,-1.0,-0.4122507840394974,-0.6452533185482026,0.4122507840394974,0.6452533185482026,0.011682622,1.0,0.29289908082451976
2022-10-18,0.4791428279741955,0.0008399596674740983,-1.0,-0.384744830429554,-0.6372584134340287,0.384744830429554,0.6372584134340287,-0.017669072,-1.0,0.2871213430918451
2022-10-19,0.5611534607838842,0.0013250530596038103,1.0,0.3638589411973953,0.7042782306671143,0.3638589411973953,0.7042782306671143,-0.009143106,-1.0,0.2885991161106603
2022-10-20,0.5175453840352826,0.0013114437161941572,1.0,0.3380470484495163,0.6872057020664215,0.3380470484495163,0.6872057020664215,0.031087799,1.0,0.3030530653709513
2022-10-21,0.4458841184110973,0.0016446985455375613,-1.0,-0.2782073706155643,-0.5617794901132583,0.2782073706155643,0.5617794901132583,0.009082435,1.0,0.3021026624467531
2022-10-24,0.49705689929960106,0.0011637284969846814,-1.0,-0.32193103805184364,-0.636676013469696,0.32193103805184364,0.636676013469696,0.006123634,1.0,0.30150706606710337
2022-10-25,0.5423144777386948,0.002489889548919429,1.0,0.3478591300547123,0.5394766308367253,0.3478591300547123,0.5394766308367253,0.007030799,1.0,0.2967419131864141
2022-10-26,0.41467098158558385,0.0023065171989235635,-1.0,-0.40203309506177903,-0.5788892596960068,0.40203309506177903,0.5788892596960068,-0.016568542,-1.0,0.29748481198400556
2022-10-27,0.5264238770535989,0.0023545131900555892,1.0,0.33792955838143823,0.5223623275756836,0.33792955838143823,0.5223623275756836,0.033642385,1.0,0.3129337585141779
2022-10-28,0.42542277809363016,0.0021246364066391057,-1.0,-0.4405697327107191,-0.5501038983464241,0.4405697327107191,0.5501038983464241,-0.008739108,-1.0,0.3101139156125097
2022-10-31,0.4888846582981845,0.0010521189288283284,-1.0,-0.3390095479786396,-0.5856452316045762,0.3390095479786396,0.5856452316045762,-0.0053258874,-1.0,0.2977762478872432
2022-11-01,0.4886109463724512,0.0009219693055246761,-1.0,-0.3019875906407833,-0.532482647895813,0.3019875906407833,0.532482647895813,-0.027681751,-1.0,0.314891723367736
2022-11-02,0.5232008265002649,0.0006228288882616738,1.0,0.2879049390554428,0.6022943258285522,0.2879049390554428,0.6022943258285522,-0.009784004,-1.0,0.312717839296329
2022-11-03,0.4835577802202569,0.0011907444439665572,-1.0,-0.2876918278634548,-0.659748512506485,0.2876918278634548,0.659748512506485,0.0150639815,1.0,0.2993066524743415
2022-11-04,0.4880830909430044,0.001144993717791838,-1.0,-0.30712979938834906,-0.5885438203811646,0.30712979938834906,0.5885438203811646,0.010797872,1.0,0.30023531543546655
2022-11-07,0.4938872215529275,0.0010794110642557554,-1.0,-0.2717239983379841,-0.6185046255588531,0.2717239983379841,0.6185046255588531,0.0047887177,1.0,0.2978876467827165
2022-11-08,0.5366359706530743,0.0011592723047108386,1.0,0.3183034285902977,0.5196465447545051,0.3183034285902977,0.5196465447545051,-0.018513668,-1.0,0.30747778533862224
2022-11-09,0.5405530029827289,0.0011006464978811136,1.0,0.34695925116539,0.5915645241737366,0.34695925116539,0.5915645241737366,0.05464102,1.0,0.35277863979130186
2022-11-10,0.5221626424760781,0.005833062323488546,1.0,0.4033602997660637,0.4490068152546883,0.4033602997660637,0.4490068152546883,0.008145918,1.0,0.3357640856035852
2022-11-11,0.5289567973858689,0.0014644777354420556,1.0,0.3513415664434433,0.4998934119939804,0.3513415664434433,0.4998934119939804,-0.00657449,-1.0,0.31719371556762643
2022-11-14,0.5012239018186924,0.0018705127841917124,1.0,0.2922289652749896,0.5729407846927643,0.2922289652749896,0.5729407846927643,0.0019197252,1.0,0.3157859383041716
2022-11-15,0.537325935944675,0.0014086482422878597,1.0,0.29860322903841735,0.49210435450077056,0.29860322903841735,0.49210435450077056,-0.0011345014,-1.0,0.30667415543147636
2022-11-16,0.49519108305627463,0.003410986873283226,-1.0,-0.308306650724262,-0.5244584441184997,0.308306650724262,0.5244584441184997,-0.005199394,-1.0,0.30475570905494614
2022-11-17,0.5177459599796708,0.000886900297946906,1.0,0.29201264418661593,0.5713744342327118,0.29201264418661593,0.5713744342327118,0.004440047,1.0,0.2877063409631292
2022-11-18,0.4818499033601526,0.000338935550077706,-1.0,-0.2977197144180536,-0.580973881483078,0.2977197144180536,0.580973881483078,-0.0017934275,-1.0,0.28714996011599875
2022-11-21,0.48730654097426795,0.0007364376264441593,-1.0,-0.37378894090652465,-0.6343899130821228,0.37378894090652465,0.6343899130821228,0.012424718,1.0,0.2891374898019231
2022-11-22,0.5052351025313699,0.0004440714787689162,1.0,0.33580747842788694,0.5750639975070954,0.33580747842788694,0.5750639975070954,0.0076732733,1.0,0.2892776491168604
2022-11-23,0.5113630319027961,0.0002751503742886455,1.0,0.3647297456860542,0.5733141154050827,0.3647297456860542,0.5733141154050827,-0.0028524655,-1.0,0.28120051030884924
2022-11-25,0.5105863949298433,0.0010282913371288168,1.0,0.3575417876243591,0.5562453180551529,0.3575417876243591,0.5562453180551529,-0.014676251,-1.0,0.26381170287552225
2022-11-28,0.5361339338358195,0.0005995674434071808,1.0,0.3640181213617325,0.6151008486747742,0.3640181213617325,0.6151008486747742,-0.0025245512,-1.0,0.26172001231694014
2022-11-29,0.4986735366621443,0.000897266354523664,-1.0,-0.4112280122935772,-0.6247402191162109,0.4112280122935772,0.6247402191162109,0.032623827,1.0,0.282988630406416
2022-11-30,0.5096748527055633,0.0009261154800858619,1.0,0.3614123359322548,0.5378357354551554,0.3614123359322548,0.5378357354551554,-0.004338235,-1.0,0.2605659695093703
2022-12-01,0.5667080028479121,0.0010608757619829145,1.0,0.36409472273662685,0.6074186146259308,0.36409472273662685,0.6074186146259308,-0.0004923319,-1.0,0.2559723700525626
2022-12-02,0.5108504774660696,0.0005808910253356384,1.0,0.3898329781368375,0.6344086855649949,0.3898329781368375,0.6344086855649949,-0.01386597,-1.0,0.2610173562927529
2022-12-05,0.531179685990014,0.0014343489951838852,1.0,0.3746694464236498,0.6647754609584808,0.3746694464236498,0.6647754609584808,-0.0148851145,-1.0,0.26705004807983795
2022-12-06,0.5470769909434088,0.0006737563894617008,1.0,0.41134892106056214,0.6895039319992066,0.41134892106056214,0.6895039319992066,-0.0045380793,-1.0,0.2678048873820199
2022-12-07,0.544776812194413,0.0006400804110273468,1.0,0.472090545296669,0.6831105828285218,0.472090545296669,0.6831105828285218,0.008531772,1.0,0.25799313533840956
2022-12-08,0.5179606378395782,0.0018429447458249242,1.0,0.4583635687828064,0.714032781124115,0.4583635687828064,0.714032781124115,-0.0076767677,-1.0,0.1729807618509016
2022-12-09,0.5510451913151304,0.001356445580198203,1.0,0.47329241037368774,0.7449502348899841,0.47329241037368774,0.7449502348899841,0.0147597715,1.0,0.17873073091160407
2022-12-12,0.51347501687474,0.0008623271183592109,1.0,0.4465672917664051,0.6912882506847382,0.4465672917664051,0.6912882506847382,0.009629852,1.0,0.17996681203246548
2022-12-13,0.5541625651197706,0.0005331687050972058,1.0,0.4338974326848984,0.7144309639930725,0.4338974326848984,0.7144309639930725,-0.0045951316,-1.0,0.18096087852846884
2022-12-14,0.5456421633083542,0.0007651799795095865,1.0,0.42231287956237795,0.6982317686080932,0.42231287956237795,0.6982317686080932,-0.027947599,-1.0,0.20741695065656185
2022-12-15,0.5747596113312902,0.0008169202054172341,1.0,0.400513531267643,0.7588793277740479,0.400513531267643,0.7588793277740479,-0.018097805,-1.0,0.21595189658744782
2022-12-16,0.5849611020872623,0.0015431723375869013,1.0,0.48478770852088926,0.7597551882266999,0.48478770852088926,0.7597551882266999,-0.004705882,-1.0,0.21510442572439045
2022-12-19,0.505871624574935,0.0025872654651876896,1.0,0.5630066156387329,0.8021621584892273,0.5630066156387329,0.8021621584892273,0.0034935644,1.0,0.21594553882727674
2022-12-20,0.5049308524971349,0.0039949546383615695,1.0,0.5803239166736602,0.8014631032943725,0.5803239166736602,0.8014631032943725,0.012721514,1.0,0.21620366451161824
2022-12-21,0.517645236052281,0.002437440682732202,1.0,0.5551705658435822,0.7202023923397064,0.5551705658435822,0.7202023923397064,-0.0185324,-1.0,0.22126667711937445
2022-12-22,0.5535773509712005,0.0028428927824284862,1.0,0.5301012605428695,0.7872358918190002,0.5301012605428695,0.7872358918190002,0.008637943,1.0,0.22502559651266768
2022-12-23,0.4949186208924944,0.003581130271182209,-1.0,-0.5007329493761062,-0.8047171711921692,0.5007329493761062,0.8047171711921692,-0.0050391643,-1.0,0.2205652104391068
2022-12-27,0.5108516210417695,0.0037637368318783893,1.0,0.5589750409126282,0.801749050617218,0.5589750409126282,0.801749050617218,-0.010496759,-1.0,0.22269744473780897
2022-12-28,0.5487127007976865,0.002047591640434914,1.0,0.5433750331401825,0.8001346707344055,0.5433750331401825,0.8001346707344055,0.015010475,1.0,0.19290869267326613
2022-12-29,0.538406624723091,0.0018292642494884613,1.0,0.49555047154426574,0.6965366810560226,0.49555047154426574,0.6965366810560226,0.001306404,1.0,0.19347613130244143
2022-12-30,0.5210655008598868,0.0015924135540258601,1.0,0.4593101888895035,0.7746843099594116,0.4593101888895035,0.7746843099594116,-0.0063930275,-1.0,0.19366052836246506
2023-01-03,0.5512916178999333,0.0008957563565186687,1.0,0.48379725515842437,0.7608934164047241,0.48379725515842437,0.7608934164047241,0.006801828,1.0,0.19236151969146192
2023-01-04,0.521224227588719,0.0007605772513813629,1.0,0.4219319883733988,0.7355496644973755,0.4219319883733988,0.7355496644973755,-0.007903592,-1.0,0.18774852042060233
2023-01-05,0.5211060881557235,0.0006620553530576307,1.0,0.4848846301436424,0.7673168063163758,0.4848846301436424,0.7673168063163758,0.018851554,1.0,0.2010319361921529
2023-01-06,0.5385452777953417,0.001718904387839628,1.0,0.4497232474386692,0.6953523218631744,0.4497232474386692,0.6953523218631744,-0.0007999794,-1.0,0.1981288194884433
2023-01-09,0.5492416129119679,0.001306410331750972,1.0,0.47978380024433137,0.748268473148346,0.47978380024433137,0.748268473148346,0.009555785,1.0,0.1999174000402696
2023-01-10,0.48564577787207863,0.0009279840177575712,-1.0,-0.5099356859922409,-0.7066851377487182,0.5099356859922409,0.7066851377487182,0.011077002,1.0,0.19666644422102142
2023-01-11,0.5254855308954778,0.0010269792612866942,1.0,0.49596238434314727,0.698835301399231,0.49596238434314727,0.698835301399231,0.0046049138,1.0,0.19406895590883863
2023-01-12,0.5143037364375009,0.0019427707893076844,1.0,0.4990434758365154,0.6843514204025268,0.4990434758365154,0.6843514204025268,0.0029719179,1.0,0.19387323687290453
2023-01-13,0.5047907872276381,0.0003258859671747482,1.0,0.5604799538850784,0.6850775301456451,0.5604799538850784,0.6850775301456451,-0.0035908897,-1.0,0.1648112776157884
2023-01-17,0.5413020009460038,0.0004367519115506946,1.0,0.5600276738405228,0.6832036793231964,0.5600276738405228,0.6832036793231964,-0.014969758,-1.0,0.16032335375467036
2023-01-18,0.5761101847440346,0.0024440177261977015,1.0,0.45808672681450846,0.6950356125831604,0.45808672681450846,0.6950356125831604,-0.0036841836,-1.0,0.1598704633111857
2023-01-19,0.5136776529030779,0.00039843567082760537,1.0,0.45561224818229673,0.7333943367004394,0.45561224818229673,0.7333943367004394,0.01764162,1.0,0.17014262292155438
2023-01-20,0.5184582265132234,0.00048590777646071684,1.0,0.5029782861471176,0.6763606429100036,0.5029782861471176,0.6763606429100036,0.010371192,1.0,0.16835299235908316
2023-01-23,0.5403689709850943,0.00039514074032317455,1.0,0.5127795867621898,0.6923004209995269,0.5127795867621898,0.6923004209995269,-0.0046453546,-1.0,0.15262181199413463
2023-01-24,0.5560265297253981,0.0007078146088843682,1.0,0.5677547842264176,0.6555999845266343,0.5677547842264176,0.6555999845266343,0.0054197824,1.0,0.15131749667499333
2023-01-25,0.5082344414923151,0.0003321693928561012,1.0,0.5509899526834487,0.6748347103595733,0.5509899526834487,0.6748347103595733,0.007486898,1.0,0.14977942254161078
2023-01-26,0.5588729814682128,0.0005140974809921888,1.0,0.5606657117605209,0.6925827324390411,0.5606657117605209,0.6925827324390411,0.0040871934,1.0,0.14113549548208262
2023-01-27,0.5473884485594922,0.0003775436977120498,1.0,0.5895079985260964,0.7089932441711426,0.5895079985260964,0.7089932441711426,-0.0096459845,-1.0,0.1419702632928227
2023-01-30,0.5214346339626086,0.0004188611362481255,1.0,0.550457164645195,0.7329429626464844,0.550457164645195,0.7329429626464844,0.009092268,1.0,0.14383286209708215
2023-01-31,0.5416406368786227,0.0002365228848193026,1.0,0.5456844314699992,0.6395902872085572,0.5456844314699992,0.6395902872085572,0.017601026,1.0,0.14859441066405646
2023-02-01,0.5419441167728432,0.001809149888200726,1.0,0.6218150138854981,0.6319490253925324,0.6218150138854981,0.6319490253925324,0.0056523215,1.0,0.14836444010504235
2023-02-02,0.6092264187961831,0.001429487765550215,1.0,0.6083839446306228,0.6409521192312241,0.6083839446306228,0.6409521192312241,-0.0066336994,-1.0,0.147080721491362
2023-02-03,0.49634319261381454,0.0012126887676267993,-1.0,-0.5453962907195091,-0.7617920458316803,0.5453962907195091,0.7617920458316803,-0.0023555125,-1.0,0.13768538009418832
2023-02-06,0.5169755918010928,0.0007288899785313659,1.0,0.5918377459049224,0.7467202425003052,0.5918377459049224,0.7467202425003052,0.009566001,1.0,0.13884087878772863
2023-02-07,0.5553968584037352,0.0005159689326873254,1.0,0.5546512368135155,0.7003173947334289,0.5546512368135155,0.7003173947334289,-0.00810107,-1.0,0.14268622512777404
2023-02-08,0.5321126497835801,0.0009579017587187606,1.0,0.5642946660518646,0.6909942626953125,0.5642946660518646,0.6909942626953125,-0.010695187,-1.0,0.1464061903128376
2023-02-09,0.5654299201469959,0.000994092409337989,1.0,0.5032205659896135,0.7139781296253205,0.5032205659896135,0.7139781296253205,0.0023095822,1.0,0.14598848073949708
2023-02-10,0.5086028305520827,0.0007699847314989767,1.0,0.5270095497369767,0.7573951959609986,0.5270095497369767,0.7573951959609986,0.011570329,1.0,0.15034662349086947
2023-02-13,0.5450074033553147,0.000190481407555169,1.0,0.5727951437234878,0.7029556572437287,0.5727951437234878,0.7029556572437287,-0.0026413996,-1.0,0.14993027987266747
2023-02-14,0.5716864342728964,0.00029120466990475156,1.0,0.5320949584245682,0.6963421463966369,0.5320949584245682,0.6963421463966369,0.006681731,1.0,0.13679695475812953
2023-02-15,0.5368963122844981,0.0006089738542177833,1.0,0.5677333116531372,0.7356915950775147,0.5677333116531372,0.7356915950775147,-0.016943425,-1.0,0.15252315293888744
2023-02-16,0.5756734953853122,0.000941657700173704,1.0,0.5378151223063469,0.7322861671447753,0.5378151223063469,0.7322861671447753,0.00019641542,1.0,0.14140116306530257
2023-02-17,0.5345122581396259,0.0003818850028633375,1.0,0.517018262296915,0.7418532073497772,0.517018262296915,0.7418532073497772,-0.018753989,-1.0,0.1541622003689599
2023-02-21,0.562973552105892,0.0018165642735238938,1.0,0.49299757480621337,0.7894156813621521,0.49299757480621337,0.7894156813621521,-0.00020013009,-1.0,0.1532045540070336
2023-02-22,0.5677356188293199,0.0011832841352847723,1.0,0.5868863165378571,0.7867679357528686,0.5868863165378571,0.7867679357528686,0.0022769354,1.0,0.1521829459007854
2023-02-23,0.5788544210236802,0.000675476457981763,1.0,0.5535792142152787,0.7552152395248413,0.5535792142152787,0.7552152395248413,-0.010909454,-1.0,0.154219741005715
2023-02-24,0.5525444483673021,0.0014695501243024108,1.0,0.5663095831871032,0.8088914036750794,0.5663095831871032,0.8088914036750794,0.0051741544,1.0,0.15473263836474208
2023-02-27,0.5615032031113086,0.0009738297474346876,1.0,0.5610712200403214,0.7898279666900635,0.5610712200403214,0.7898279666900635,-0.00861268,-1.0,0.153994209859802
2023-02-28,0.5953182694031068,0.0007599016387677294,1.0,0.5478431522846222,0.7790714859962463,0.5478431522846222,0.7790714859962463,0.0014183678,1.0,0.14981766549114017
2023-03-01,0.5206173187093215,0.0016566379112007666,1.0,0.5956373035907745,0.7954434394836426,0.5956373035907745,0.7954434394836426,0.0046284585,1.0,0.1345599496787403
2023-03-02,0.5539541262217133,0.001261883726584884,1.0,0.543781378865242,0.7826773881912231,0.543781378865242,0.7826773881912231,0.018579593,1.0,0.15091023945430385
2023-03-03,0.542797040846388,0.0009140453211888332,1.0,0.5113406240940094,0.7587462902069092,0.5113406240940094,0.7587462902069092,0.00014829828,1.0,0.1495691175903176
2023-03-06,0.5558140080399693,0.0003270143735068822,1.0,0.4910541817545891,0.7546313047409058,0.4910541817545891,0.7546313047409058,-0.016087977,-1.0,0.15906473596984552
2023-03-07,0.5837399965167472,0.0006821608085057965,1.0,0.4462041541934013,0.7741229355335235,0.4462041541934013,0.7741229355335235,0.0015070076,1.0,0.1541105498676676
2023-03-08,0.5507089797757918,0.0004475520975648563,1.0,0.5399141311645508,0.7758264303207397,0.5399141311645508,0.7758264303207397,-0.020665094,-1.0,0.1667277235843857
2023-03-09,0.5999385439860372,0.0007353568143563811,1.0,0.5305373311042786,0.8044859051704407,0.5305373311042786,0.8044859051704407,-0.008809219,-1.0,0.1656366834902297
2023-03-10,0.5806552837980039,0.002128932437869729,1.0,0.5477670907974244,0.8265403389930726,0.5477670907974244,0.8265403389930726,-0.0034361598,-1.0,0.1646968366713197
2023-03-13,0.6120133296788124,0.00509906523899936,1.0,0.6227707445621491,0.8370367646217346,0.6227707445621491,0.8370367646217346,0.014440153,1.0,0.16828102700522682
2023-03-14,0.521416946346041,0.001745640310471272,1.0,0.5401229947805405,0.8157885909080506,0.5401229947805405,0.8157885909080506,-0.0064400714,-1.0,0.1688326097453439
2023-03-15,0.6057963519327311,0.0030988710168321485,1.0,0.500353929400444,0.8211786389350891,0.500353929400444,0.8211786389350891,0.018622357,1.0,0.182485988723348
2023-03-16,0.512789680816582,0.0035677313905237242,1.0,0.48228082731366156,0.7539783120155334,0.48228082731366156,0.7539783120155334,-0.012423615,-1.0,0.17829775693058192
2023-03-17,0.6122255721050089,0.002903833814401344,1.0,0.4329225555062294,0.7660144090652465,0.4329225555062294,0.7660144090652465,0.0065967785,1.0,0.18075840669149218
2023-03-20,0.5031607692316571,0.0009330836557902962,1.0,0.4243837475776672,0.7383191108703613,0.4243837475776672,0.7383191108703613,0.013234098,1.0,0.17621276098791955
2023-03-21,0.49474713381035285,0.0009991718687605343,-1.0,-0.4328909501433372,-0.7427880883216857,0.4328909501433372,0.7427880883216857,-0.015367645,-1.0,0.1844203222894146
2023-03-22,0.5861525074697215,0.0011533334797728004,1.0,0.41310138143599034,0.7598514437675477,0.41310138143599034,0.7598514437675477,0.0029279967,1.0,0.18457910010065348
2023-03-23,0.5703943660544041,0.0017818303333643367,1.0,0.4313932627439499,0.7160204589366913,0.4313932627439499,0.7160204589366913,0.00647356,1.0,0.18221723433485645
2023-03-24,0.5212829093766479,0.0002847497398260103,1.0,0.46060380041599275,0.7048830807209014,0.46060380041599275,0.7048830807209014,0.0013872774,1.0,0.18131089682762921
2023-03-27,0.4843354805950596,0.0007105643673480149,-1.0,-0.457596954703331,-0.765242063999176,0.457596954703331,0.765242063999176,-0.0010075313,-1.0,0.1785605201426734
2023-03-28,0.5147600723355772,0.00010381002638005303,1.0,0.4679525136947632,0.7159003257751465,0.4679525136947632,0.7159003257751465,0.012026928,1.0,0.18335878698522695
2023-03-29,0.5336947719399424,0.00047318320963215426,1.0,0.48196702897548677,0.6761384069919586,0.48196702897548677,0.6761384069919586,0.007075589,1.0,0.18423715529279958
2023-03-30,0.5336811520038004,0.0005041798831879052,1.0,0.48600937724113463,0.7168699145317078,0.48600937724113463,0.7168699145317078,0.013705408,1.0,0.17877881709633858
2023-03-31,0.5214778512884135,0.001152211927730838,1.0,0.4842280825600028,0.6670465171337128,0.4842280825600028,0.6670465171337128,0.0020011715,1.0,0.178824586274356
2023-04-03,0.5221618594165093,0.0018858656707409563,1.0,0.5559908598661423,0.7152182400226593,0.5559908598661423,0.7152182400226593,-0.0036290127,-1.0,0.16839451309878561
2023-04-04,0.5595784009080651,0.0038702945020648244,1.0,0.5364946097135543,0.7524070560932159,0.5364946097135543,0.7524070560932159,-0.004424454,-1.0,0.16966113949425496
2023-04-05,0.5308076882532012,0.00260313868796672,1.0,0.5410925298929214,0.7130398035049439,0.5410925298929214,0.7130398035049439,0.0036338638,1.0,0.14895029648893024
2023-04-06,0.5397552652230636,0.0019181760769666583,1.0,0.5481569945812226,0.7075181424617767,0.5481569945812226,0.7075181424617767,0.0034739212,1.0,0.1430313753303798
2023-04-10,0.5051293228686294,0.0009507356834647502,1.0,0.5452794313430787,0.7429358124732971,0.5452794313430787,0.7429358124732971,-0.000585109,-1.0,0.14169654505633192
2023-04-11,0.5251974351432592,0.0006711686723921438,1.0,0.5696817129850388,0.7402118146419525,0.5696817129850388,0.7402118146419525,-0.006683905,-1.0,0.13906177751253396
2023-04-12,0.557336708021036,0.000758973143066028,1.0,0.5572562336921691,0.7134962022304535,0.5572562336921691,0.7134962022304535,0.014611985,1.0,0.14210016000158396
2023-04-13,0.5416230025435652,0.0006960804825321533,1.0,0.5434553071856498,0.7188347339630127,0.5434553071856498,0.7188347339630127,0.0,1.0,0.12994464468765066
2023-04-14,0.5397851121682151,0.00040166238011372907,1.0,0.5619607135653496,0.755608332157135,0.5619607135653496,0.755608332157135,0.0017669128,1.0,0.11805311060568602
2023-04-17,0.5370714829944621,0.00048431650217746925,1.0,0.5728945106267929,0.7492429137229919,0.5728945106267929,0.7492429137229919,4.8323185e-05,1.0,0.11759211732213383
2023-04-18,0.5580947988995748,0.0006093919299312188,1.0,0.5687060326337814,0.7419366419315339,0.5687060326337814,0.7419366419315339,-0.002319401,-1.0,0.11162954335436755
2023-04-19,0.5561159938190933,0.00022015830366875437,1.0,0.5856849163770675,0.7415197849273681,0.5856849163770675,0.7415197849273681,-0.0028817747,-1.0,0.09356336272456987
2023-04-20,0.5538486337155947,0.0005297425055848582,1.0,0.5512549474835395,0.7657000422477722,0.5512549474835395,0.7657000422477722,0.0007771706,1.0,0.09370768898484182
2023-04-21,0.5492815931601244,0.00015496372322712723,1.0,0.5554298430681228,0.7554766893386841,0.5554298430681228,0.7554766893386841,0.00043681898,1.0,0.09256124670566752
2023-04-24,0.5517510357026821,0.0004215526330073022,1.0,0.552573624253273,0.7741150379180908,0.552573624253273,0.7741150379180908,-0.010551849,-1.0,0.10270538664515719
2023-04-25,0.5667252710679861,0.0009467215823800686,1.0,0.47499451190233233,0.7817619681358338,0.47499451190233233,0.7817619681358338,-0.0060799215,-1.0,0.10579692694830321
2023-04-26,0.5960601769090603,0.0006707231818920865,1.0,0.5236728549003601,0.7599111914634704,0.5236728549003601,0.7599111914634704,0.01588476,1.0,0.11178841968413993
2023-04-27,0.5457900078716255,0.0012430434910778456,1.0,0.5218758374452591,0.7566970467567444,0.5218758374452591,0.7566970467567444,0.010464721,1.0,0.11471459587044937
2023-04-28,0.5329675865352073,0.0010715307458984294,1.0,0.5367409780621528,0.790155005455017,0.5367409780621528,0.790155005455017,-0.002811351,-1.0,0.10602615087510829
2023-05-01,0.541455193723643,0.00045389490803720065,1.0,0.5939051389694214,0.7909488558769227,0.5939051389694214,0.7909488558769227,-0.009638554,-1.0,0.11195310650107347
2023-05-02,0.5909632449519836,0.0010983214152084845,1.0,0.44996051699854434,0.7874176979064942,0.44996051699854434,0.7874176979064942,-0.010729927,-1.0,0.11775591224827565
2023-05-03,0.5821917902427313,0.0004935125006240605,1.0,0.4727148603647947,0.7373433291912079,0.4727148603647947,0.7373433291912079,-0.00083622325,-1.0,0.11676575781419311
2023-05-04,0.5595823177491176,0.0009334726978201709,1.0,0.5299605295062065,0.7868815541267395,0.5299605295062065,0.7868815541267395,0.014646154,1.0,0.12748825723242885
2023-05-05,0.5230213781250869,0.0011867330741325084,1.0,0.5307531423866749,0.7604200959205627,0.5307531423866749,0.7604200959205627,0.0008248423,1.0,0.12700063150349747
2023-05-08,0.5388685891919394,0.00036576230838357134,1.0,0.5851779103279113,0.791894006729126,0.5851779103279113,0.791894006729126,-0.0028845689,-1.0,0.12747870222499602
2023-05-09,0.5431518170911362,0.0004738210748526903,1.0,0.5600600630044937,0.763678777217865,0.5600600630044937,0.763678777217865,0.004789109,1.0,0.12575237480780802
2023-05-10,0.5684274754901262,0.00043662701611359877,1.0,0.5215788155794143,0.7051120698451996,0.5215788155794143,0.7051120698451996,-0.0022258782,-1.0,0.11491769170198025
2023-05-11,0.573583517821279,0.00017451178995350557,1.0,0.5582034587860107,0.7482153177261353,0.5582034587860107,0.7482153177261353,-0.0040494665,-1.0,0.11578255459828427
2023-05-12,0.5407912102539845,0.00021460647398112285,1.0,0.5133275598287582,0.7661903977394104,0.5133275598287582,0.7661903977394104,0.0044554817,1.0,0.11679828511541138
2023-05-15,0.5309670109603972,0.00025060027563583416,1.0,0.5604013949632645,0.7621648788452149,0.5604013949632645,0.7621648788452149,-0.0042418074,-1.0,0.11769871634253139
2023-05-16,0.5656340125638855,0.00013824604462939373,1.0,0.5509636014699936,0.7571261525154114,0.5509636014699936,0.7571261525154114,0.010126336,1.0,0.12310173466042734
2023-05-17,0.5270556963721857,0.0004643393161765221,1.0,0.5887503027915955,0.7427325427532196,0.5887503027915955,0.7427325427532196,0.011880377,1.0,0.12908990576960527
2023-05-18,0.5417497327388651,0.0010196863771965077,1.0,0.5479526162147522,0.7557343244552612,0.5479526162147522,0.7557343244552612,-0.0030959751,-1.0,0.12991276559741624
2023-05-19,0.5511384814126976,0.00043752954583561605,1.0,0.569820660352707,0.759329903125763,0.569820660352707,0.759329903125763,0.0031533684,1.0,0.13016463084390303
2023-05-22,0.535066429647696,0.00042280037820912437,1.0,0.6032330691814423,0.7596613883972168,0.6032330691814423,0.7596613883972168,-0.012359497,-1.0,0.13242246808591263
2023-05-23,0.5725303459162769,0.0003021529319706986,1.0,0.5313034638762474,0.7283034503459931,0.5313034638762474,0.7283034503459931,-0.0044125095,-1.0,0.13139112370908124
2023-05-24,0.5586916654541394,0.00015732887646369734,1.0,0.5236883163452148,0.7619472146034241,0.5236883163452148,0.7619472146034241,0.0024703317,1.0,0.11922903925763194
2023-05-25,0.5977688675130983,0.001028152529034846,1.0,0.5032963842153549,0.7329187750816345,0.5032963842153549,0.7329187750816345,0.016138384,1.0,0.12710052178452463
2023-05-26,0.5499926788216858,0.0008219564343042573,1.0,0.592741072177887,0.7354820132255554,0.592741072177887,0.7354820132255554,-0.00066571566,-1.0,0.12657278799903315
2023-05-30,0.5795021846130973,0.001340529440624172,1.0,0.5681860759854317,0.740560132265091,0.5681860759854317,0.740560132265091,-0.0045441566,-1.0,0.12229064126121794
2023-05-31,0.5654510017162878,0.000758700658964525,1.0,0.5659925103187561,0.7563368320465088,0.5659925103187561,0.7563368320465088,0.008580101,1.0,0.11698244460025804
2023-06-01,0.541434328430483,0.0003440445255166928,1.0,0.5656017273664474,0.7343175172805786,0.5656017273664474,0.7343175172805786,0.0142891,1.0,0.12439726243894823
2023-06-02,0.48032637958267876,0.0012746164992632042,-1.0,-0.5800130650401115,-0.760092043876648,0.5800130650401115,0.760092043876648,-0.0033408874,-1.0,0.117577519492594
2023-06-05,0.5602222240208701,0.0008641447841469562,1.0,0.5634920224547386,0.774206531047821,0.5634920224547386,0.774206531047821,0.004406939,1.0,0.1178930770498343
2023-06-06,0.5112839043640863,0.00046068901695599614,1.0,0.5650564199313521,0.7729694247245789,0.5650564199313521,0.7729694247245789,-0.004340926,-1.0,0.11879075906824038
2023-06-07,0.49663863355125215,0.0008626014479069823,-1.0,-0.5545538686215877,-0.8029966831207276,0.5545538686215877,0.8029966831207276,0.005203694,1.0,0.11893580521907943
2023-06-08,0.566826405638251,0.000816720876539278,1.0,0.5924829244613647,0.7447190046310425,0.5924829244613647,0.7447190046310425,0.0027749278,1.0,0.11797167432888453
2023-06-09,0.5392905885249295,0.0004619014212098346,1.0,0.5781103603541851,0.7455326080322265,0.5781103603541851,0.7455326080322265,0.008999372,1.0,0.11801175700855183
2023-06-12,0.5563634968828952,0.0006248007872478153,1.0,0.5834374591708184,0.7751067459583283,0.5834374591708184,0.7751067459583283,0.006614427,1.0,0.11866679942770159
2023-06-13,0.5283398133009646,0.0005093145713093797,1.0,0.6115355342626572,0.7598162293434143,0.6115355342626572,0.7598162293434143,0.0010760812,1.0,0.11590191048781084
2023-06-14,0.5730845876547468,0.0013167603454502107,1.0,0.6099580079317093,0.7789036393165588,0.6099580079317093,0.7789036393165588,0.010680633,1.0,0.11636036440994516
2023-06-15,0.5408738745166171,0.0012936905192311586,1.0,0.6271842747926712,0.7660485863685608,0.6271842747926712,0.7660485863685608,-0.005340454,-1.0,0.1153250865921817
2023-06-16,0.5381850124313464,0.0007855657580161539,1.0,0.613983228802681,0.7748490929603576,0.613983228802681,0.7748490929603576,-0.0049141166,-1.0,0.11662958279857737
2023-06-20,0.5587006633315573,0.00037887646718438747,1.0,0.5731550768017769,0.778660523891449,0.5731550768017769,0.778660523891449,-0.005464231,-1.0,0.11968960586254733
2023-06-21,0.5193906669356104,0.00041849235590928356,1.0,0.5404848292469978,0.8109594702720642,0.5404848292469978,0.8109594702720642,0.003632184,1.0,0.10744549370852462
2023-06-22,0.555073222507134,0.0005377944659836548,1.0,0.5827436715364456,0.7964492201805115,0.5827436715364456,0.7964492201805115,-0.008818544,-1.0,0.11228453351718316
2023-06-23,0.568322822976558,0.0003039041379694073,1.0,0.5242252230644227,0.8002767205238343,0.5242252230644227,0.8002767205238343,-0.0011554549,-1.0,0.11297782542731677
2023-06-26,0.5202321982731373,0.0005771286802860249,1.0,0.5435593008995057,0.8145030736923218,0.5435593008995057,0.8145030736923218,0.0074497373,1.0,0.1024721118414447
2023-06-27,0.5594359554968167,0.00033915743204189193,1.0,0.5470337674021721,0.7834761381149292,0.5470337674021721,0.7834761381149292,0.0034447124,1.0,0.10222207760951553
2023-06-28,0.5552669815369761,0.00021424989948887115,1.0,0.5585182167589664,0.7911490201950073,0.5585182167589664,0.7911490201950073,0.0030438264,1.0,0.09932437429422854
2023-06-29,0.5150168396119402,0.0014708247431187075,1.0,0.5660716742277145,0.8225756525993347,0.5660716742277145,0.8225756525993347,0.010335858,1.0,0.10096904964711093
2023-06-30,0.5628951826696215,0.0007996992492234678,1.0,0.6057557612657547,0.7820934534072876,0.6057557612657547,0.7820934534072876,0.0025744676,1.0,0.09076536988130686
2023-07-03,0.5446100993717272,0.00039923210656830113,1.0,0.6155579358339309,0.7753711044788361,0.6155579358339309,0.7753711044788361,-0.0025228066,-1.0,0.09019029184462957
2023-07-05,0.5551476323805373,0.0006545902828285007,1.0,0.5837834246456624,0.8084432005882263,0.5837834246456624,0.8084432005882263,-0.007542398,-1.0,0.09557041898371814
2023-07-06,0.5584088980424969,0.0010891558212956843,1.0,0.5446381632238626,0.812481951713562,0.5446381632238626,0.812481951713562,-0.0017292771,-1.0,0.09396695644151472
2023-07-07,0.550373236416672,0.0006159287306200869,1.0,0.5322251230478287,0.7744313597679138,0.5322251230478287,0.7744313597679138,0.0021653408,1.0,0.0929565703378924
2023-07-10,0.5501464781205095,0.0011918014077498033,1.0,0.541422025859356,0.8103471040725708,0.541422025859356,0.8103471040725708,0.006209061,1.0,0.09448304819333711
2023-07-11,0.5439920317687247,0.0003078571480207821,1.0,0.5915850907564163,0.7939012885093689,0.5915850907564163,0.7939012885093689,0.009018783,1.0,0.09450367812345015
2023-07-12,0.561147990329833,0.0007184342996979203,1.0,0.5959193721413613,0.8108891725540162,0.5959193721413613,0.8108891725540162,0.006653226,1.0,0.09453196176174074
2023-07-13,0.5774071694802623,0.0014574571960572036,1.0,0.6238679349422455,0.8035220861434936,0.6238679349422455,0.8035220861434936,-0.0004005608,-1.0,0.09475238141956614
2023-07-14,0.5385990049739083,0.0018302647473861446,1.0,0.6445722669363022,0.8166489124298095,0.6445722669363022,0.8166489124298095,0.0024488524,1.0,0.08830563624842938
2023-07-17,0.5588430803188309,0.0006777852362890642,1.0,0.6401687413454056,0.8188478827476502,0.6401687413454056,0.8188478827476502,0.008327967,1.0,0.08871044256397048
2023-07-18,0.5280448280285678,0.001371788532266952,1.0,0.6330041646957397,0.8022301673889161,0.6330041646957397,0.8022301673889161,-6.607347e-05,-1.0,0.08557512350955807
2023-07-19,0.5485238295546915,0.0006720133678297044,1.0,0.6109533399343491,0.7980543851852417,0.6109533399343491,0.7980543851852417,-0.0038765667,-1.0,0.08393778052364004
2023-07-20,0.48142316943774377,0.001470907987272198,-1.0,-0.6190962001681328,-0.8342211604118347,0.6190962001681328,0.8342211604118347,-0.0006633499,-1.0,0.08418706047213598
2023-07-21,0.5427549603928402,0.00018575793810397652,1.0,0.5958866000175476,0.8258841753005981,0.5958866000175476,0.8258841753005981,0.0051554376,1.0,0.07504847481846637
2023-07-24,0.5329892151429703,0.0003401002518300368,1.0,0.6539221823215484,0.8241567492485047,0.6539221823215484,0.8241567492485047,0.0023113498,1.0,0.07384267425436146
2023-07-25,0.5552122875145215,0.0004527306570097234,1.0,0.6264563232660294,0.8214936852455139,0.6264563232660294,0.8214936852455139,0.0005929765,1.0,0.07187565110091976
2023-07-26,0.5489947167587012,0.0003874292705004663,1.0,0.6020910777151585,0.8160272598266601,0.6020910777151585,0.8160272598266601,-0.0061676907,-1.0,0.07766484462940526
2023-07-27,0.5544978987873971,0.001898084953399082,1.0,0.5888087548315525,0.819431722164154,0.5888087548315525,0.819431722164154,0.009319994,1.0,0.08207507248212169
2023-07-28,0.5684016948055766,0.000249230827385083,1.0,0.6017326291650533,0.7936113357543946,0.6017326291650533,0.7936113357543946,0.0017942714,1.0,0.07609980725716957
2023-07-31,0.5441805297149419,0.00018730182060366495,1.0,0.617227378487587,0.8286266326904297,0.617227378487587,0.8286266326904297,-0.0061376495,-1.0,0.08087555866790526
2023-08-01,0.5601346191613212,0.000657523187307815,1.0,0.6548896133899689,0.8353764414787292,0.6548896133899689,0.8353764414787292,-0.009054547,-1.0,0.08792701724145888
2023-08-02,0.5336577081343512,0.0007380063159018457,1.0,0.572023332118988,0.803864848613739,0.572023332118988,0.803864848613739,-0.0022621425,-1.0,0.08305092677527724
2023-08-03,0.5516293605964966,0.0013907321843282705,1.0,0.5861090362071991,0.802516233921051,0.5861090362071991,0.802516233921051,-0.006801814,-1.0,0.08725472651602022
2023-08-04,0.5950046802612208,0.0009973143666784882,1.0,0.528285750746727,0.82838454246521,0.528285750746727,0.82838454246521,0.008795488,1.0,0.09156868303447623
2023-08-07,0.5462129198900644,0.0008460572346331059,1.0,0.5743518263101578,0.8222261190414428,0.5743518263101578,0.8222261190414428,-0.0047476427,-1.0,0.09197283409941735
2023-08-08,0.5610458514965401,0.0004302916535164363,1.0,0.5440860629081726,0.8119205713272095,0.5440860629081726,0.8119205713272095,-0.0040123938,-1.0,0.08790469210208565
2023-08-09,0.54773920307987,0.0005984214849571154,1.0,0.5413754343986511,0.811972188949585,0.5413754343986511,0.811972188949585,-0.0007833307,-1.0,0.08440098208449984
2023-08-10,0.5600249019571539,0.0010478489954411812,1.0,0.5406124264001846,0.8277908802032471,0.5406124264001846,0.8277908802032471,-0.0014558975,-1.0,0.08449884988528246
2023-08-11,0.5323061863291445,0.0019553160700838358,1.0,0.5344020470976829,0.8057423114776612,0.5344020470976829,0.8057423114776612,0.006168547,1.0,0.08713178555093821
2023-08-14,0.5635754991551218,0.0006257492596210713,1.0,0.5500331278890371,0.7878365397453309,0.5500331278890371,0.7878365397453309,-0.011949349,-1.0,0.09053944596861664
2023-08-15,0.5799159296652353,0.0011714042606275,1.0,0.5248290657997131,0.8107189774513245,0.5248290657997131,0.8107189774513245,-0.008258123,-1.0,0.0937992519443208
2023-08-16,0.5642289825535316,0.0017415688224585069,1.0,0.557838624715805,0.8397399067878724,0.557838624715805,0.8397399067878724,-0.007917368,-1.0,0.09616589428851663
2023-08-17,0.5616077952177785,0.0017244923853090566,1.0,0.5355338275432586,0.8166248083114624,0.5355338275432586,0.8166248083114624,0.00036692197,1.0,0.09639718650543153
2023-08-18,0.5644634188990019,0.0012045922686628459,1.0,0.5498406171798706,0.8157552242279053,0.5498406171798706,0.8157552242279053,0.005616432,1.0,0.09684815210786461
2023-08-21,0.5710405709075194,0.0013101144925923955,1.0,0.5298000276088715,0.8218374967575073,0.5298000276088715,0.8218374967575073,-0.0009802358,-1.0,0.09572509324574642
2023-08-22,0.5612870386221688,0.000830004231957397,1.0,0.5474677145481109,0.8129441976547241,0.5474677145481109,0.8129441976547241,0.015630705,1.0,0.11403722270279902
2023-08-23,0.5448224309496832,0.0007479355059279097,1.0,0.49445712864398955,0.7905282139778137,0.49445712864398955,0.7905282139778137,-0.017704284,-1.0,0.12735580910417577
2023-08-24,0.5621825689655285,0.0006017278736877618,1.0,0.4898823291063309,0.806268835067749,0.4898823291063309,0.806268835067749,0.006038288,1.0,0.12407364897566618
2023-08-25,0.5387340570880943,0.0009249427966289515,1.0,0.4880190834403038,0.8002600789070129,0.4880190834403038,0.8002600789070129,0.006797772,1.0,0.12727032787181478
2023-08-28,0.5337974203142954,0.00046021750429589396,1.0,0.4846548795700073,0.7553169012069703,0.4846548795700073,0.7553169012069703,0.014926384,1.0,0.13882015100920608
2023-08-29,0.5432524313710274,0.0012265774023046607,1.0,0.4718575686216354,0.7505699634552002,0.4718575686216354,0.7505699634552002,0.0036044053,1.0,0.13580954986626587
2023-08-30,0.5323304764556107,0.00024211747385134052,1.0,0.5068398788571358,0.7627962112426758,0.5068398788571358,0.7627962112426758,-0.0008867803,-1.0,0.13558606746617133
2023-08-31,0.5475323174284471,0.000632868115301893,1.0,0.48868626803159715,0.7461256384849548,0.48868626803159715,0.7461256384849548,0.0005547296,1.0,0.1330949867125876
2023-09-01,0.5072606378606889,0.0003152438665880634,1.0,0.5390829779207706,0.7692299842834472,0.5390829779207706,0.7692299842834472,-0.003925308,-1.0,0.13019482776621202
2023-09-05,0.5425354910984249,0.0006640683936438676,1.0,0.5497639656066895,0.7612388134002686,0.5497639656066895,0.7612388134002686,-0.006723812,-1.0,0.131305478618077
2023-09-06,0.5300659911833733,0.0004318399192300917,1.0,0.527171790599823,0.7513536155223847,0.527171790599823,0.7513536155223847,-0.002465649,-1.0,0.1308307462393021
2023-09-07,0.5279842930876766,0.0007609604711039823,1.0,0.5401168555021286,0.7651870250701904,0.5401168555021286,0.7651870250701904,0.00017976316,1.0,0.1308152639643688
2023-09-08,0.5366215982981912,0.000610061412937738,1.0,0.5547079622745514,0.7788330674171448,0.5547079622745514,0.7788330674171448,0.0064927773,1.0,0.13276620752825186
2023-09-11,0.5361272350516628,0.0003738782764194505,1.0,0.5775168597698211,0.7512498259544372,0.5775168597698211,0.7512498259544372,-0.0043526785,-1.0,0.13182461847268165
2023-09-12,0.5223485023013444,0.00029165657993137766,1.0,0.5606041699647903,0.7518841624259949,0.5606041699647903,0.7518841624259949,0.002129806,1.0,0.12451975083523836
2023-09-13,0.5403480213653855,0.0003653562292853461,1.0,0.594239342212677,0.7711445689201355,0.594239342212677,0.7711445689201355,0.008210291,1.0,0.12294544659221258
2023-09-14,0.5185623144778899,0.00016247052013290697,1.0,0.5696852773427963,0.7625010728836059,0.5696852773427963,0.7625010728836059,-0.016375618,-1.0,0.13446375969442093
2023-09-15,0.5617796320049515,0.0003196043092948274,1.0,0.46971784979104997,0.7603334426879883,0.46971784979104997,0.7603334426879883,0.0013760744,1.0,0.13446272186908884
2023-09-18,0.5405536376775645,0.0003871163377701649,1.0,0.5549135565757751,0.7404842257499695,0.5549135565757751,0.7404842257499695,-0.00234287,-1.0,0.13373169093313736
2023-09-19,0.5436168818421265,0.0006373840683155786,1.0,0.48407888859510423,0.7383304119110108,0.48407888859510423,0.7383304119110108,-0.011199928,-1.0,0.14001394492142635
2023-09-20,0.5579859358707822,0.0010286538475513577,1.0,0.47301156520843507,0.7729743480682373,0.47301156520843507,0.7729743480682373,-0.015482987,-1.0,0.13747540133593475
2023-09-21,0.5518329150721601,0.0018532531787526598,1.0,0.5602006137371063,0.8068006157875061,0.5602006137371063,0.8068006157875061,-0.0010901837,-1.0,0.12353692349104797
2023-09-22,0.5721465076851378,0.0012032780165129725,1.0,0.5907742083072662,0.7733973145484925,0.5907742083072662,0.7733973145484925,0.0033670033,1.0,0.12195045735470311
2023-09-25,0.5468785660234471,0.002210241945628514,1.0,0.5915098071098328,0.7815944492816925,0.5915098071098328,0.7815944492816925,-0.012844249,-1.0,0.1254711020873587
2023-09-26,0.5748390689857266,0.0014613665001894846,1.0,0.6124255537986756,0.8167426824569702,0.6124255537986756,0.8167426824569702,0.00025788302,1.0,0.1092213521517492
2023-09-27,0.5587606407553912,0.0021115899801172878,1.0,0.5831366300582885,0.7881152033805847,0.5831366300582885,0.7881152033805847,0.004711011,1.0,0.11011880028832151
2023-09-28,0.5695489106285747,0.0012071596258256515,1.0,0.5685891151428223,0.7659504413604736,0.5685891151428223,0.7659504413604736,-0.0028926681,-1.0,0.10995415929298379
2023-09-29,0.5827085158528391,0.001018415600471113,1.0,0.5361919105052948,0.7716419100761414,0.5361919105052948,0.7716419100761414,-7.018693e-05,-1.0,0.1097369458819448
2023-10-02,0.5732828881501519,0.0009858347915523984,1.0,0.5507850587368012,0.799026608467102,0.5507850587368012,0.799026608467102,-0.013640618,-1.0,0.11644570780396529
2023-10-03,0.5593589943251299,0.0013593447182864888,1.0,0.5530275255441666,0.7918357253074646,0.5530275255441666,0.7918357253074646,0.0062148636,1.0,0.1201590623710955
2023-10-04,0.5779481054991032,0.0013523788195551453,1.0,0.5473016262054443,0.772297066450119,0.5473016262054443,0.772297066450119,-0.00054220983,-1.0,0.12035823289952556
2023-10-05,0.551504519701,0.0014118997986739827,1.0,0.5328555583953858,0.7942688226699829,0.5328555583953858,0.7942688226699829,0.014600434,1.0,0.13450339402407693
2023-10-06,0.5235380449875321,0.0010009240050870365,1.0,0.48565652370452883,0.7375712633132935,0.48565652370452883,0.7375712633132935,0.0049052658,1.0,0.13333799223513196
2023-10-09,0.5291641286373254,0.0007281687251221855,1.0,0.4630251288414001,0.7150312602519989,0.4630251288414001,0.7150312602519989,0.0055290796,1.0,0.13538085129064023
2023-10-10,0.5530555211490213,0.003277089370229455,1.0,0.4139589250087738,0.6569515258073807,0.4139589250087738,0.6569515258073807,0.0062118946,1.0,0.137495027491257
2023-10-11,0.53376506170632,0.0014574977388029833,1.0,0.41878909096121786,0.6979022264480591,0.41878909096121786,0.6979022264480591,-0.007728364,-1.0,0.1348648817417933
2023-10-12,0.5443363999151143,0.0009753858990247808,1.0,0.40500447154045105,0.7456624627113342,0.40500447154045105,0.7456624627113342,-0.008111159,-1.0,0.1259569100018684
2023-10-13,0.5384354605441782,0.0012641761740931467,1.0,0.3743940845131874,0.6901426494121552,0.3743940845131874,0.6901426494121552,0.012963178,1.0,0.13572751079826997
2023-10-16,0.4854525833952711,0.000405994109544727,-1.0,-0.40094943046569825,-0.7079838871955871,0.40094943046569825,0.7079838871955871,-0.0022246176,-1.0,0.13571101478226547
2023-10-17,0.504157550929131,0.0004885732819713036,1.0,0.43312594294548035,0.7093299627304077,0.43312594294548035,0.7093299627304077,-0.010711166,-1.0,0.1352270140749639
2023-10-18,0.5373161090423424,0.0009351826801473914,1.0,0.3308155371807516,0.7128714323043823,0.3308155371807516,0.7128714323043823,-0.010803903,-1.0,0.1293961272154015
2023-10-19,0.5543047351455515,0.0010292010284491378,1.0,0.332858681678772,0.6839250385761261,0.332858681678772,0.6839250385761261,-0.012096301,-1.0,0.13569908761127483
2023-10-20,0.5661337904537924,0.0022849262091295367,1.0,0.35477771162986754,0.6993452697992325,0.35477771162986754,0.6993452697992325,0.0028768426,1.0,0.13549391392329233
2023-10-23,0.5515096915196024,0.001599989897401241,1.0,0.39225888550281524,0.7003971874713898,0.39225888550281524,0.7003971874713898,0.003390152,1.0,0.1290422821923283
2023-10-24,0.5519227407515268,0.0004145115522013102,1.0,0.38380133286118506,0.673647090792656,0.38380133286118506,0.673647090792656,-0.017767698,-1.0,0.14300846914639806
2023-10-25,0.5397550865100855,0.0014202845338478467,1.0,0.4156049847602844,0.7472850203514099,0.4156049847602844,0.7472850203514099,-0.002140864,-1.0,0.14127219838877622
2023-10-26,0.5135023433220588,0.001098727596882109,1.0,0.44845513701438905,0.7602230310440063,0.44845513701438905,0.7602230310440063,-0.0107996045,-1.0,0.14497002863280528
2023-10-27,0.6123525264387957,0.0011454403901895497,1.0,0.5013357251882553,0.735740727186203,0.5013357251882553,0.735740727186203,0.01177044,1.0,0.15293169199515333
2023-10-30,0.5240500280849012,0.000761778151174514,1.0,0.447608882188797,0.7109895765781402,0.447608882188797,0.7109895765781402,0.005058047,1.0,0.1473931033393697
2023-10-31,0.5387740993614238,0.0009105400287518068,1.0,0.4253686487674713,0.7253763556480408,0.4253686487674713,0.7253763556480408,0.015217599,1.0,0.15602058772610333
2023-11-01,0.537328733711419,0.0010031671497055224,1.0,0.4302139408886433,0.6924275100231171,0.4302139408886433,0.6924275100231171,0.014824257,1.0,0.164635475355852
2023-11-02,0.531456581118331,0.0012431335410879774,1.0,0.4137643877416849,0.6340771496295929,0.4137643877416849,0.6340771496295929,0.012514248,1.0,0.1624595614235321
2023-11-03,0.5156270352056941,0.0024377560569580985,1.0,0.3702356033027172,0.66898512840271,0.3702356033027172,0.66898512840271,-0.0012405523,-1.0,0.1617847526107028
2023-11-06,0.5257095981007869,0.0018754339580296223,1.0,0.4436997801065445,0.7299799680709839,0.4436997801065445,0.7299799680709839,0.004508338,1.0,0.16139033232816713
2023-11-07,0.5376155541367612,0.0033713771637187166,1.0,0.3956615447998047,0.6995029151439667,0.3956615447998047,0.6995029151439667,-0.00018318793,-1.0,0.1598649664336256
2023-11-08,0.5219011925389967,0.0024027433615563584,1.0,0.44385953694581987,0.6594959020614624,0.44385953694581987,0.6594959020614624,-0.006847903,-1.0,0.15933259367561745
2023-11-09,0.5135928674871567,0.0008010170803571671,1.0,0.4276022784411907,0.7395858764648438,0.4276022784411907,0.7395858764648438,0.015127756,1.0,0.16487983020715513
2023-11-10,0.512777148987116,0.0007802350326449904,1.0,0.4851116627454758,0.663574731349945,0.4851116627454758,0.663574731349945,0.000431622,1.0,0.158884872609413
2023-11-13,0.5063459383618591,0.0010783674944892531,1.0,0.4665980521589518,0.708858072757721,0.4665980521589518,0.708858072757721,0.020163946,1.0,0.17296006249996143
2023-11-14,0.49935944698693924,0.0034817023989938273,-1.0,-0.4427040062844753,-0.6258912220597267,0.4427040062844753,0.6258912220597267,0.0006454916,1.0,0.16676944382229417
2023-11-15,0.5028843371760991,0.0007815412204726449,1.0,0.4878316462039948,0.7141296148300171,0.4878316462039948,0.7141296148300171,0.0021799093,1.0,0.15951885958681708
2023-11-16,0.5305539282238951,0.0035230767350548434,1.0,0.49321278780698774,0.6624801874160766,0.49321278780698774,0.6624801874160766,-0.00039952056,-1.0,0.150076289071273
2023-11-17,0.5190403274015265,0.001100498997675793,1.0,0.5125309616327286,0.6432713508605957,0.5125309616327286,0.6432713508605957,0.009037214,1.0,0.15134303189280218
2023-11-20,0.5185360645531363,0.002029703177515412,1.0,0.5361279785633087,0.7022815227508545,0.5361279785633087,0.7022815227508545,-0.0031908106,-1.0,0.1533541652003543
2023-11-21,0.5238669364202921,0.0015676968466006272,1.0,0.5773722738027572,0.6834935545921326,0.5773722738027572,0.6834935545921326,0.0040840656,1.0,0.13129306827309306
2023-11-22,0.5200363678797026,0.0010255808597037386,1.0,0.5637751579284668,0.7019989132881165,0.5637751579284668,0.7019989132881165,0.0010773255,1.0,0.12960790866830832
2023-11-24,0.5156938205965308,0.0014238653759669794,1.0,0.5951565980911255,0.727548211812973,0.5951565980911255,0.727548211812973,-0.0013836423,-1.0,0.11850843085608488
2023-11-27,0.5546152231291092,0.0011789964963163555,1.0,0.6266706168651581,0.6809252619743347,0.6266706168651581,0.6809252619743347,0.0013195804,1.0,0.11657855411561477
2023-11-28,0.5516651882895681,0.0011755072961201639,1.0,0.6331559181213379,0.6798519313335418,0.6331559181213379,0.6798519313335418,-0.0007907048,-1.0,0.1181432854730762
2023-11-29,0.5486334904783983,0.0005907270002186434,1.0,0.6422921419143677,0.7107425272464752,0.6422921419143677,0.7107425272464752,0.0027476754,1.0,0.11101305383824388
2023-11-30,0.5102638216031534,0.000982016359969834,1.0,0.6158542096614837,0.7545695185661316,0.6158542096614837,0.7545695185661316,0.007979306,1.0,0.1044034447573997
2023-12-01,0.5220077068018584,0.0009618443554776649,1.0,0.6292065292596817,0.7158157706260682,0.6292065292596817,0.7158157706260682,-0.008699056,-1.0,0.10693578382447985
2023-12-04,0.5393563212935151,0.0005900988415750136,1.0,0.6441202700138092,0.7239186286926269,0.6441202700138092,0.7239186286926269,0.00361985,1.0,0.10617337513350776
2023-12-05,0.5554167076744192,0.0010769313631425821,1.0,0.6522192060947418,0.7724287629127502,0.6522192060947418,0.7724287629127502,-0.0064703696,-1.0,0.11057754785116035
2023-12-06,0.5615933805562143,0.0001961787472132462,1.0,0.6422953069210052,0.7934104323387146,0.6422953069210052,0.7934104323387146,0.0077886074,1.0,0.11207904992856654
2023-12-07,0.5506066450192473,0.0006213746996890955,1.0,0.6506792366504669,0.7682444036006928,0.6506792366504669,0.7682444036006928,0.005567078,1.0,0.10701073945250689
2023-12-08,0.5197120366518734,0.0016849732609556557,1.0,0.6333530753850937,0.7870907068252564,0.6333530753850937,0.7870907068252564,0.003690838,1.0,0.0971224913484692
2023-12-11,0.560926062658099,0.00027681172842684924,1.0,0.6313549146056175,0.7704551935195922,0.6313549146056175,0.7704551935195922,0.005234696,1.0,0.09728185367075236
2023-12-12,0.5565436337775054,0.00036270612852176107,1.0,0.6843595534563065,0.7760750770568847,0.6843595534563065,0.7760750770568847,0.015729902,1.0,0.0875133147451037
2023-12-13,0.5337364437339602,0.0016254461354461285,1.0,0.6539323266595602,0.6994609773159027,0.6539323266595602,0.6994609773159027,-0.0007626634,-1.0,0.08804772688076493
2023-12-14,0.5528192673933356,0.0019569823304187986,1.0,0.6643185526132583,0.7288893401622772,0.6643185526132583,0.7288893401622772,-0.0033285983,-1.0,0.09038538013365416
2023-12-15,0.5721137046344873,0.0033039307499522163,1.0,0.6408853322267533,0.7957606792449952,0.6408853322267533,0.7957606792449952,0.0035949799,1.0,0.09000671054947698
2023-12-18,0.541118681251118,0.001601017479263618,1.0,0.6742632359266281,0.7833339393138885,0.6742632359266281,0.7833339393138885,0.006104411,1.0,0.08768546785415579
2023-12-19,0.5263361349932799,0.0011547526914579037,1.0,0.7218420594930649,0.7779748916625977,0.7218420594930649,0.7779748916625977,-0.012513957,-1.0,0.10057861989832301
2023-12-20,0.562960127282534,0.0006503548609524549,1.0,0.6240797005593777,0.8018868803977967,0.6240797005593777,0.8018868803977967,0.007786999,1.0,0.10256757454661863
2023-12-21,0.5373677040202929,0.00015521387057080782,1.0,0.6578787237405777,0.7868887066841126,0.6578787237405777,0.7868887066841126,0.0016935518,1.0,0.10252417046784694
2023-12-22,0.5387734264260787,0.0001653843452838814,1.0,0.6870466619729996,0.7851271986961365,0.6870466619729996,0.7851271986961365,0.005093199,1.0,0.1023123298926324
2023-12-26,0.5391061338166871,0.0001937927554567826,1.0,0.7153394103050232,0.8012826800346374,0.7153394103050232,0.8012826800346374,0.0027544734,1.0,0.10226244601215113
2023-12-27,0.5499868944201127,0.00045968561764579523,1.0,0.7146003544330597,0.7871126055717468,0.7146003544330597,0.7871126055717468,0.00031453135,1.0,0.10188809648293323
2023-12-28,0.5386423344779387,0.0008013724659780159,1.0,0.6759295091032982,0.83343425989151,0.6759295091032982,0.83343425989151,-0.0041505084,-1.0,0.1044818338272741
2023-12-29,0.5567553310147435,0.0006933888166285395,1.0,0.6540358826518059,0.8074082970619202,0.6540358826518059,0.8074082970619202,-0.005409729,-1.0,0.10521325909304464
2024-01-02,0.5130144886027554,0.0014517515308196758,1.0,0.6426798235625029,0.810360062122345,0.6426798235625029,0.810360062122345,-0.006666667,-1.0,0.10285131257070336
2024-01-03,0.5665568720125019,0.00045572182247240526,1.0,0.6598889350891113,0.8045119643211365,0.6598889350891113,0.8045119643211365,-0.0033024396,-1.0,0.10387436429033338
2024-01-04,0.5465781375254317,0.0016083211121922052,1.0,0.6454817831516266,0.8407293915748596,0.6454817831516266,0.8407293915748596,0.0013894826,1.0,0.09991049809775966
2024-01-05,0.5515867902865594,0.0013928712666932833,1.0,0.6895663917064667,0.8063482284545899,0.6895663917064667,0.8063482284545899,0.012295869,1.0,0.10481564056118758
2024-01-08,0.5672407063736685,0.0005333436773252536,1.0,0.6545071020722389,0.7777703642845154,0.6545071020722389,0.7777703642845154,-0.0008856836,-1.0,0.1042045366267661
2024-01-09,0.5676089712071793,0.000545751154521932,1.0,0.6655234128236771,0.8124367117881774,0.6655234128236771,0.8124367117881774,0.006944005,1.0,0.10576748046077224
2024-01-10,0.5463161474571193,0.0004519031416670363,1.0,0.6628784261643886,0.8155624151229859,0.6628784261643886,0.8155624151229859,-0.0033956568,-1.0,0.10626469847018138
2024-01-11,0.5839001156504324,0.00027591499509770827,1.0,0.6752781480550766,0.7928689002990723,0.6752781480550766,0.7928689002990723,0.000399613,1.0,0.09126997835573925
2024-01-12,0.5565461584703806,0.0001696724542927224,1.0,0.6726579993963242,0.8173907399177551,0.6726579993963242,0.8173907399177551,-0.0018921476,-1.0,0.09154807879762521
2024-01-16,0.5475662414323337,0.0011348509555614572,1.0,0.631972375139594,0.8366529107093811,0.631972375139594,0.8366529107093811,-0.005118483,-1.0,0.09271278145319654
2024-01-17,0.5557193704926293,0.0006070247832417302,1.0,0.6560458242893219,0.8133660793304444,0.6560458242893219,0.8133660793304444,0.009358062,1.0,0.09759728201694884
2024-01-18,0.5486260629317048,0.0004000455590294712,1.0,0.6530140623450279,0.7899204969406128,0.6530140623450279,0.7899204969406128,0.012396694,1.0,0.10465595989353159
2024-01-19,0.5529790761041893,0.0011174050736997261,1.0,0.6805688679218292,0.7826090931892395,0.6805688679218292,0.7826090931892395,0.0018439863,1.0,0.09197167238642022
2024-01-22,0.5507420077611771,0.00048695940237047973,1.0,0.6947661146521569,0.7922280907630921,0.6947661146521569,0.7922280907630921,0.0050254376,1.0,0.0899979921133769
2024-01-23,0.5351099577841172,0.0003873127211819541,1.0,0.7322429597377778,0.82086021900177,0.7322429597377778,0.82086021900177,-0.0010288701,-1.0,0.09041188067759265
2024-01-24,0.569229801659849,0.0005473921139718338,1.0,0.6783011838793754,0.8079346418380737,0.6783011838793754,0.8079346418380737,0.0030279935,1.0,0.08955530430295636
2024-01-25,0.542539487640327,0.0003095274325845382,1.0,0.6950877562165261,0.8011775016784668,0.6950877562165261,0.8011775016784668,-0.00039019182,-1.0,0.08952467330551377
2024-01-26,0.52611262934563,0.00035506897233825017,1.0,0.7059035152196884,0.821303915977478,0.7059035152196884,0.821303915977478,0.00932717,1.0,0.09415535417210909
2024-01-29,0.5410640887372019,0.000493000506893266,1.0,0.6991838827729225,0.7801110029220581,0.6991838827729225,0.7801110029220581,-0.004233752,-1.0,0.09422191644276443
2024-01-30,0.5511490383788595,0.000607393579143165,1.0,0.7385098844766617,0.805177652835846,0.7385098844766617,0.805177652835846,-0.010629382,-1.0,0.10087407617925911
2024-01-31,0.5606713027609621,0.001665056122751896,1.0,0.6637592226266861,0.8122244715690613,0.6637592226266861,0.8122244715690613,0.015970744,1.0,0.10906275533763425
2024-02-01,0.5266451759171222,0.0016958060414366256,1.0,0.7130856990814209,0.7827714085578918,0.7130856990814209,0.7827714085578918,0.003985846,1.0,0.1070990248745915
2024-02-02,0.5640172436375647,0.002989452537162641,1.0,0.685244458168745,0.7706487476825714,0.685244458168745,0.7706487476825714,-0.0022888393,-1.0,0.10849173368697496
2024-02-05,0.5475451773230484,0.0009403637664796795,1.0,0.7183513671159745,0.8125428676605224,0.7183513671159745,0.8125428676605224,0.0025377104,1.0,0.1021950509281299
2024-02-06,0.5453501689514232,0.0006098564250219653,1.0,0.7253966689109802,0.8137669920921325,0.7253966689109802,0.8137669920921325,0.007978615,1.0,0.10365390905774476
2024-02-07,0.5522977175419925,0.0004624140286264254,1.0,0.7193865612149238,0.7684545338153839,0.7193865612149238,0.7684545338153839,0.0006830601,1.0,0.10246208822191381
2024-02-08,0.5453034613908809,0.0006839155186978171,1.0,0.735879647731781,0.7929255366325378,0.735879647731781,0.7929255366325378,0.005822124,1.0,0.10102605212033397
2024-02-09,0.5508022457180012,0.00020371757487287813,1.0,0.7288019627332687,0.7780402541160584,0.7288019627332687,0.7780402541160584,-0.0015968063,-1.0,0.10185805501951638
2024-02-12,0.5478623516799714,0.00037931113001474573,1.0,0.7134172722697258,0.7600746214389801,0.7134172722697258,0.7600746214389801,-0.011855258,-1.0,0.11312318402870447
2024-02-13,0.5578824147852199,0.0020248012974379385,1.0,0.6852066539227962,0.8026962518692017,0.6852066539227962,0.8026962518692017,0.008861554,1.0,0.11226967030362472
2024-02-14,0.5522658032510787,0.0005716318424621783,1.0,0.6948003135621548,0.756862223148346,0.6948003135621548,0.756862223148346,0.0059360275,1.0,0.11023276495805452
2024-02-15,0.5342230411103098,0.000410709988871549,1.0,0.7665476739406586,0.7807183742523194,0.7665476739406586,0.7807183742523194,-0.006499073,-1.0,0.10827720797791841
2024-02-16,0.5537257910169234,0.00034626949168802804,1.0,0.7228505730628967,0.8261228799819946,0.7228505730628967,0.8261228799819946,-0.004595164,-1.0,0.11049340176842343
2024-02-20,0.5659285686258189,0.00031255377167836577,1.0,0.6984526112675666,0.8078432202339172,0.6984526112675666,0.8078432202339172,0.009756885,1.0,0.11383404654795286
2024-02-21,0.5029181726594757,0.0006452373652024545,1.0,0.7082919001579284,0.8121017575263977,0.7082919001579284,0.8121017575263977,0.012856858,1.0,0.12017476580070226
2024-02-22,0.5854505043922211,0.0008800330684389047,1.0,0.7159247189760208,0.7751449584960938,0.7159247189760208,0.7751449584960938,-0.0006504514,-1.0,0.12056066318909443
2024-02-23,0.5566455838979524,0.0003540519589306615,1.0,0.7277060836553574,0.783343231678009,0.7277060836553574,0.783343231678009,-0.0024851582,-1.0,0.12134956580018402
2024-02-26,0.5561991569849924,0.00015053798840864683,1.0,0.7239835113286972,0.7729482412338257,0.7239835113286972,0.7729482412338257,0.0018783985,1.0,0.1181778974954055
2024-02-27,0.5479433232158836,0.00016399053274637605,1.0,0.7330665916204453,0.7779182732105255,0.7330665916204453,0.7779182732105255,-0.0018354056,-1.0,0.11691515271254331
2024-02-28,0.5541244459963609,0.00032800076273355124,1.0,0.7439898669719696,0.8051717638969421,0.7439898669719696,0.8051717638969421,0.005555885,1.0,0.108074252018939
2024-02-29,0.5549086662091702,0.00044670881500984215,1.0,0.700577012449503,0.8044086933135987,0.700577012449503,0.8044086933135987,0.0067442684,1.0,0.09724186524577354
2024-03-01,0.5737882244331096,0.0006163486335058973,1.0,0.7139582768082618,0.8205074787139892,0.7139582768082618,0.8205074787139892,-0.00082029647,-1.0,0.09746228237698477
2024-03-04,0.5357873229425054,0.00045903108039846023,1.0,0.7432577699422837,0.8186607241630555,0.7432577699422837,0.8186607241630555,-0.009030669,-1.0,0.10393599762578472
2024-03-05,0.5500639837497248,0.0005116956033761633,1.0,0.6901522323489189,0.8378466963768005,0.6901522323489189,0.8378466963768005,0.0038661065,1.0,0.10422488113858575
2024-03-06,0.5550441552250209,0.00029397637531194417,1.0,0.7152455404400826,0.812390947341919,0.7152455404400826,0.812390947341919,0.011750142,1.0,0.10810802874024576
2024-03-07,0.5425845806592497,0.0006136978639908501,1.0,0.7099462687969208,0.7922013163566589,0.7099462687969208,0.7922013163566589,-0.0063506244,-1.0,0.11181967855868924
2024-03-08,0.5342584746861448,0.0002800062387945194,1.0,0.6962863013148308,0.8337563157081604,0.6962863013148308,0.8337563157081604,0.0020522242,1.0,0.11062115950111825
2024-03-11,0.529343211391373,0.0005316214702222917,1.0,0.7209830462932587,0.8235454201698303,0.7209830462932587,0.8235454201698303,0.008426145,1.0,0.11298389844569849
2024-03-12,0.5503226056603199,0.0007607572021281369,1.0,0.742148819565773,0.8062173843383789,0.742148819565773,0.8062173843383789,-0.00088973134,-1.0,0.10170495984004596
2024-03-13,0.5328348497336285,0.00032384844742318244,1.0,0.7514355063438416,0.8476208448410034,0.7514355063438416,0.8476208448410034,-0.0044526183,-1.0,0.10116366560360873
2024-03-14,0.5595943688627056,0.0014995789947137596,1.0,0.6797569245100021,0.7910436987876892,0.6797569245100021,0.7910436987876892,-0.00869227,-1.0,0.10598367881923813
2024-03-15,0.5578361560900376,0.0006444893285936447,1.0,0.6545377917587757,0.809509813785553,0.6545377917587757,0.809509813785553,0.005276786,1.0,0.10339553450825732
2024-03-18,0.5625670924664904,0.0007092095684094494,1.0,0.6754376530647278,0.7980300068855286,0.6754376530647278,0.7980300068855286,0.0058149747,1.0,0.10195882496983039
2024-03-19,0.5481505705803412,0.00045760404474658276,1.0,0.7150826424360275,0.8118711709976196,0.7150826424360275,0.8118711709976196,0.012493937,1.0,0.10515528758657665
2024-03-20,0.5339930295586468,0.0002754690059909623,1.0,0.7158699408173561,0.7748165845870971,0.7158699408173561,0.7748165845870971,0.0018394681,1.0,0.09713998570243065
2024-03-21,0.5538479549724004,0.0002038772039071905,1.0,0.7355860590934753,0.8078351020812988,0.7355860590934753,0.8078351020812988,-0.0040164483,-1.0,0.09885916713416941
2024-03-22,0.5820866151290514,0.0008083513668235953,1.0,0.6834207396954298,0.7951502203941345,0.6834207396954298,0.7951502203941345,-0.00053768605,-1.0,0.09809422862366668
2024-03-25,0.5360821207875534,0.000243143632999072,1.0,0.7011307060718537,0.8235373139381409,0.7011307060718537,0.8235373139381409,-0.0014602187,-1.0,0.09861695497786331
2024-03-26,0.5510398773381604,0.0001313908230451374,1.0,0.7168498247861862,0.8079842090606689,0.7168498247861862,0.8079842090606689,0.005233688,1.0,0.09884080352933562
2024-03-27,0.5342453684092601,0.0002908207012133202,1.0,0.7041485086083412,0.8024466872215271,0.7041485086083412,0.8024466872215271,0.0009953487,1.0,0.09776432277928393
2024-03-28,0.5370756567704337,0.0005277400811361894,1.0,0.7035701245069503,0.7909768581390381,0.7035701245069503,0.7909768581390381,-0.0024476526,-1.0,0.09655221454119327
2024-04-01,0.5555348251749171,0.000752563623730884,1.0,0.7141284227371216,0.8269103407859802,0.7141284227371216,0.8269103407859802,-0.0056357468,-1.0,0.09920161327194252
2024-04-02,0.5566707910309348,0.000298762160585407,1.0,0.6837133184075356,0.8004438400268554,0.6837133184075356,0.8004438400268554,0.0037977367,1.0,0.09273221163199016
2024-04-03,0.549819477450775,0.0003103124542072808,1.0,0.7437969446182251,0.8253528237342834,0.7437969446182251,0.8253528237342834,-0.014057999,-1.0,0.10701640781662851
2024-04-04,0.5888751424436711,0.00044799098129733505,1.0,0.6407655239105224,0.8072134852409363,0.6407655239105224,0.8072134852409363,0.009992598,1.0,0.10471356930232593
2024-04-05,0.5476708475815004,0.00045966618091436635,1.0,0.7104958415031433,0.7872174382209778,0.7104958415031433,0.7872174382209778,0.00057858095,1.0,0.10166011895447384
2024-04-08,0.553942438512174,0.00042283427072913976,1.0,0.6831075444817543,0.7989068746566772,0.6831075444817543,0.7989068746566772,0.001426341,1.0,0.10157521208168259
2024-04-09,0.5755685305832102,0.00011361031619698706,1.0,0.6840980395674705,0.8004868268966675,0.6840980395674705,0.8004868268966675,-0.012202868,-1.0,0.10697234424372223
2024-04-10,0.567289365685326,0.0024490732604544483,1.0,0.6888151913881302,0.8326045989990234,0.6888151913881302,0.8326045989990234,0.009820541,1.0,0.11284630788970296
2024-04-11,0.5632370886982254,0.0009196237220274224,1.0,0.6570391610264779,0.7995185852050781,0.6570391610264779,0.7995185852050781,-0.01595755,-1.0,0.1257712501971937
2024-04-12,0.598636109307938,0.0011229466294044837,1.0,0.6505157351493835,0.8152868866920471,0.6505157351493835,0.8152868866920471,-0.010765128,-1.0,0.12778582929018892
2024-04-15,0.5495878150096382,0.0027779019026054567,1.0,0.6935266494750977,0.834435224533081,0.6935266494750977,0.834435224533081,0.0008325239,1.0,0.12608796215833804
2024-04-16,0.560792197258263,0.002449043093120421,1.0,0.6962842643260956,0.8186374068260193,0.6962842643260956,0.8186374068260193,-0.007625121,-1.0,0.1258846309344703
2024-04-17,0.5756523936769445,0.0011421128239166782,1.0,0.7060229659080506,0.8383674263954163,0.7060229659080506,0.8383674263954163,-0.00474993,-1.0,0.11508783636509846
2024-04-18,0.5582589771043595,0.0016741958096095123,1.0,0.7259573221206665,0.8411918759346009,0.7259573221206665,0.8411918759346009,-0.007961017,-1.0,0.11572846617938257
2024-04-19,0.5448525873416055,0.002128596974980668,1.0,0.7039649784564972,0.8717474699020386,0.7039649784564972,0.8717474699020386,0.009379232,1.0,0.1232860048460879
2024-04-22,0.5491886463021765,0.0010667544039079525,1.0,0.744769275188446,0.8268070578575134,0.744769275188446,0.8268070578575134,0.014178432,1.0,0.13610738779971288
2024-04-23,0.5386665938352053,0.0004937870514101411,1.0,0.7034100890159607,0.7788453817367553,0.7034100890159607,0.7788453817367553,-0.007858934,-1.0,0.13806872567325018
2024-04-24,0.5925556059767325,0.000994902987277738,1.0,0.6867109835147858,0.7931264281272888,0.6867109835147858,0.7931264281272888,0.00923475,1.0,0.14140513549503522
2024-04-25,0.48975211320809314,0.0009699613493755665,-1.0,-0.6446019977331161,-0.8068808317184448,0.6446019977331161,0.8068808317184448,0.0031552585,1.0,0.1421069068970308
2024-04-26,0.57928212646889,0.000820761013043202,1.0,0.6587159812450409,0.718604451417923,0.6587159812450409,0.718604451417923,0.0022410506,1.0,0.14259739663165155
2024-04-29,0.5463935667153133,0.0007360135025595027,1.0,0.7215536057949066,0.7246434152126312,0.7215536057949066,0.7246434152126312,-0.016731067,-1.0,0.1523728914010239
2024-04-30,0.5497257440677563,0.0006084378356807974,1.0,0.6583709001541138,0.7992185831069947,0.6583709001541138,0.7992185831069947,0.0019748653,1.0,0.1516419693961997
2024-05-01,0.5169773663312076,0.000997039580556338,1.0,0.6538543343544007,0.7368559539318085,0.6538543343544007,0.7368559539318085,0.008361704,1.0,0.14836344420276848
2024-05-02,0.5300258093422785,0.0004801039221267441,1.0,0.6677782714366913,0.7255936384201049,0.6677782714366913,0.7255936384201049,0.011510593,1.0,0.14989541889641128
2024-05-03,0.5406531261270806,0.000936369660656098,1.0,0.6248376816511154,0.7067765653133392,0.6248376816511154,0.7067765653133392,0.008061368,1.0,0.15296965554812617
2024-05-06,0.5170666517540418,0.0004120585559498296,1.0,0.6909212619066238,0.7452232360839843,0.6909212619066238,0.7452232360839843,0.0016845774,1.0,0.1530084473777909
2024-05-07,0.5161250410166401,0.0009675605691315496,1.0,0.6980745315551757,0.7153239607810974,0.6980745315551757,0.7153239607810974,-0.00063790305,-1.0,0.14630679169122815
2024-05-08,0.5218896262351798,0.000666739585815163,1.0,0.7426887631416321,0.788028085231781,0.7426887631416321,0.788028085231781,0.006905356,1.0,0.14416950746382604
2024-05-09,0.4977338066400403,0.000884697146050643,-1.0,-0.6821723937988281,-0.7326507031917572,0.6821723937988281,0.7326507031917572,-0.001191025,-1.0,0.13106942537975377
2024-05-10,0.529356233876038,0.00045315492349763643,1.0,0.7103369414806366,0.7420151710510254,0.7103369414806366,0.7420151710510254,0.0016348041,1.0,0.123477596788122
2024-05-13,0.5320469691357808,0.0009723399582152273,1.0,0.7009533643722534,0.7403298377990722,0.7009533643722534,0.7403298377990722,0.005434052,1.0,0.12416679285485102
2024-05-14,0.5273781065772367,0.00069799902615755,1.0,0.6972825258970261,0.7190631330013275,0.6972825258970261,0.7190631330013275,0.012528169,1.0,0.12437680545080058
2024-05-15,0.5268523713085511,0.0016570017192235303,1.0,0.699036705493927,0.7094473659992218,0.699036705493927,0.7094473659992218,-0.0027726432,-1.0,0.12296271549104669
2024-05-16,0.5319176161842689,0.0008984518100955019,1.0,0.7020562499761581,0.7502015113830567,0.7020562499761581,0.7502015113830567,0.0016833425,1.0,0.11618416353995237
2024-05-17,0.5139142884395268,0.0007439467505912069,1.0,0.6897278562188148,0.7640174150466919,0.6897278562188148,0.7640174150466919,0.00056646526,1.0,0.11440559699741065
2024-05-20,0.5445011092702222,0.0008379118809992942,1.0,0.7348634243011475,0.7565837264060974,0.7348634243011475,0.7565837264060974,0.0028307228,1.0,0.10651639793961894
2024-05-21,0.5258859856174107,0.000885919025994361,1.0,0.7429713010787964,0.754384183883667,0.7429713010787964,0.754384183883667,-0.00075272867,-1.0,0.10021174939624193
2024-05-22,0.5354706224790255,0.0006060278549543793,1.0,0.7099714368581772,0.7958260297775268,0.7099714368581772,0.7958260297775268,-0.009227872,-1.0,0.10573142085256439
2024-05-23,0.5625832646243178,0.0005467862772127758,1.0,0.7192691743373871,0.765804934501648,0.7192691743373871,0.765804934501648,0.006234556,1.0,0.10679028977640406
2024-05-24,0.5334711074280671,0.00033643123808522796,1.0,0.7360466122627258,0.7619808554649353,0.7360466122627258,0.7619808554649353,-0.00020779025,-1.0,0.10707551849719833
2024-05-28,0.5435878846391184,0.000719094070169024,1.0,0.7486058235168457,0.7929930686950684,0.7486058235168457,0.7929930686950684,-0.009730384,-1.0,0.09286484974096026
2024-05-29,0.5671436313809609,0.0013298437867095337,1.0,0.7124334275722504,0.7907536506652832,0.7124334275722504,0.7907536506652832,-0.004388308,-1.0,0.09581006216708127
2024-05-30,0.5496753605571552,0.0015746076095464047,1.0,0.6945118367671966,0.7549944877624511,0.6945118367671966,0.7549944877624511,0.012264766,1.0,0.10018878069679676
2024-05-31,0.4995547313938661,0.0007661764532485504,-1.0,-0.6665564090013504,-0.7764421582221985,0.6665564090013504,0.7764421582221985,-0.0013062739,-1.0,0.0944218097379013
2024-06-03,0.5923255077573332,0.0006417330654641348,1.0,0.688950726389885,0.773431122303009,0.688950726389885,0.773431122303009,0.002900309,1.0,0.0913792881955146
2024-06-04,0.5587390331367198,0.0007012282870493612,1.0,0.7327541053295136,0.7851422548294067,0.7327541053295136,0.7851422548294067,0.011189657,1.0,0.09800519829153673
2024-06-05,0.5616363222204653,0.0012642861914425698,1.0,0.7152098089456558,0.7916624069213867,0.7152098089456558,0.7916624069213867,-0.0009159221,-1.0,0.09809800541057535
2024-06-06,0.5562153740652702,0.0009145651519994831,1.0,0.7600197732448578,0.8146251916885376,0.7600197732448578,0.8146251916885376,-0.0021328742,-1.0,0.09695707136072136
2024-06-07,0.5355995895419833,0.001354990041796689,1.0,0.7237203508615494,0.8064674854278564,0.7237203508615494,0.8064674854278564,0.0033748946,1.0,0.09679812988227848
2024-06-10,0.5429102692663437,0.0001242348759308203,1.0,0.7363528311252594,0.8047502994537353,0.7363528311252594,0.8047502994537353,0.0035130337,1.0,0.09707223826132648
2024-06-11,0.5677754654975613,0.0005662231008181736,1.0,0.7340162634849549,0.7853037118911743,0.7340162634849549,0.7853037118911743,0.009682885,1.0,0.1004378295021638
2024-06-12,0.5546418309679095,0.0009343910154246616,1.0,0.694160470366478,0.7831870675086975,0.694160470366478,0.7831870675086975,0.00049794366,1.0,0.09207136172316634
2024-06-13,0.5670361802710006,0.0011166431240339256,1.0,0.7252962976694107,0.7907139182090759,0.7252962976694107,0.7907139182090759,0.0006451613,1.0,0.09092475090351597
2024-06-14,0.5622785285581632,0.0020530979895934183,1.0,0.7191545397043229,0.8044574499130249,0.7191545397043229,0.8044574499130249,0.008639587,1.0,0.09455735955444458
2024-06-17,0.5285642044546689,0.0019648788188143347,1.0,0.7286719620227814,0.8056960105895996,0.7286719620227814,0.8056960105895996,0.0023012017,1.0,0.09448593487142222
2024-06-18,0.5382290608383508,0.0013342744771003819,1.0,0.7614238083362579,0.8186540484428406,0.7614238083362579,0.8186540484428406,-0.0029701167,-1.0,0.09585643773154368
2024-06-20,0.5274125276163668,0.0008818082662980337,1.0,0.6987231492996215,0.8138350009918213,0.6987231492996215,0.8138350009918213,-0.0051355152,-1.0,0.09843846367467746
2024-06-21,0.5572514984214058,0.00012944160720456367,1.0,0.6807295769453049,0.8007216095924378,0.6807295769453049,0.8007216095924378,-0.002351385,-1.0,0.0915019202506128
2024-06-24,0.5269013683101419,0.00021063121421637603,1.0,0.7447762370109559,0.7919981598854064,0.7447762370109559,0.7919981598854064,0.0029645725,1.0,0.09003212533902977
2024-06-25,0.5732814100605982,0.000400931280675284,1.0,0.7304857462644577,0.7949328899383545,0.7304857462644577,0.7949328899383545,-0.0013034937,-1.0,0.09038171949678049
2024-06-26,0.5551762525982286,0.0003697845690773899,1.0,0.7637350142002106,0.810399055480957,0.7637350142002106,0.810399055480957,0.005698739,1.0,0.08135287972513339
2024-06-27,0.541968321048033,0.00019968537349976883,1.0,0.7522593021392823,0.8109782338142395,0.7522593021392823,0.8109782338142395,-0.0036192148,-1.0,0.08057407971770066
2024-06-28,0.5550207100160442,0.00021268919390798053,1.0,0.6962857648730278,0.8077093243598938,0.6962857648730278,0.8077093243598938,-0.00036690515,-1.0,0.07161822072486197
2024-07-01,0.5649507207532015,0.0011304071577243919,1.0,0.7042530119419098,0.81702960729599,0.7042530119419098,0.81702960729599,0.006147917,1.0,0.0725360775959622
2024-07-02,0.5705701790540073,0.000416952482923859,1.0,0.7150884598493576,0.7867529034614563,0.7150884598493576,0.7867529034614563,0.005271318,1.0,0.07343594390331179
2024-07-03,0.5717575021036664,0.00039890154294858215,1.0,0.760231614112854,0.8018821239471435,0.760231614112854,0.8018821239471435,0.005406975,1.0,0.06643207893774458
2024-07-05,0.5746128366705863,0.0007686917163947099,1.0,0.7162877589464187,0.8065411686897278,0.7162877589464187,0.8065411686897278,0.004114632,1.0,0.0661362933389319
2024-07-08,0.5390362295450498,0.00042906868205831196,1.0,0.7676877796649932,0.8210071325302124,0.7676877796649932,0.8210071325302124,-0.00066498923,-1.0,0.06511140960984088
2024-07-09,0.5530712248954299,0.0009196488187552868,1.0,0.7637169778347015,0.8053273677825927,0.7637169778347015,0.8053273677825927,0.009010306,1.0,0.06950802986005014
2024-07-10,0.5412020440708754,0.0009546690387945008,1.0,0.764627867937088,0.8255015134811401,0.764627867937088,0.8255015134811401,-0.008216883,-1.0,0.07880762264152283
2024-07-11,0.5242850106849939,0.0015292335625950396,1.0,0.7142656907439232,0.7528340578079223,0.7142656907439232,0.7528340578079223,0.006002552,1.0,0.07490345434374449
2024-07-12,0.539742602343525,0.0006469089921029118,1.0,0.7638186991214753,0.7819939374923706,0.7638186991214753,0.7819939374923706,0.0043767975,1.0,0.07540779755401608
2024-07-15,0.5328411762407032,0.000395233983873181,1.0,0.7499165177345276,0.7951419234275818,0.7499165177345276,0.7951419234275818,0.0038774856,1.0,0.07562520030922537
2024-07-16,0.5349234155321942,0.0008362099681016938,1.0,0.7771559536457062,0.7655649304389953,0.7771559536457062,0.7655649304389953,-0.011197732,-1.0,0.08462983505886038
2024-07-17,0.5264777258437123,0.0008643807625481323,1.0,0.7125668376684189,0.8009967565536499,0.7125668376684189,0.8009967565536499,-0.008027523,-1.0,0.09022719262096693
2024-07-18,0.5844783606106112,0.0004420344030398963,1.0,0.709935587644577,0.8113176584243774,0.709935587644577,0.8113176584243774,-0.008218931,-1.0,0.09468045051206685
2024-07-19,0.5706580281120133,0.0001894672850159483,1.0,0.6658617258071899,0.7738434195518493,0.6658617258071899,0.7738434195518493,0.009525544,1.0,0.09799086811084196
2024-07-22,0.5622507832770287,0.00020419102109353422,1.0,0.7130414009094238,0.7645820379257202,0.7130414009094238,0.7645820379257202,-0.005304178,-1.0,0.09984199007077459
2024-07-23,0.5806488383825963,0.0008923086261993848,1.0,0.7233698606491089,0.7467854619026184,0.7233698606491089,0.7467854619026184,-0.016106214,-1.0,0.11594283451654441
2024-07-24,0.53989449699388,0.0010348069230422575,1.0,0.6407109349966049,0.8363458275794983,0.6407109349966049,0.8363458275794983,-0.005825314,-1.0,0.11762299297604425
2024-07-25,0.5704450889365472,0.0012360946977731633,1.0,0.7098504960536957,0.800034248828888,0.7098504960536957,0.800034248828888,0.00921565,1.0,0.12066693227551009
2024-07-26,0.5688100112662922,0.0004003412049209471,1.0,0.7127921938896179,0.7763624429702759,0.7127921938896179,0.7763624429702759,-0.0015066052,-1.0,0.12011165424165716
2024-07-29,0.593096380754821,0.00018067215196235052,1.0,0.7161738574504852,0.7977184414863586,0.7161738574504852,0.7977184414863586,-0.0013432698,-1.0,0.12018778683028997
2024-07-30,0.5445536049552592,0.00042069838933174225,1.0,0.7151497304439545,0.8178951025009156,0.7151497304439545,0.8178951025009156,0.01978921,1.0,0.13811973875220737
2024-07-31,0.5703885989005668,0.0017749940443787342,1.0,0.6648861348628998,0.7828705549240113,0.6648861348628998,0.7828705549240113,-0.0222961,-1.0,0.1586507028671214
2024-08-01,0.6140582604076132,0.0011156978465405951,1.0,0.6246583312749863,0.8162119746208191,0.6246583312749863,0.8162119746208191,-0.018239947,-1.0,0.1681627229566851
2024-08-02,0.6063302525176077,0.00172023296031268,1.0,0.6505518287420273,0.8674466371536255,0.6505518287420273,0.8674466371536255,-0.01568,-1.0,0.17314120935677282
2024-08-05,0.5791916610759418,0.0020139982877910834,1.0,0.6718127846717834,0.8668979048728943,0.6718127846717834,0.8668979048728943,-0.0056987684,-1.0,0.17314681099016294
2024-08-06,0.607357181467586,0.0017637555360492548,1.0,0.7022578954696655,0.835994291305542,0.7022578954696655,0.835994291305542,-0.0076739625,-1.0,0.16745753867975086
2024-08-07,0.5629940989915432,0.0012231103849424494,1.0,0.7755934953689575,0.8844581484794617,0.7755934953689575,0.8844581484794617,0.030313015,1.0,0.206319469919166
2024-08-08,0.5139434423430809,0.0009244033930932606,1.0,0.743306016921997,0.7849221229553223,0.743306016921997,0.7849221229553223,0.0026336086,1.0,0.2048844131276897
2024-08-09,0.5737686134317392,0.0005004410107002286,1.0,0.6834756910800934,0.777381181716919,0.6834756910800934,0.777381181716919,0.00054410024,1.0,0.20365865376111641
2024-08-12,0.567268537713852,0.0004077912646867095,1.0,0.6627829730510711,0.7901676297187805,0.6627829730510711,0.7901676297187805,0.016239123,1.0,0.21333890591721782
2024-08-13,0.5460850742039972,0.0009250053944879121,1.0,0.6093130230903625,0.7418400883674622,0.6093130230903625,0.7418400883674622,0.0033029488,1.0,0.21119428376391094
2024-08-14,0.5248001149259156,0.0010182937661840125,1.0,0.648956972360611,0.7484721958637237,0.648956972360611,0.7484721958637237,0.018060435,1.0,0.22014986235841127
2024-08-15,0.49446351454849913,0.0013288925428359781,-1.0,-0.6599664986133575,-0.7293545365333557,0.6599664986133575,0.7293545365333557,0.0006322825,1.0,0.21795196529195146
2024-08-16,0.522418197843762,0.0011050860296211592,1.0,0.6742141842842102,0.7090536415576935,0.6742141842842102,0.7090536415576935,0.009767106,1.0,0.2180858580169797
2024-08-19,0.5071068283273902,0.0015636063830707088,1.0,0.636041696369648,0.6783180832862854,0.636041696369648,0.6783180832862854,-0.0013766963,-1.0,0.21713318837516782
2024-08-20,0.5209862303019009,0.002267135170207153,1.0,0.6501859426498413,0.7046351313591004,0.6501859426498413,0.7046351313591004,0.004708705,1.0,0.20810033828809965
2024-08-21,0.5103766611278056,0.002158671149310035,1.0,0.6558962613344193,0.6669827997684479,0.6558962613344193,0.6669827997684479,-0.007127965,-1.0,0.20878187217830224
2024-08-22,0.48997883364801487,0.0009413475214151791,-1.0,-0.6348304361104965,-0.7316159844398499,0.6348304361104965,0.7316159844398499,0.009189296,1.0,0.2087693319857024
2024-08-23,0.5025309784022104,0.0017859115337459652,1.0,0.6469057977199555,0.64305260181427,0.6469057977199555,0.64305260181427,-0.0035568834,-1.0,0.2093146877095671
2024-08-26,0.5011696885534442,0.0011106329852356748,1.0,0.6488091796636581,0.7158910036087036,0.6488091796636581,0.7158910036087036,0.0008388513,1.0,0.20904958540738716
2024-08-27,0.5247079457583208,0.0009116551768240068,1.0,0.6805444657802582,0.6986990332603454,0.6805444657802582,0.6986990332603454,-0.011234753,-1.0,0.2023800188654124
2024-08-28,0.5393690272588236,0.000516636427138419,1.0,0.6881500780582428,0.675609689950943,0.6881500780582428,0.675609689950943,0.007935649,1.0,0.18563239201190904
2024-08-29,0.4882780407206435,0.0004226043337650728,-1.0,-0.6779849708080292,-0.7121771216392517,0.6779849708080292,0.7121771216392517,0.008213148,1.0,0.17117063698496926
2024-08-30,0.5298328953611583,0.00029916232819585364,1.0,0.6663556128740311,0.6775508344173431,0.6663556128740311,0.6775508344173431,-0.022096016,-1.0,0.181652216847967
2024-09-03,0.5710825056003996,0.0007797256973126785,1.0,0.6119023561477661,0.7155840158462524,0.6119023561477661,0.7155840158462524,-0.0013067151,-1.0,0.1796227662527332
2024-09-04,0.5613569099155709,0.0005687359364433095,1.0,0.6292264081537724,0.7025625109672546,0.6292264081537724,0.7025625109672546,-0.0022352256,-1.0,0.17638453565339507
2024-09-05,0.5779530372796922,0.00039324398555063865,1.0,0.6786905288696289,0.7153465986251831,0.6786905288696289,0.7153465986251831,-0.018668609,-1.0,0.1614846831439121
2024-09-06,0.5710283113808018,0.000188168273518683,1.0,0.617464366555214,0.7849916338920593,0.617464366555214,0.7849916338920593,0.0155902,1.0,0.1698502965775073
2024-09-09,0.5256272839256688,0.00028316643061717197,1.0,0.6964447319507598,0.7145665168762207,0.6964447319507598,0.7145665168762207,0.002010234,1.0,0.1698353628343766
2024-09-10,0.5848360294692581,0.00031361216031703195,1.0,0.7005858004093171,0.7593021392822266,0.7005858004093171,0.7593021392822266,0.011015867,1.0,0.16473592321378727
2024-09-11,0.5700025252218668,0.0011317953169419342,1.0,0.6773597776889801,0.7082524418830871,0.6773597776889801,0.7082524418830871,0.008875419,1.0,0.1668608281391574
2024-09-12,0.5326833620381901,0.00020530378653418457,1.0,0.6876343846321106,0.7682542920112609,0.6876343846321106,0.7682542920112609,0.0042735045,1.0,0.1554577514206519
2024-09-13,0.5345077794542723,0.00038332720416102856,1.0,0.7002506077289581,0.72036794424057,0.7002506077289581,0.72036794424057,0.00140657,1.0,0.1554727924306229
2024-09-16,0.5196258139883425,0.00025728026290556193,1.0,0.6795604646205902,0.7300783395767212,0.6795604646205902,0.7300783395767212,0.0018135267,1.0,0.1519188075546148
2024-09-17,0.5247835274945467,0.00016632265981404205,1.0,0.6644310653209686,0.7222568035125733,0.6644310653209686,0.7222568035125733,0.0027331132,1.0,0.15197694340243278
2024-09-18,0.5061991741542683,0.0002360649375524807,1.0,0.6569661855697632,0.7725620627403259,0.6569661855697632,0.7725620627403259,0.009292035,1.0,0.154463305824887
2024-09-19,0.5492615948823368,0.0009564616309504552,1.0,0.6404804976657033,0.7431773960590362,0.6404804976657033,0.7431773960590362,-0.0036825954,-1.0,0.15257630652579196
2024-09-20,0.547847656999431,0.0005210704628772083,1.0,0.6423878028988839,0.7084284484386444,0.6423878028988839,0.7084284484386444,0.0020241134,1.0,0.14957864064421045
2024-09-23,0.5311610850648677,0.00025760570904895393,1.0,0.723362147808075,0.7597143232822419,0.723362147808075,0.7597143232822419,0.0033725628,1.0,0.14900768206760767
2024-09-24,0.53163025713855,0.0002469595441032111,1.0,0.7306082427501679,0.7377349376678467,0.7306082427501679,0.7377349376678467,-0.00049017894,-1.0,0.1491024056171217
2024-09-25,0.5346321775342328,0.00025487389636769814,1.0,0.6789917826652527,0.7221067428588868,0.6789917826652527,0.7221067428588868,0.0025571864,1.0,0.14203301787529657
2024-09-26,0.543811724068854,0.00019560757756536683,1.0,0.7212603390216827,0.7201463580131531,0.7212603390216827,0.7201463580131531,-0.0030573027,-1.0,0.14091761653231885
2024-09-27,0.5402276158870744,0.00051836382612604,1.0,0.7274622082710266,0.7210170030593872,0.7274622082710266,0.7210170030593872,0.004538684,1.0,0.13904253652922213
2024-09-30,0.520096579743168,0.0004019499458217166,1.0,0.6439182501286268,0.7433776199817658,0.6439182501286268,0.7433776199817658,-0.009559696,-1.0,0.11690356581032511
2024-10-01,0.565944529358122,0.00044121970270133697,1.0,0.6210705474950373,0.7196175694465637,0.6210705474950373,0.7196175694465637,0.003505002,1.0,0.11660496367246088
2024-10-02,0.5386674348611512,0.000262310631294322,1.0,0.7169621586799622,0.7538102149963379,0.7169621586799622,0.7538102149963379,-0.0034401054,-1.0,0.11723004622699232
2024-10-03,0.5654807272798736,0.0002994296021681887,1.0,0.6827450394630432,0.7341371297836303,0.6827450394630432,0.7341371297836303,0.007960689,1.0,0.09102747319661719
2024-10-04,0.546495363175635,0.000986228726183194,1.0,0.6987956821918487,0.7458567380905151,0.6987956821918487,0.7458567380905151,-0.008055075,-1.0,0.08635373938914785
2024-10-07,0.5736582395612106,0.0006652857714103989,1.0,0.6880097031593323,0.7368719458580018,0.6880097031593323,0.7368719458580018,0.008789854,1.0,0.08980022395639405
2024-10-08,0.5793647362775582,0.0009928872262485295,1.0,0.7079800665378571,0.6983648777008057,0.7079800665378571,0.6983648777008057,0.0075258864,1.0,0.08602801965767926
2024-10-09,0.5599114671492127,0.0007425481951980072,1.0,0.7154396116733551,0.7157151579856873,0.7154396116733551,0.7157151579856873,-0.0003986135,-1.0,0.08244899340019471
2024-10-10,0.5692794113058062,0.000543391543533504,1.0,0.7191105008125305,0.7203357338905334,0.7191105008125305,0.7203357338905334,0.0031901798,1.0,0.08206409891685605
2024-10-11,0.5568276560710188,0.0005762979979234168,1.0,0.7144554197788239,0.7270171403884887,0.7144554197788239,0.7270171403884887,0.010542507,1.0,0.08810916289035071
2024-10-14,0.5401354590713793,0.0006971951676592592,1.0,0.7150582313537598,0.7099518060684205,0.7150582313537598,0.7099518060684205,-0.00829471,-1.0,0.09533839660607721
2024-10-15,0.5695027603607474,0.0006897538013893152,1.0,0.718533393740654,0.7449134528636933,0.718533393740654,0.7449134528636933,0.0028972512,1.0,0.09536940974051311
2024-10-16,0.5463165842128497,0.000596654098862855,1.0,0.7324426829814911,0.7487424731254577,0.7324426829814911,0.7487424731254577,0.002338618,1.0,0.09088503708945274
2024-10-17,0.5447210747464359,0.0006074612209283188,1.0,0.6966636836528778,0.7410830914974212,0.6966636836528778,0.7410830914974212,0.0031223195,1.0,0.0893189138709167
2024-10-18,0.5703116721609743,0.0008312117855709229,1.0,0.7659177601337432,0.7209080457687378,0.7659177601337432,0.7209080457687378,-0.0018983445,-1.0,0.09006859720863047
2024-10-21,0.5648240721655948,0.0008072494142753563,1.0,0.7369856357574462,0.758321738243103,0.7369856357574462,0.758321738243103,-0.00092527544,-1.0,0.09002190751246154
2024-10-22,0.569366981314509,0.0002894106635942577,1.0,0.748985892534256,0.7454482078552246,0.748985892534256,0.7454482078552246,-0.0077349204,-1.0,0.0951830064401327
2024-10-23,0.5528227265599439,0.0003095496882911698,1.0,0.6564637571573257,0.7289216876029968,0.6564637571573257,0.7289216876029968,0.0013827434,1.0,0.09496688549922253
2024-10-24,0.5900456737202785,0.0005249332338975456,1.0,0.7001183688640594,0.6881702721118927,0.7001183688640594,0.6881702721118927,-0.00243372,-1.0,0.09467183747390176
2024-10-25,0.5958983672228785,0.000341015866936532,1.0,0.6616733998060227,0.7569094896316528,0.6616733998060227,0.7569094896316528,0.0048101046,1.0,0.09482438268508754
2024-10-28,0.5382315416874356,0.00039436412992396484,1.0,0.7470918953418731,0.7205676436424255,0.7470918953418731,0.7205676436424255,0.003994972,1.0,0.08734907383958292
2024-10-29,0.5864497943937204,0.0004784641495430942,1.0,0.7415984332561493,0.7340929388999939,0.7415984332561493,0.7340929388999939,-0.008832862,-1.0,0.09402451812529924
2024-10-30,0.5931028672966265,8.414589726257301e-05,1.0,0.6771286606788636,0.7359097480773926,0.6771286606788636,0.7359097480773926,-0.014708427,-1.0,0.10810224536934582
2024-10-31,0.5738921589135422,0.00038379524451582033,1.0,0.6524599552154541,0.7624496340751648,0.6524599552154541,0.7624496340751648,0.003336846,1.0,0.10487682895235986
2024-11-01,0.5758230276557437,0.0007443175753605346,1.0,0.6888213098049164,0.7325362801551819,0.6888213098049164,0.7325362801551819,-0.0030106774,-1.0,0.10124702924558975
2024-11-04,0.5921524807666348,0.0005157910214353264,1.0,0.6820158064365387,0.7400713682174682,0.6820158064365387,0.7400713682174682,0.016749183,1.0,0.11342841684618658
2024-11-05,0.5373939022072813,0.0001927544965585962,1.0,0.6667458891868592,0.7376121282577515,0.6667458891868592,0.7376121282577515,0.019564167,1.0,0.13003534659707514
2024-11-06,0.5303228567662973,0.0022927671655697387,1.0,0.6514565601944924,0.7375526785850525,0.6514565601944924,0.7375526785850525,0.008942332,1.0,0.1327264127451657
2024-11-07,0.5816324034638659,0.0018418561121087995,1.0,0.6700119696557522,0.6784102499485016,0.6700119696557522,0.6784102499485016,0.0038104511,1.0,0.13283999069048855
2024-11-08,0.5406029677692115,0.0014054105682126037,1.0,0.667342783510685,0.7087867200374603,0.667342783510685,0.7087867200374603,0.00023411372,1.0,0.1286961476711808
2024-11-11,0.5420666177081501,0.0008015074504637767,1.0,0.665387038141489,0.7522585690021515,0.665387038141489,0.7522585690021515,-0.0033604172,-1.0,0.1250240633357241
2024-11-12,0.5440494901130656,0.0009008301166227725,1.0,0.7004127621650695,0.7388401687145233,0.7004127621650695,0.7388401687145233,0.0017613608,1.0,0.12491028532252196
2024-11-13,0.5300887125692334,0.001419678396532405,1.0,0.759397029876709,0.7573152601718902,0.759397029876709,0.7573152601718902,-0.008791319,-1.0,0.12989857341593838
2024-11-14,0.5678154437220484,0.0007147540530685469,1.0,0.6913833081722259,0.7033647894859314,0.6913833081722259,0.7033647894859314,-0.009832243,-1.0,0.13487165272797402
2024-11-15,0.5237432268368565,0.0011936250951669965,1.0,0.7387190222740173,0.7448012471199036,0.7387190222740173,0.7448012471199036,0.0032928973,1.0,0.13508313698901328
2024-11-18,0.5606183732448153,0.00035766642175543263,1.0,0.7181278467178345,0.7319132089614868,0.7181278467178345,0.7319132089614868,0.0056968913,1.0,0.13625348820879118
2024-11-19,0.5540206139675641,0.0004377474132870422,1.0,0.6697541087865829,0.701681387424469,0.6697541087865829,0.701681387424469,-0.004869883,-1.0,0.13425380167875914
2024-11-20,0.5752236436421483,0.0002000089141294999,1.0,0.6770195692777634,0.6856983602046967,0.6770195692777634,0.6856983602046967,0.007578461,1.0,0.13634244487058933
2024-11-21,0.5308944474232611,0.0002772605581217564,1.0,0.6807769984006882,0.7250411152839661,0.6807769984006882,0.7250411152839661,0.0058687623,1.0,0.13659528591964717
2024-11-22,0.5373549002610206,0.0003365213078915355,1.0,0.7015900015830994,0.708873450756073,0.7015900015830994,0.708873450756073,-0.001978372,-1.0,0.13661252646698224
2024-11-25,0.5825883406825592,0.0011395276733555846,1.0,0.6875378876924515,0.7303147673606872,0.6875378876924515,0.7303147673606872,0.009793875,1.0,0.13966207513590437
2024-11-26,0.5227296597456231,0.0011549157891793814,1.0,0.6850573182106018,0.6922975540161133,0.6850573182106018,0.6922975540161133,-0.0028281484,-1.0,0.13529243625579562
2024-11-27,0.5501659707057707,0.0008343749388644881,1.0,0.732087504863739,0.722446221113205,0.732087504863739,0.722446221113205,0.006206206,1.0,0.120922326403652
2024-11-29,0.5592227857591897,0.001451830180030665,1.0,0.704352080821991,0.722313117980957,0.704352080821991,0.722313117980957,0.00082902244,1.0,0.12113190883940385
2024-12-02,0.5746928334852736,0.0011311749822065145,1.0,0.7491206228733063,0.7149311363697052,0.7491206228733063,0.7149311363697052,0.0010105695,1.0,0.11940979660049822
2024-12-03,0.5575395657992563,0.0006298604160726072,1.0,0.7177270352840424,0.7546073794364929,0.7177270352840424,0.7546073794364929,0.004385747,1.0,0.10802894380758883
2024-12-04,0.573086718192487,0.0013862601000844902,1.0,0.7121131777763366,0.758433175086975,0.7121131777763366,0.758433175086975,-0.0010875297,-1.0,0.08730705076933226
2024-12-05,0.5458995441127164,0.0005892347040560095,1.0,0.7237290382385254,0.7515777111053467,0.7237290382385254,0.7515777111053467,0.001897001,1.0,0.08261892373945892
2024-12-06,0.5663249013708448,0.000527453681302455,1.0,0.7375198602676392,0.7586891055107117,0.7375198602676392,0.7586891055107117,-0.0048570065,-1.0,0.0843913186126424
2024-12-09,0.541830000492397,0.0001596587671120822,1.0,0.7288221001625061,0.7720810651779175,0.7288221001625061,0.7720810651779175,-0.002084643,-1.0,0.08490533543995465
2024-12-10,0.5483235048133577,0.00010951815482840054,1.0,0.7031527608633041,0.7642634034156799,0.7031527608633041,0.7642634034156799,0.0059685656,1.0,0.0858319082650042
2024-12-11,0.5713503885355304,0.00026163239535218624,1.0,0.7292927384376526,0.7346600532531739,0.7292927384376526,0.7346600532531739,-0.0022743754,-1.0,0.08648647509732368
2024-12-12,0.5418360805128775,0.0001611243524482012,1.0,0.7122415482997895,0.7360052585601806,0.7122415482997895,0.7360052585601806,-0.002576894,-1.0,0.08001580548343895
2024-12-13,0.5845238448310549,0.00044370881555999076,1.0,0.6755194433033467,0.7451063394546509,0.6755194433033467,0.7451063394546509,0.0034778577,1.0,0.06933801166358976
2024-12-16,0.5914490791877306,0.00038441631713509846,1.0,0.7055177122354508,0.7244207382202148,0.7055177122354508,0.7244207382202148,-0.0030202006,-1.0,0.07098288632109037
2024-12-17,0.5756810596937545,0.0004656638652608917,1.0,0.6706672705709934,0.7075345337390899,0.6706672705709934,0.7075345337390899,-0.02704895,-1.0,0.12157097751228155
2024-12-18,0.5955261081484797,0.0018647820780330136,1.0,0.6424982652068139,0.7731616735458374,0.6424982652068139,0.7731616735458374,-0.0058528287,-1.0,0.12211199698787696
2024-12-19,0.5780551732815928,0.00228996316790477,1.0,0.7081144750118256,0.7983773231506348,0.7081144750118256,0.7983773231506348,0.013366193,1.0,0.1286371709259094
2024-12-20,0.5354198684920809,0.0012817832292776972,1.0,0.7165861129760742,0.7584023118019104,0.7165861129760742,0.7584023118019104,0.0042727827,1.0,0.127786755142505
2024-12-23,0.5617417312443375,0.0016790272481079286,1.0,0.6759046792984009,0.792180061340332,0.6759046792984009,0.792180061340332,0.010846716,1.0,0.1333031728792098
2024-12-24,0.5439271866638444,0.0010291935484309878,1.0,0.6789318740367889,0.7542315721511841,0.6789318740367889,0.7542315721511841,-0.0011478955,-1.0,0.1287901029714485
2024-12-26,0.5538334273197713,0.0008266492754247234,1.0,0.677162903547287,0.7548162460327148,0.677162903547287,0.7548162460327148,-0.008960543,-1.0,0.13235018858972
2024-12-27,0.5508204663732369,0.0009782838044462413,1.0,0.6504754304885865,0.7633658289909363,0.6504754304885865,0.7633658289909363,-0.012990941,-1.0,0.1372237168274649
2024-12-30,0.5806636457811177,0.001171641040779273,1.0,0.6636967599391937,0.8038344144821167,0.6636967599391937,0.8038344144821167,-0.0013281117,-1.0,0.13699485920289958
2024-12-31,0.5254820235066712,0.001142661592382908,1.0,0.664742910861969,0.817321503162384,0.664742910861969,0.817321503162384,-0.0011252813,-1.0,0.13670583133835326
